player_id,player_name,position,team,projected_ppg,projected_total_pts,avg_ppg_2025,games_played_2024,avg_ppg_2024,projection_basis,age,age_adjustment_applied,data_basis,reliability_tier,career_seasons,career_ppg,career_cv,career_reliability_multiplier,sophomore_leap,consensus_adp_overall,consensus_adp_positional,situation_score,ts_neutral,ts_winning_big,ts_losing_big,ts_two_minute,ts_red_zone,target_share_stability,weapons_quality_score,receiver_adjustment,snap_trajectory,snap_trajectory_multiplier,snap_trajectory_flag,schedule_strength_score,schedule_strength_multiplier,schedule_strength_multiplier_pass,schedule_strength_multiplier_rush,rz_opportunity_rate,rz_td_luck,rz_opportunity_adjusted_projection,rz_bust_signal,consensus_adp,rz_adp_signal,camp_status,edge_score,rookie_breakout_bonus,final_score,availability_multiplier,availability_note,games_played_2025,replacement_level,vor_score,final_score_raw,overall_rank,positional_rank,tier,international_games,international_weeks,international_note,intl_games_note,international_flag,international_warning,worst_location,worst_multiplier
00-0036223,Jonathan Taylor,RB,IND,20.67,351.4,19.96,14,16.98,2025*0.50+2024*0.30+2023*0.20+rel[PROVEN_ELITE*1.12],,none,2025*0.50+2024*0.30+2023*0.20+rel[PROVEN_ELITE*1.12],PROVEN_ELITE,6,17.171764705882353,0.1750011682241528,1.12,False,5.8,3.0,75.4,0.12209302325581395,0.1111111111111111,0.034482758620689655,0.1111111111111111,0.060240963855421686,86.3002999807319,48.981774097457205,-0.0016291614440684726,0.927,1.0247,,50.8064516129032,1.0022177419354839,0.9993951612903226,1.0022177419354839,0.40860215053763443,0.5881229711666975,15.411877028833302,NEUTRAL,5.8,NEUTRAL,,47.519690057933694,0.0,9.219933333333334,1.0,,17.0,9.796466666666667,9.219933333333334,19.0164,1,1,Elite,0,,,,False,,,1.0
00-0038542,Bijan Robinson,RB,ATL,20.35,346.0,19.72,17,18.31,2025*0.50+2024*0.30+2023*0.20+rel[PROVEN_SOLID*1.06],,none,2025*0.50+2024*0.30+2023*0.20+rel[PROVEN_SOLID*1.06],PROVEN_SOLID,3,17.106842737094837,0.1750423126987012,1.06,False,2.3,2.0,73.3,0.2040302267002519,0.2857142857142857,0.08823529411764706,0.08974358974358974,0.203125,69.70293993803018,74.65614168324744,0.039449826693195904,2.728,1.0727,SNAP_RISING,48.38709677419351,0.9927419354838709,1.004032258064516,0.9927419354838709,0.3602941176470588,-1.9366049264846286,9.936604926484629,TD_UNLUCKY_BUY,2.3,NEUTRAL,,53.77477061867777,0.0,8.925533333333334,1.0,,17.0,9.796466666666667,8.925533333333334,18.722,2,2,Elite,0,,,,False,,,1.0
00-0032764,Derrick Henry,RB,BAL,19.75,335.8,16.35,19,19.57,2025*0.50+2024*0.30+2023*0.20+rel[PROVEN_ELITE*1.12],,none,2025*0.50+2024*0.30+2023*0.20+rel[PROVEN_ELITE*1.12],PROVEN_ELITE,6,17.847578947368422,0.145457288607973,1.12,False,10.1,6.0,61.0,0.05776173285198556,,0.046153846153846156,0.017543859649122806,0.03571428571428571,94.08730990393603,59.32767737944676,0.014924283807114818,1.874,1.05,SNAP_RISING,48.89112903225801,1.0006048387096773,0.9971774193548386,1.0006048387096773,0.4012345679012346,-3.181210616765325,13.181210616765325,TD_UNLUCKY_BUY,10.1,NEUTRAL,,67.57358816100619,0.0,8.373533333333334,1.0,,17.0,9.796466666666667,8.373533333333334,18.17,3,3,Elite,0,,,,False,,,1.0
00-0033280,Christian McCaffrey,RB,SF,19.2,326.4,21.05,4,10.08,2025*0.50+2024*0.30+2023*0.20+rel[PROVEN_SOLID*1.06],,none,2025*0.50+2024*0.30+2023*0.20+rel[PROVEN_SOLID*1.06],PROVEN_SOLID,3,19.946666666666665,0.08181414518060488,1.06,False,7.0,4.0,81.5,0.24390243902439024,0.19230769230769232,0.2535211267605634,0.23404255319148937,0.28421052631578947,88.06696284434446,85.86365482399324,0.057381847718389195,-0.073,0.9981,,46.774193548387075,0.9983870967741935,0.9951612903225806,0.9983870967741935,0.535,-3.698300553752148,21.698300553752148,TD_UNLUCKY_BUY,7.0,NEUTRAL,,64.44039940562828,0.0,7.867533333333334,1.0,,19.0,9.796466666666667,7.867533333333334,17.664,4,4,Elite,2,"Wk1, Wk11",2 international games — Melbourne (Wk1); Mexico City (Wk11),⚠ Melbourne Wk1; Mexico City Wk11,True,MULTIPLE_INTL_GAMES,Melbourne,0.853
00-0039139,Jahmyr Gibbs,RB,DET,18.53,315.0,19.42,18,20.08,2025*0.50+2024*0.30+2023*0.20+rel[PROVEN_SOLID*1.06] [consensus_floor:20.0:RB1 consensus],,none,2025*0.50+2024*0.30+2023*0.20+rel[PROVEN_SOLID*1.06] [consensus_floor:20.0:RB1 consensus],PROVEN_SOLID,3,17.97924528301887,0.13782658066513168,1.06,False,1.5,1.0,73.9,0.18446601941747573,0.02702702702702703,0.1891891891891892,0.1927710843373494,0.16666666666666666,66.74437141048239,71.6413052933654,0.03462608846938465,-2.777,0.9259,SNAP_FALLING,54.737903225806626,1.0060483870967742,1.0034274193548387,1.0060483870967742,0.36813186813186816,0.41321367194958825,13.586786328050412,NEUTRAL,1.5,NEUTRAL,,57.702188939885424,0.0,7.251133333333335,1.0,,17.0,9.796466666666667,7.251133333333335,17.047600000000003,5,5,Elite,1,Wk8,Munich game (Wk8) — lowest scoring international venue,⚠ Munich Wk8,True,,Munich,0.674
00-0034857,Josh Allen,QB,BUF,27.14,461.4,23.6,19,23.07,2025*0.50+2024*0.30+2023*0.20+rel[PROVEN_ELITE*1.12],,none,2025*0.50+2024*0.30+2023*0.20+rel[PROVEN_ELITE*1.12],PROVEN_ELITE,6,24.13214285714286,0.028424705365644537,1.12,False,33.2,1.0,77.0,,,,,,50.0,58.025835662374284,0.012841337059798855,0.615,1.0164,,43.85080645161299,0.993850806451613,0.9953629032258065,0.9923387096774193,0.17937219730941703,6.888485774298262,8.111514225701738,BUST,33.2,BUST,,64.04325394193499,0.0,6.693183999999999,1.0,,18.0,18.275616000000003,6.693183999999999,24.9688,6,1,Elite,0,,,,False,,,1.0
00-0036963,Amon-Ra St. Brown,WR,DET,18.68,317.6,15.62,18,15.35,2025*0.50+2024*0.30+2023*0.20+rel[PROVEN_ELITE*1.12] [consensus_floor:18.0:WR4 consensus],,none,2025*0.50+2024*0.30+2023*0.20+rel[PROVEN_ELITE*1.12] [consensus_floor:18.0:WR4 consensus],PROVEN_ELITE,5,14.63079642097803,0.12732980621456488,1.12,False,7.6,4.0,73.9,0.36893203883495146,0.32432432432432434,0.1891891891891892,0.3132530120481928,0.3888888888888889,72.13276965615056,71.6413052933654,0.03462608846938465,1.402,1.0374,SNAP_RISING,54.737903225806626,1.0034274193548387,1.0034274193548387,1.0060483870967742,0.1978021978021978,2.6996371968684354,7.300362803131565,BUST,7.6,BUST,,66.13605948036354,0.0,6.1502,1.0,,17.0,11.035400000000001,6.1502,17.1856,7,1,Elite,1,Wk8,Munich game (Wk8) — lowest scoring international venue,⚠ Munich Wk8,True,,Munich,0.674
00-0036900,Ja'Marr Chase,WR,CIN,18.67,317.4,15.82,17,19.97,2025*0.50+2024*0.30+2023*0.20+rel[PROVEN_ELITE*1.12] [consensus_floor:19.0:WR1 consensus],,none,2025*0.50+2024*0.30+2023*0.20+rel[PROVEN_ELITE*1.12] [consensus_floor:19.0:WR1 consensus],PROVEN_ELITE,5,16.139977324263036,0.13426766742988375,1.12,False,4.0,2.0,68.8,0.314070351758794,0.2,0.2956521739130435,0.2755102040816326,0.2682926829268293,76.47606080475174,68.34794241910284,0.02935670787056454,-0.656,0.9825,,47.27822580645169,1.0012096774193548,1.0012096774193548,0.9933467741935483,0.1527777777777778,2.5386671758640444,4.4613328241359556,BUST,4.0,BUST,,51.954231630895634,0.0,6.141,1.0,,16.0,11.035400000000001,6.141,17.1764,8,2,Elite,0,,,,False,,,1.0
00-0039075,Puka Nacua,WR,LAR,18.34,311.8,19.9,13,14.42,2025*0.50+2024*0.30+2023*0.20+rel[PROVEN_SOLID*1.06] [consensus_floor:18.5:WR2 consensus],,none,2025*0.50+2024*0.30+2023*0.20+rel[PROVEN_SOLID*1.06] [consensus_floor:18.5:WR2 consensus],PROVEN_SOLID,3,16.798,0.14370207609540211,1.06,False,2.8,1.0,65.8,0.3163841807909605,0.17721518987341772,0.24,0.3626373626373626,0.16666666666666666,61.32607183700357,71.38184056603394,0.03421094490565431,-0.359,0.9904,,55.94758064516125,1.0070564516129032,1.0070564516129032,1.0048387096774194,0.1091703056768559,1.9303036089364136,5.069696391063586,BUST,2.8,BUST,,49.572983982911055,0.0,5.837400000000001,1.0,,19.0,11.035400000000001,5.837400000000001,16.8728,9,3,Elite,1,Wk1,Melbourne game (Wk1) — historically low scoring,⚠ Melbourne Wk1,True,,Melbourne,0.853
00-0038543,Jaxon Smith-Njigba,WR,SEA,17.72,301.2,17.14,17,11.94,2025*0.50+2024*0.30+2023*0.20+rel[VOLATILE*0.88] [team_corr:SEA:1.08:SEA WR1 breakout 2025 - Sam Darnold] [consensus_floor:17.5:WR3 consensus breakout],,none,2025*0.50+2024*0.30+2023*0.20+rel[VOLATILE*0.88] [team_corr:SEA:1.08:SEA WR1 breakout 2025 - Sam Darnold] [consensus_floor:17.5:WR3 consensus breakout],VOLATILE,3,12.29814814814815,0.33799894032558164,0.88,False,5.2,3.0,70.0,0.3546511627906977,0.30864197530864196,0.8,0.3764705882352941,0.2839506172839506,11.818563858091224,59.96730450368508,0.015947687205896125,0.444,1.0119,,57.76209677419364,1.0078629032258064,1.0078629032258064,1.0076612903225806,0.115,3.3358793202215002,4.6641206797785,BUST,5.2,BUST,,60.80669261290321,0.0,5.266999999999998,1.0,,20.0,11.035400000000001,5.266999999999998,16.3024,10,4,Elite,0,,,,False,,,1.0
00-0037248,James Cook,RB,BUF,15.23,258.9,16.47,19,16.07,2025*0.50+2024*0.30+2023*0.20+rel[VOLATILE*0.88] [consensus_floor:15.5:RB6 consensus],,none,2025*0.50+2024*0.30+2023*0.20+rel[VOLATILE*0.88] [consensus_floor:15.5:RB6 consensus],VOLATILE,4,13.030092592592593,0.32538912134771386,0.88,False,,,77.0,0.07887323943661972,0.023255813953488372,0.13559322033898305,0.016129032258064516,0.03260869565217391,82.05880861067385,58.025835662374284,0.012841337059798855,-0.625,0.9833,,43.85080645161299,0.9923387096774193,0.9953629032258065,0.9923387096774193,0.29596412556053814,-5.3839984724078676,13.383998472407868,TD_UNLUCKY_BUY,,NEUTRAL,,63.417358732867584,0.0,4.215133333333334,1.0,,19.0,9.796466666666667,4.215133333333334,14.011600000000001,11,6,Elite,0,,,,False,,,1.0
00-0036358,CeeDee Lamb,WR,DAL,16.24,276.1,12.57,15,14.19,2025*0.50+2024*0.30+2023*0.20+rel[PROVEN_ELITE*1.12] [consensus_floor:16.5:WR5-6 consensus],,none,2025*0.50+2024*0.30+2023*0.20+rel[PROVEN_ELITE*1.12] [consensus_floor:16.5:WR5-6 consensus],PROVEN_ELITE,6,14.202468950320513,0.19889592271835593,1.12,False,12.3,5.0,70.3,0.19166666666666668,0.12121212121212122,0.23529411764705882,0.125,0.16346153846153846,82.89323200867416,69.90993593103083,0.03185589748964933,-0.593,0.9842,,48.58870967741935,0.9997983870967742,0.9997983870967742,0.9973790322580645,0.08762886597938144,-1.4473935459232385,3.4473935459232385,TD_UNLUCKY_BUY,12.3,NEUTRAL,,63.6862360318374,0.0,3.9053999999999984,1.0,,13.0,11.035400000000001,3.9053999999999984,14.9408,12,5,Elite,0,,,,False,,,1.0
00-0037744,Trey McBride,TE,ARI,13.63,231.7,14.88,16,11.77,2025*0.50+2024*0.30+2023*0.20+rel[VOLATILE*0.88] [consensus_floor:13.0:TE1 consensus],,none,2025*0.50+2024*0.30+2023*0.20+rel[VOLATILE*0.88] [consensus_floor:13.0:TE1 consensus],VOLATILE,4,10.846241830065358,0.3344606246666116,0.88,False,37.9,1.0,68.1,0.2631578947368421,0.25,0.28804347826086957,0.17391304347826086,0.3238095238095238,80.09719874734493,63.84792616237692,0.022156681859803077,1.821,1.0486,SNAP_RISING,46.975806451612925,0.9979838709677419,0.9979838709677419,0.9959677419354839,0.21656050955414013,4.105212908153523,6.894787091846477,TD_LUCK_FADE,37.9,NEUTRAL,,51.87685510129742,0.0,3.727196000000001,1.0,,17.0,8.812404,3.727196000000001,12.539600000000002,13,1,Elite,0,,,,False,,,1.0
00-0034844,Saquon Barkley,RB,PHI,14.69,249.7,13.44,20,21.64,2025*0.50+2024*0.30+2023*0.20+rel[VOLATILE*0.88],,none,2025*0.50+2024*0.30+2023*0.20+rel[VOLATILE*0.88],VOLATILE,5,15.476459684893422,0.24927928915373895,0.88,False,17.1,9.0,80.5,0.1164021164021164,0.08571428571428572,0.09523809523809523,0.11594202898550725,0.125,94.11684358374669,86.51547671689036,0.05842476274702458,1.351,1.036,SNAP_RISING,60.88709677419346,1.0108870967741934,1.0108870967741934,1.0108870967741934,0.35403726708074534,-5.558907771624977,11.558907771624977,TD_UNLUCKY_BUY,17.1,NEUTRAL,,31.056974357208013,0.0,3.718333333333332,1.0,,17.0,9.796466666666667,3.718333333333332,13.5148,14,7,Elite,1,Wk6,London game (Wk6) — historically low scoring,⚠ London Wk6,True,,London,0.853
00-0040122,Ashton Jeanty,RB,LV,13.73,233.4,12.92,0,,"2025_only+rel[EMERGING*1.00] [sophomore_leap_player] [team_corr:LV:0.95:LV RB1 yr2 - weak team situation] [consensus_floor:15.0:RB7 consensus - yr2 leap] [camp_notes:MILD:0.93:Ashton Jeanty Questionable for Sunday RB Las Vegas Raiders Ankle October 9, 2026 Jeanty (ankle/foot) is questionable for Sunday's game against the Patriots, with Raiders coach Klint Kubiak saying Friday that the running back will ""do his be]",,none,"2025_only+rel[EMERGING*1.00] [sophomore_leap_player] [team_corr:LV:0.95:LV RB1 yr2 - weak team situation] [consensus_floor:15.0:RB7 consensus - yr2 leap] [camp_notes:MILD:0.93:Ashton Jeanty Questionable for Sunday RB Las Vegas Raiders Ankle October 9, 2026 Jeanty (ankle/foot) is questionable for Sunday's game against the Patriots, with Raiders coach Klint Kubiak saying Friday that the running back will ""do his be]",EMERGING,1,12.917647058823531,0.0,1.0,True,22.5,11.0,60.0,0.15384615384615385,,0.1390728476821192,0.07936507936507936,0.16129032258064516,87.11920967361986,61.7300322798174,0.018768051647707843,-0.564,0.9849,,44.455645161290306,0.9951612903225806,0.9937499999999999,0.9951612903225806,0.41284403669724773,-2.1254535039144553,9.125453503914455,TD_UNLUCKY_BUY,22.5,NEUTRAL,MILD,70.48145351981518,15.0,3.6589333333333336,1.0,rookie_exemption,17.0,9.796466666666667,3.6589333333333336,13.455400000000001,15,8,Elite,0,,,,False,,,1.0
00-0040715,Cam Skattebo,RB,NYG,14.46,245.8,14.46,0,,2025_only+rel[EMERGING*1.00] [sophomore_leap_player] [team_corr:NYG:1.0:NYG RB1 - Nagy scheme],,none,2025_only+rel[EMERGING*1.00] [sophomore_leap_player] [team_corr:NYG:1.0:NYG RB1 - Nagy scheme],EMERGING,1,14.4625,0.0,1.0,True,39.6,19.0,58.0,0.06752411575562701,0.06666666666666667,,0.07792207792207792,0.058823529411764705,97.28429258090905,64.91503813917403,0.02386406102267845,,1.0,,51.41129032258074,1.0,1.0028225806451612,1.0,0.1686746987951807,2.3219400420087837,5.678059957991216,TD_LUCK_FADE,39.6,NEUTRAL,,48.1567550163774,0.0,3.506733333333335,1.0,rookie_exemption,8.0,9.796466666666667,3.506733333333335,13.303200000000002,16,9,Elite,0,,,,False,,,1.0
00-0036389,Jalen Hurts,QB,PHI,23.36,397.1,18.78,19,21.66,2025*0.50+2024*0.30+2023*0.20+rel[PROVEN_ELITE*1.12],,none,2025*0.50+2024*0.30+2023*0.20+rel[PROVEN_ELITE*1.12],PROVEN_ELITE,5,20.4428841607565,0.1081785654478679,1.12,False,81.9,8.0,80.5,,,,,,50.0,86.51547671689036,0.05842476274702458,-0.609,0.9837,,60.88709677419346,1.0108870967741934,1.0108870967741934,1.0108870967741934,0.16770186335403728,2.524727897651327,5.475272102348674,TD_LUCK_FADE,81.9,NEUTRAL,,40.052125898979874,0.0,3.2155839999999962,1.0,,17.0,18.275616000000003,3.2155839999999962,21.4912,17,2,Elite,1,Wk6,London game (Wk6) — historically low scoring,⚠ London Wk6,True,,London,0.853
00-0036554,Nico Collins,WR,HOU,15.43,262.3,12.14,14,14.92,2025*0.50+2024*0.30+2023*0.20+rel[VOLATILE*0.88] [team_corr:HOU:1.05:HOU WR1 - CJ Stroud connection] [consensus_floor:15.5:WR8 consensus HOU],,none,2025*0.50+2024*0.30+2023*0.20+rel[VOLATILE*0.88] [team_corr:HOU:1.05:HOU WR1 - CJ Stroud connection] [consensus_floor:15.5:WR8 consensus HOU],VOLATILE,5,11.325816326530614,0.3490935274441889,0.88,False,21.5,11.0,75.0,0.22429906542056074,0.07894736842105263,0.24528301886792453,0.18888888888888888,0.2159090909090909,68.51511039484122,71.3884009595321,0.03422144153525137,-0.185,0.9951,,53.124999999999865,1.001008064516129,1.001008064516129,1.0052419354838709,0.11363636363636363,-0.05575711285086893,4.055757112850869,NEUTRAL,21.5,NEUTRAL,,47.21381584010941,0.0,3.1601999999999997,1.0,,16.0,11.035400000000001,3.1601999999999997,14.1956,18,6,Elite,1,Wk7,London game (Wk7) — historically low scoring,⚠ London Wk7,True,,London,0.853
00-0033288,George Kittle,TE,SF,12.98,220.7,11.17,15,13.17,2025*0.50+2024*0.30+2023*0.20+rel[PROVEN_ELITE*1.12],,none,2025*0.50+2024*0.30+2023*0.20+rel[PROVEN_ELITE*1.12],PROVEN_ELITE,6,11.270402298850573,0.09714977356590679,1.12,False,93.2,8.0,81.5,0.1024390243902439,0.2692307692307692,0.16901408450704225,0.1276595744680851,0.1368421052631579,76.74303972429198,85.86365482399324,0.057381847718389195,0.129,1.0034,,46.774193548387075,0.9951612903225806,0.9951612903225806,0.9983870967741935,0.07,3.160970021004392,2.8390299789956086,TD_LUCK_FADE,93.2,NEUTRAL,,64.5483053370002,0.0,3.1291960000000003,1.0,,12.0,8.812404,3.1291960000000003,11.941600000000001,19,2,Elite,2,"Wk1, Wk11",2 international games — Melbourne (Wk1); Mexico City (Wk11),⚠ Melbourne Wk1; Mexico City Wk11,True,MULTIPLE_INTL_GAMES,Melbourne,0.853
00-0040666,Omarion Hampton,RB,LAC,14.03,238.5,11.96,0,,2025_only+rel[EMERGING*1.00] [sophomore_leap_player] [team_corr:LAC:1.08:LAC RB1 yr2 - McDaniel zone run scheme] [consensus_floor:13.0:RB10 consensus - LAC yr2],,none,2025_only+rel[EMERGING*1.00] [sophomore_leap_player] [team_corr:LAC:1.08:LAC RB1 yr2 - McDaniel zone run scheme] [consensus_floor:13.0:RB10 consensus - LAC yr2],EMERGING,1,11.96,0.0,1.0,True,22.8,12.0,80.0,0.06321839080459771,,0.03614457831325301,0.03896103896103896,0.024691358024691357,94.38887248791592,52.96449543969547,0.00474319270351275,5.064,1.08,SNAP_RISING,45.36290322580649,0.9909274193548386,0.9997983870967742,0.9909274193548386,0.1728395061728395,-1.6780599579912163,5.678059957991216,TD_UNLUCKY_BUY,22.8,NEUTRAL,,51.69619812905584,8.0,3.111133333333333,1.0,rookie_exemption,10.0,9.796466666666667,3.111133333333333,12.9076,20,10,Elite,0,,,,False,,,1.0
00-0036275,D'Andre Swift,RB,CHI,14.0,238.0,13.25,17,11.38,2025*0.50+2024*0.30+2023*0.20+rel[PROVEN_ELITE*1.12],,none,2025*0.50+2024*0.30+2023*0.20+rel[PROVEN_ELITE*1.12],PROVEN_ELITE,6,12.319974143503554,0.07797097071629405,1.12,False,42.9,20.0,62.9,0.07913669064748201,0.04,0.044444444444444446,0.08108108108108109,0.011764705882352941,89.57001063635671,46.724480763023614,-0.0052408307791622175,0.749,1.02,,46.27016129032258,0.9981854838709677,0.9943548387096773,0.9981854838709677,0.24120603015075376,-0.7338170708420861,9.733817070842086,NEUTRAL,42.9,NEUTRAL,,57.02652048148714,0.0,3.0835333333333335,1.0,,18.0,9.796466666666667,3.0835333333333335,12.88,21,11,Elite,0,,,,False,,,1.0
00-0037840,Kyren Williams,RB,LAR,13.96,237.3,15.13,18,15.6,"2025*0.50+2024*0.30+2023*0.20+rel[PROVEN_SOLID*1.06] [team_corr:LAR:0.8:LAR 60/40 with Corum — lead back, not a top-5 overall]",,none,"2025*0.50+2024*0.30+2023*0.20+rel[PROVEN_SOLID*1.06] [team_corr:LAR:0.8:LAR 60/40 with Corum — lead back, not a top-5 overall]",PROVEN_SOLID,3,15.109821428571426,0.11292308163280655,1.06,False,27.4,13.0,64.0,0.08662900188323917,0.0379746835443038,0.16,0.0989010989010989,0.1111111111111111,84.25727837564733,71.38184056603394,0.03421094490565431,0.977,1.0261,,55.94758064516125,1.0048387096774194,1.0070564516129032,1.0048387096774194,0.32751091703056767,1.7909108268092417,15.209089173190758,BUST,27.4,BUST,,60.8303299862796,0.0,3.046733333333334,1.0,,20.0,9.796466666666667,3.046733333333334,12.843200000000001,22,12,Elite,1,Wk1,Melbourne game (Wk1) — historically low scoring,⚠ Melbourne Wk1,True,,Melbourne,0.853
00-0038134,Kenneth Walker III,RB,KC,13.87,235.8,12.33,11,14.38,2025*0.50+2024*0.30+2023*0.20+rel[PROVEN_ELITE*1.12],,none,2025*0.50+2024*0.30+2023*0.20+rel[PROVEN_ELITE*1.12],PROVEN_ELITE,4,12.770967741935484,0.06690643522314678,1.12,False,,,70.9,0.0872093023255814,0.06172839506172839,0.2,0.011764705882352941,0.04938271604938271,62.47576392490272,67.49565411893563,0.027993046590297013,-1.604,0.9572,SNAP_FALLING,49.69758064516139,1.0012096774193548,0.9981854838709677,1.0012096774193548,0.275,-3.15333206033989,11.153332060339892,TD_UNLUCKY_BUY,,NEUTRAL,,57.22695213333895,0.0,2.9639333333333333,1.0,,20.0,9.796466666666667,2.9639333333333333,12.7604,23,13,RB1/2,0,,,,False,,,1.0
00-0040734,TreVeyon Henderson,RB,NE,12.92,219.6,9.72,0,,2025_only+rel[EMERGING*1.00] [sophomore_leap_player] [team_corr:NE:1.0:NE RB1 - Patriots offense] [consensus_floor:13.5:RB9 consensus],,none,2025_only+rel[EMERGING*1.00] [sophomore_leap_player] [team_corr:NE:1.0:NE RB1 - Patriots offense] [consensus_floor:13.5:RB9 consensus],EMERGING,1,9.71904761904762,0.0,1.0,True,62.8,27.0,65.0,0.08735632183908046,0.02702702702702703,0.038461538461538464,0.07692307692307693,0.0547945205479452,90.93964276124096,66.2210769855281,0.02595372317684496,-1.623,0.9567,SNAP_FALLING,49.899193548387125,1.0036290322580645,0.9961693548387096,1.0036290322580645,0.23295454545454544,-2.314302081344282,8.314302081344282,TD_UNLUCKY_BUY,62.8,NEUTRAL,,45.39649571277027,15.0,2.8651333333333326,1.0,rookie_exemption,21.0,9.796466666666667,2.8651333333333326,12.6616,24,14,RB1/2,0,,,,False,,,1.0
00-0037238,Drake London,WR,ATL,15.01,255.2,13.99,17,13.58,2025*0.50+2024*0.30+2023*0.20+rel[PROVEN_SOLID*1.06] [team_corr:ATL:1.03:ATL WR1 - Tua or Penix throwing] [consensus_floor:15.0:WR6-7 consensus ATL],,none,2025*0.50+2024*0.30+2023*0.20+rel[PROVEN_SOLID*1.06] [team_corr:ATL:1.03:ATL WR1 - Tua or Penix throwing] [consensus_floor:15.0:WR6-7 consensus ATL],PROVEN_SOLID,4,10.974097222222222,0.2384228875938559,1.06,False,13.4,6.0,72.0,0.22921914357682618,0.35714285714285715,0.10294117647058823,0.23076923076923078,0.25,67.68659874313514,74.65614168324744,0.039449826693195904,0.0,1.0,,48.38709677419351,1.004032258064516,1.004032258064516,0.9927419354838709,0.11764705882352941,3.7553943097193048,3.2446056902806952,BUST,13.4,BUST,,48.44858084910567,0.0,2.7737999999999996,1.0,,12.0,11.035400000000001,2.7737999999999996,13.8092,25,7,Elite,0,,,,False,,,1.0
00-0039338,Brock Bowers,TE,LV,12.59,214.0,11.85,17,12.16,2025*0.50+2024*0.30+rel[EMERGING*1.00] [sophomore_leap_player] [consensus_floor:12.5:TE2 consensus],,none,2025*0.50+2024*0.30+rel[EMERGING*1.00] [sophomore_leap_player] [consensus_floor:12.5:TE2 consensus],EMERGING,2,12.03103448275862,0.012834454504071538,1.0,True,41.6,2.0,63.7,0.17216117216117216,,0.18543046357615894,0.2857142857142857,0.2903225806451613,78.06533799321245,61.7300322798174,0.018768051647707843,0.289,1.0077,,44.455645161290306,0.9937499999999999,0.9937499999999999,0.9951612903225806,0.1651376146788991,2.3498185984342177,3.6501814015657823,TD_LUCK_FADE,41.6,NEUTRAL,,53.91515973465169,0.0,2.770396,1.0,,12.0,8.812404,2.770396,11.5828,26,3,Elite,0,,,,False,,,1.0
sleeper:13287,Jeremiyah Love,RB,ARI,13.5,229.5,,0,,sleeper_roster+adp_prior [adp_ecr_floor:13.5],,none,sleeper_roster+adp_prior [adp_ecr_floor:13.5],UNPROVEN,0,,,1.0,False,29.8,15.0,68.1,,,,,,50.0,63.84792616237692,0.022156681859803077,,1.0,,46.975806451612925,0.9959677419354839,0.9979838709677419,0.9959677419354839,,,,NEUTRAL,29.8,NEUTRAL,,46.52403944518256,0.0,2.6235333333333326,1.0,,,9.796466666666667,2.6235333333333326,12.42,27,15,RB1/2,0,,,,False,,,1.0
00-0036997,Javonte Williams,RB,DAL,13.5,229.5,14.33,17,7.62,2025*0.50+2024*0.30+2023*0.20+rel[PROVEN_SOLID*1.06] [adp_ecr_floor:13.5],,none,2025*0.50+2024*0.30+2023*0.20+rel[PROVEN_SOLID*1.06] [adp_ecr_floor:13.5],PROVEN_SOLID,4,10.456825396825398,0.23218043138472957,1.06,False,33.4,17.0,70.3,0.09444444444444444,0.06060606060606061,0.0392156862745098,0.027777777777777776,0.11538461538461539,86.80082160317171,69.90993593103083,0.03185589748964933,-3.304,0.92,SNAP_FALLING,48.58870967741935,0.9973790322580645,0.9997983870967742,0.9973790322580645,0.3402061855670103,-1.3839984724078676,13.383998472407868,TD_UNLUCKY_BUY,33.4,NEUTRAL,,52.8722210461505,0.0,2.6235333333333326,1.0,,16.0,9.796466666666667,2.6235333333333326,12.42,28,16,RB1/2,0,,,,False,,,1.0
00-0038120,Breece Hall,RB,NYJ,13.5,229.5,12.1,16,13.28,2025*0.50+2024*0.30+2023*0.20+rel[PROVEN_SOLID*1.06] [adp_ecr_floor:13.5],,none,2025*0.50+2024*0.30+2023*0.20+rel[PROVEN_SOLID*1.06] [adp_ecr_floor:13.5],PROVEN_SOLID,3,13.623764705882351,0.08268189531259648,1.06,False,33.1,16.0,59.6,0.1016949152542373,,0.0776255707762557,0.0449438202247191,0.14754098360655737,85.03860908258903,51.435893228452784,0.002297429165524454,-1.559,0.9584,SNAP_FALLING,47.58064516129035,0.9991935483870967,0.9959677419354839,0.9991935483870967,0.2661290322580645,-4.691999236203934,6.691999236203934,TD_UNLUCKY_BUY,33.1,NEUTRAL,,54.84442874324954,0.0,2.6235333333333326,1.0,,16.0,9.796466666666667,2.6235333333333326,12.42,29,17,RB1/2,0,,,,False,,,1.0
00-0038597,Chase Brown,RB,CIN,13.5,229.5,14.34,16,14.25,2025*0.50+2024*0.30+2023*0.20+rel[EMERGING*1.03] [team_corr:CIN:1.05:CIN RB1 - Burrow healthy] [consensus_floor:13.5:RB8-15 consensus breakout] [adp_ecr_floor:13.5],,none,2025*0.50+2024*0.30+2023*0.20+rel[EMERGING*1.03] [team_corr:CIN:1.05:CIN RB1 - Burrow healthy] [consensus_floor:13.5:RB8-15 consensus breakout] [adp_ecr_floor:13.5],EMERGING,2,12.60875,0.003615603076761538,1.03,False,14.4,8.0,75.0,0.1407035175879397,0.15,0.2,0.10204081632653061,0.14634146341463414,87.50863490589246,68.34794241910284,0.02935670787056454,-0.429,0.9886,,47.27822580645169,0.9933467741935483,1.0012096774193548,0.9933467741935483,0.3402777777777778,1.0633950735153714,9.936604926484629,TD_LUCK_FADE,14.4,NEUTRAL,,51.923134472230245,0.0,2.6235333333333326,1.0,,17.0,9.796466666666667,2.6235333333333326,12.42,30,18,RB1/2,0,,,,False,,,1.0
00-0036322,Justin Jefferson,WR,MIN,14.82,251.9,9.38,18,15.24,"2025*0.50+2024*0.30+2023*0.20+rel[PROVEN_ELITE*1.12] [consensus_floor:16.0:WR5-7 consensus] [camp_notes:MILD:0.93:Justin Jefferson Status in question for Week 5 WR Minnesota Vikings Ankle October 9, 2026 Jefferson (ankle) is listed as questionable for Sunday's game at New Orleans. ANALYSIS Subscribe now to instantly reveal our take on this news.]",,none,"2025*0.50+2024*0.30+2023*0.20+rel[PROVEN_ELITE*1.12] [consensus_floor:16.0:WR5-7 consensus] [camp_notes:MILD:0.93:Justin Jefferson Status in question for Week 5 WR Minnesota Vikings Ankle October 9, 2026 Jefferson (ankle) is listed as questionable for Sunday's game at New Orleans. ANALYSIS Subscribe now to instantly reveal our take on this news.]",PROVEN_ELITE,6,14.826666666666668,0.1811532576032835,1.12,False,13.6,7.0,61.7,0.3176895306859206,0.21212121212121213,0.3088235294117647,0.25757575757575757,0.24675324675324675,76.18468377776453,58.576588592797,0.013722541748475203,-0.189,0.995,,58.0645161290323,1.0088709677419354,1.0088709677419354,1.007258064516129,0.14074074074074075,-1.8529692572083256,3.8529692572083256,TD_UNLUCKY_BUY,13.6,NEUTRAL,MILD,39.96082551659525,0.0,2.599,1.0,,17.0,11.035400000000001,2.599,13.634400000000001,31,8,Elite,1,Wk11,Mexico City game (Wk11) — mild scoring impact historically,⚠ Mexico City Wk11,True,,Mexico City,0.9
00-0033873,Patrick Mahomes,QB,KC,22.37,380.3,20.08,19,18.31,2025*0.50+2024*0.30+2023*0.20+rel[PROVEN_ELITE*1.12],,none,2025*0.50+2024*0.30+2023*0.20+rel[PROVEN_ELITE*1.12],PROVEN_ELITE,6,21.222342342342344,0.1190345248420302,1.12,False,103.8,13.0,70.9,0.0024509803921568627,,,,,50.0,67.49565411893563,0.027993046590297013,0.599,1.016,,49.69758064516139,0.9996975806451613,0.9981854838709677,1.0012096774193548,0.08875739644970414,1.958182165361848,3.041817834638152,TD_LUCK_FADE,103.8,NEUTRAL,,52.98687870565542,0.0,2.304783999999998,1.0,,14.0,18.275616000000003,2.304783999999998,20.5804,32,3,Elite,0,,,,False,,,1.0
00-0031381,Davante Adams,WR,LAR,14.42,245.1,13.11,14,13.39,2025*0.50+2024*0.30+2023*0.20+rel[PROVEN_ELITE*1.12] [team_corr:LAR:1.0:Rams - Stafford connection],,none,2025*0.50+2024*0.30+2023*0.20+rel[PROVEN_ELITE*1.12] [team_corr:LAR:1.0:Rams - Stafford connection],PROVEN_ELITE,6,15.866911764705883,0.1793690208086836,1.12,False,37.5,20.0,72.0,0.2033898305084746,0.189873417721519,0.08,0.18681318681318682,0.2698412698412698,75.61414966544646,71.38184056603394,0.03421094490565431,-0.645,0.9828,,55.94758064516125,1.0070564516129032,1.0070564516129032,1.0048387096774194,0.14847161572052403,6.105212908153523,6.894787091846477,TD_LUCK_FADE,37.5,NEUTRAL,,57.1859155339116,0.0,2.231,1.0,,17.0,11.035400000000001,2.231,13.2664,33,9,Elite,1,Wk1,Melbourne game (Wk1) — historically low scoring,⚠ Melbourne Wk1,True,,Melbourne,0.853
00-0033293,Aaron Jones,RB,MIN,13.0,221.0,8.89,18,12.42,2025*0.50+2024*0.30+2023*0.20+rel[PROVEN_ELITE*1.12],,none,2025*0.50+2024*0.30+2023*0.20+rel[PROVEN_ELITE*1.12],PROVEN_ELITE,6,13.011956521739132,0.16426029191469246,1.12,False,,,61.7,0.11191335740072202,0.030303030303030304,0.07352941176470588,0.07575757575757576,0.06493506493506493,81.57610710323287,58.576588592797,0.013722541748475203,4.573,1.08,SNAP_RISING,58.0645161290323,1.007258064516129,1.0088709677419354,1.007258064516129,0.14074074074074075,-1.8529692572083256,3.8529692572083256,TD_UNLUCKY_BUY,,NEUTRAL,,47.07928099757288,0.0,2.1635333333333335,1.0,,12.0,9.796466666666667,2.1635333333333335,11.96,34,19,RB1/2,1,Wk11,Mexico City game (Wk11) — mild scoring impact historically,⚠ Mexico City Wk11,True,,Mexico City,0.9
00-0040719,Bhayshul Tuten,RB,JAX,12.0,204.0,5.67,0,,2025_only+starter_floor_soft+rel[UNPROVEN*0.92] [adp_ecr_floor:12.0],,none,2025_only+starter_floor_soft+rel[UNPROVEN*0.92] [adp_ecr_floor:12.0],UNPROVEN,1,5.668749999999999,0.0,0.92,False,53.3,24.0,50.3,0.021917808219178082,0.011363636363636364,0.05,,0.02127659574468085,94.24111078162231,43.58248415247496,-0.010268025356040062,-4.46,0.92,SNAP_FALLING,50.907258064516235,1.0018145161290322,1.0,1.0018145161290322,0.13425925925925927,1.1191521863662395,5.8808478136337605,TD_LUCK_FADE,53.3,NEUTRAL,,73.61174939521052,15.0,1.9735563115609107,1.0,rookie_exemption,16.0,9.796466666666667,1.9735563115609107,11.770022978227578,35,20,RB1/2,2,"Wk6, Wk7","2 London games (Wk6, Wk7) — historically low scoring","⚠ London x2 (Wk6,7)",True,MULTIPLE_INTL_GAMES,London,0.853
00-0040784,Quinshon Judkins,RB,CLE,12.0,204.0,11.06,0,,2025_only+rel[UNPROVEN*0.92] [adp_ecr_floor:12.0],,none,2025_only+rel[UNPROVEN*0.92] [adp_ecr_floor:12.0],UNPROVEN,1,11.057142857142855,0.0,0.92,False,50.4,22.0,69.5,0.07094594594594594,,0.07207207207207207,0.011111111111111112,0.017543859649122806,88.52646375100657,30.787804878048778,-0.030739512195121957,-3.788,0.92,SNAP_FALLING,51.51209677419355,0.996774193548387,1.0062499999999999,0.996774193548387,0.288135593220339,-0.8947870918464771,6.894787091846477,NEUTRAL,50.4,NEUTRAL,,62.3966680442462,15.0,1.9635333333333342,1.0,rookie_exemption,14.0,9.796466666666667,1.9635333333333342,11.760000000000002,36,21,RB1/2,0,,,,False,,,1.0
00-0040198,Ollie Gordon II,RB,MIA,12.0,204.0,3.16,0,,2025_only+starter_floor_soft+rel[UNPROVEN*0.92] [adp_ecr_floor:12.0],,none,2025_only+starter_floor_soft+rel[UNPROVEN*0.92] [adp_ecr_floor:12.0],UNPROVEN,1,3.1624999999999996,0.0,0.92,False,52.0,23.0,38.3,0.016260162601626018,0.02857142857142857,0.03636363636363636,0.02666666666666667,0.029850746268656716,97.39380821714246,39.49461048193906,-0.0168086232288975,-1.556,0.9585,SNAP_FALLING,53.326612903225936,1.0054435483870967,1.0012096774193548,1.0054435483870967,0.15328467153284672,-0.25854496849341224,4.258544968493412,NEUTRAL,52.0,NEUTRAL,,53.4810769801049,15.0,1.9635333333333342,1.0,rookie_exemption,16.0,9.796466666666667,1.9635333333333342,11.760000000000002,37,22,RB1/2,0,,,,False,,,1.0
00-0037239,Chris Olave,WR,NO,14.11,239.9,13.62,7,7.59,2025*0.50+2024*0.30+2023*0.20+rel[PROVEN_SOLID*1.06] [team_corr:NO:1.0:NO WR1 - Angelichio pass heavy] [consensus_floor:13.5:WR11 consensus NO],,none,2025*0.50+2024*0.30+2023*0.20+rel[PROVEN_SOLID*1.06] [team_corr:NO:1.0:NO WR1 - Angelichio pass heavy] [consensus_floor:13.5:WR11 consensus NO],PROVEN_SOLID,3,11.497641509433961,0.10176871243509862,1.06,False,22.4,12.0,62.0,0.27946127946127947,1.0,0.2743362831858407,0.24271844660194175,0.28846153846153844,0.0,62.22868616277322,0.019565897860437158,1.664,1.0444,SNAP_RISING,54.83870967741944,1.0048387096774194,1.0048387096774194,1.0048387096774194,0.12605042016806722,1.958182165361848,3.041817834638152,BUST,22.4,BUST,,58.9608547551087,0.0,1.9457999999999984,1.0,,16.0,11.035400000000001,1.9457999999999984,12.9812,38,10,Elite,0,,,,False,,,1.0
00-0036158,J.K. Dobbins,RB,DEN,13.08,222.4,11.04,14,12.74,2025*0.50+2024*0.30+rel[PROVEN_ELITE*1.12],,none,2025*0.50+2024*0.30+rel[PROVEN_ELITE*1.12],PROVEN_ELITE,4,11.298039215686275,0.0764664878079369,1.12,False,79.9,32.0,77.8,0.02028397565922921,0.038461538461538464,,0.01098901098901099,,95.43625899384915,76.00929064261045,0.04161486502817672,,1.0,,49.596774193548356,0.9981854838709677,1.001008064516129,0.9981854838709677,0.10989010989010989,-0.05575711285086893,4.055757112850869,NEUTRAL,79.9,NEUTRAL,,39.872253113055024,0.0,1.8761253333333325,0.97,,10.0,9.796466666666667,1.8761253333333325,11.672592,39,23,RB1/2,0,,,,False,,,1.0
00-0039067,Rashee Rice,WR,KC,14.74,250.6,15.2,3,17.63,2025*0.50+2023*0.20+rel[EMERGING*1.03] [team_corr:KC:1.0:KC WR1],,none,2025*0.50+2023*0.20+rel[EMERGING*1.03] [team_corr:KC:1.0:KC WR1],EMERGING,2,12.683870967741937,0.16812690742624625,1.03,False,17.4,8.0,72.0,0.14460784313725492,0.2702702702702703,0.25,0.14457831325301204,0.2345679012345679,66.5448734002637,67.49565411893563,0.027993046590297013,0.898,1.0239,,49.69758064516139,0.9981854838709677,0.9981854838709677,1.0012096774193548,0.1301775147928994,0.5386671758640444,4.4613328241359556,NEUTRAL,17.4,NEUTRAL,,54.62138147496837,0.0,1.8473599999999983,0.95,,8.0,11.035400000000001,1.8473599999999983,12.88276,40,11,Elite,0,,,,False,,,1.0
00-0039337,Malik Nabers,WR,NYG,14.5,246.5,12.03,15,14.61,2025*0.50+2024*0.30+rel[EMERGING*1.00] [sophomore_leap_player] [team_corr:NYG:1.0:Giants WR1 - uncertain QB] [consensus_floor:14.5:WR9 consensus NYG],,none,2025*0.50+2024*0.30+rel[EMERGING*1.00] [sophomore_leap_player] [team_corr:NYG:1.0:Giants WR1 - uncertain QB] [consensus_floor:14.5:WR9 consensus NYG],EMERGING,1,14.063157894736845,0.0,1.0,True,25.8,14.0,62.0,0.07395498392282958,,0.03571428571428571,0.05194805194805195,0.058823529411764705,94.50412748437893,64.91503813917403,0.02386406102267845,,1.0,,51.41129032258074,1.0028225806451612,1.0028225806451612,1.0,0.024096385542168676,-0.8111514225701738,0.8111514225701738,NEUTRAL,25.8,NEUTRAL,,43.85039082828683,0.0,1.637599999999999,0.95,,4.0,11.035400000000001,1.637599999999999,12.673,41,12,Elite,0,,,,False,,,1.0
00-0036410,Tee Higgins,WR,CIN,13.58,230.9,12.01,12,15.47,2025*0.50+2024*0.30+2023*0.20+rel[PROVEN_ELITE*1.12],,none,2025*0.50+2024*0.30+2023*0.20+rel[PROVEN_ELITE*1.12],PROVEN_ELITE,6,12.300498084291188,0.1475020938128883,1.12,False,35.2,19.0,56.8,0.1708542713567839,0.1,0.11304347826086956,0.15306122448979592,0.1951219512195122,85.8219007618848,68.34794241910284,0.02935670787056454,-1.395,0.9628,SNAP_FALLING,47.27822580645169,1.0012096774193548,1.0012096774193548,0.9933467741935483,0.1111111111111111,1.7553943097193048,3.2446056902806952,BUST,35.2,BUST,,55.7629429256904,0.0,1.4581999999999997,1.0,,15.0,11.035400000000001,1.4581999999999997,12.4936,42,13,WR1/2,0,,,,False,,,1.0
00-0037247,George Pickens,WR,DAL,13.44,228.5,14.32,14,10.14,2025*0.50+2024*0.30+2023*0.20+rel[PROVEN_SOLID*1.06] [team_corr:DAL:1.05:Traded to Cowboys - Dak Prescott] [consensus_floor:14.0:WR12 consensus DAL],,none,2025*0.50+2024*0.30+2023*0.20+rel[PROVEN_SOLID*1.06] [team_corr:DAL:1.05:Traded to Cowboys - Dak Prescott] [consensus_floor:14.0:WR12 consensus DAL],PROVEN_SOLID,4,10.899804993035463,0.20276293356717404,1.06,False,18.7,10.0,65.0,0.22777777777777777,0.21212121212121213,0.18627450980392157,0.2361111111111111,0.23076923076923078,92.78696241782009,69.90993593103083,0.03185589748964933,-1.506,0.9598,SNAP_FALLING,48.58870967741935,0.9997983870967742,0.9997983870967742,0.9973790322580645,0.12371134020618557,-0.8669085354210431,4.866908535421043,NEUTRAL,18.7,NEUTRAL,,59.20945717889953,0.0,1.3293999999999997,1.0,,17.0,11.035400000000001,1.3293999999999997,12.3648,43,14,WR1/2,0,,,,False,,,1.0
00-0040663,Harold Fannin Jr.,TE,CLE,11.0,187.0,9.53,0,,2025_only+rel[EMERGING*1.00] [sophomore_leap_player] [team_corr:CLE:1.0:CLE TE1 - Monken run heavy] [consensus_floor:10.5:TE3 consensus CLE] [adp_ecr_floor:11.0],,none,2025_only+rel[EMERGING*1.00] [sophomore_leap_player] [team_corr:CLE:1.0:CLE TE1 - Monken run heavy] [consensus_floor:10.5:TE3 consensus CLE] [adp_ecr_floor:11.0],EMERGING,1,9.525,0.0,1.0,True,81.0,5.0,58.0,0.18243243243243243,0.23076923076923078,0.26126126126126126,0.17777777777777778,0.19298245614035087,87.17208868728368,30.787804878048778,-0.030739512195121957,-1.14,0.9696,,51.51209677419355,1.0062499999999999,1.0062499999999999,0.996774193548387,0.11016949152542373,2.363757876646935,2.636242123353065,TD_LUCK_FADE,81.0,NEUTRAL,,56.667589165276574,8.0,1.3075960000000002,1.0,rookie_exemption,16.0,8.812404,1.3075960000000002,10.120000000000001,44,4,TE1,0,,,,False,,,1.0
00-0040126,Colston Loveland,TE,CHI,11.0,187.0,8.97,0,,2025_only+rel[EMERGING*1.00] [sophomore_leap_player] [team_corr:CHI:1.05:CHI TE1 - Caleb Williams year 2] [consensus_floor:10.0:TE4 consensus CHI] [adp_ecr_floor:11.0],,none,2025_only+rel[EMERGING*1.00] [sophomore_leap_player] [team_corr:CHI:1.05:CHI TE1 - Caleb Williams year 2] [consensus_floor:10.0:TE4 consensus CHI] [adp_ecr_floor:11.0],EMERGING,1,8.966666666666667,0.0,1.0,True,59.8,3.0,72.0,0.16546762589928057,0.08,0.24444444444444444,0.22522522522522523,0.2235294117647059,67.99641083450747,46.724480763023614,-0.0052408307791622175,1.223,1.0326,,46.27016129032258,0.9943548387096773,0.9943548387096773,0.9981854838709677,0.10050251256281408,-0.05575711285086893,4.055757112850869,NEUTRAL,59.8,NEUTRAL,,55.56626167529495,8.0,1.3075960000000002,1.0,rookie_exemption,18.0,8.812404,1.3075960000000002,10.120000000000001,45,5,TE1,0,,,,False,,,1.0
00-0040128,Tyler Warren,TE,IND,11.0,187.0,8.85,0,,2025_only+rel[EMERGING*1.00] [sophomore_leap_player] [team_corr:IND:1.0:IND TE1 - Steichen offense] [consensus_floor:10.0:TE4 consensus IND] [adp_ecr_floor:11.0],,none,2025_only+rel[EMERGING*1.00] [sophomore_leap_player] [team_corr:IND:1.0:IND TE1 - Steichen offense] [consensus_floor:10.0:TE4 consensus IND] [adp_ecr_floor:11.0],EMERGING,1,8.852941176470589,0.0,1.0,True,71.7,4.0,65.0,0.23837209302325582,0.1746031746031746,0.22413793103448276,0.1527777777777778,0.27710843373493976,82.13121549984078,48.981774097457205,-0.0016291614440684726,-0.171,0.9954,,50.8064516129032,0.9993951612903226,0.9993951612903226,1.0022177419354839,0.14516129032258066,-0.475272102348673,5.475272102348674,NEUTRAL,71.7,NEUTRAL,,43.66337769732117,8.0,1.3075960000000002,1.0,rookie_exemption,17.0,8.812404,1.3075960000000002,10.120000000000001,46,6,TE1,0,,,,False,,,1.0
00-0040124,Tetairoa McMillan,WR,CAR,12.5,212.5,10.49,0,,2025_only+rel[EMERGING*1.00] [sophomore_leap_player] [team_corr:CAR:0.92:CAR WR1 - poor team situation] [consensus_floor:12.0:WR15 consensus CAR] [adp_ecr_floor:12.5],,none,2025_only+rel[EMERGING*1.00] [sophomore_leap_player] [team_corr:CAR:0.92:CAR WR1 - poor team situation] [consensus_floor:12.0:WR15 consensus CAR] [adp_ecr_floor:12.5],EMERGING,1,10.494444444444445,0.0,1.0,True,30.5,15.0,45.0,0.26126126126126126,0.125,0.25742574257425743,0.189873417721519,0.19230769230769232,71.83782119327961,37.364597196445956,-0.02021664448568647,0.075,1.002,,39.51612903225809,0.9917338709677419,0.9917338709677419,0.9872983870967742,0.09803921568627451,0.9581821653618481,3.041817834638152,NEUTRAL,30.5,NEUTRAL,,74.17194584691248,15.0,1.2460479692592177,1.0,rookie_exemption,18.0,11.035400000000001,1.2460479692592177,12.281447969259219,47,15,WR1/2,0,,,,False,,,1.0
00-0034351,Dallas Goedert,TE,PHI,10.9,185.3,10.78,13,8.56,2025*0.50+2024*0.30+2023*0.20+rel[PROVEN_ELITE*1.12],,none,2025*0.50+2024*0.30+2023*0.20+rel[PROVEN_ELITE*1.12],PROVEN_ELITE,6,9.159325874928285,0.10320379166444837,1.12,False,102.8,9.0,80.5,0.1693121693121693,0.14285714285714285,0.14285714285714285,0.14492753623188406,0.265625,81.07009090820499,86.51547671689036,0.05842476274702458,0.798,1.0213,,60.88709677419346,1.0108870967741934,1.0108870967741934,1.0108870967741934,0.11180124223602485,8.349818598434219,3.6501814015657823,TD_LUCK_FADE,102.8,NEUTRAL,,33.435272770064515,0.0,1.2155959999999997,1.0,,16.0,8.812404,1.2155959999999997,10.028,48,7,TE1,1,Wk6,London game (Wk6) — historically low scoring,⚠ London Wk6,True,,London,0.853
00-0040129,Emeka Egbuka,WR,TB,12.5,212.5,9.54,0,,2025_only+rel[EMERGING*1.00] [sophomore_leap_player] [team_corr:TB:1.0:TB WR1 - Reich scheme] [consensus_floor:12.5:WR11-15 consensus TB] [adp_ecr_floor:12.5],,none,2025_only+rel[EMERGING*1.00] [sophomore_leap_player] [team_corr:TB:1.0:TB WR1 - Reich scheme] [consensus_floor:12.5:WR11-15 consensus TB] [adp_ecr_floor:12.5],EMERGING,1,9.541176470588237,0.0,1.0,True,34.5,18.0,65.0,0.23140495867768596,0.4166666666666667,0.19402985074626866,0.16279069767441862,0.19736842105263158,63.70082257671768,36.25093968232914,-0.021998496508273378,-1.758,0.9531,SNAP_FALLING,51.3104838709677,1.0004032258064515,1.0004032258064515,1.0022177419354839,0.10884353741496598,-1.2446056902806952,3.2446056902806952,TD_UNLUCKY_BUY,34.5,NEUTRAL,,56.23506151725412,15.0,1.214599999999999,1.0,rookie_exemption,17.0,11.035400000000001,1.214599999999999,12.25,49,16,WR1/2,0,,,,False,,,1.0
00-0033106,Jared Goff,QB,DET,21.17,359.9,18.06,18,18.51,2025*0.50+2024*0.30+2023*0.20+rel[PROVEN_ELITE*1.12],,none,2025*0.50+2024*0.30+2023*0.20+rel[PROVEN_ELITE*1.12],PROVEN_ELITE,6,16.714368932038834,0.09259266280131,1.12,False,100.8,12.0,73.9,,,,,,50.0,71.6413052933654,0.03462608846938465,0.602,1.0161,,54.737903225806626,1.0047379032258066,1.0034274193548387,1.0060483870967742,0.016483516483516484,-0.6083635669276304,0.6083635669276304,NEUTRAL,100.8,NEUTRAL,,57.04998545206565,0.0,1.2007839999999987,1.0,,17.0,18.275616000000003,1.2007839999999987,19.4764,50,4,Elite,1,Wk8,Munich game (Wk8) — lowest scoring international venue,⚠ Munich Wk8,True,,Munich,0.674
00-0039893,Brian Thomas Jr.,WR,JAX,13.17,223.9,8.26,17,14.15,2025*0.50+2024*0.30+rel[UNPROVEN*0.92] [consensus_floor:13.0:WR JAX consensus],,none,2025*0.50+2024*0.30+rel[UNPROVEN*0.92] [consensus_floor:13.0:WR JAX consensus],UNPROVEN,2,11.3875,0.25848776393103895,0.92,False,72.3,35.0,50.3,0.16712328767123288,0.20454545454545456,0.16666666666666666,0.13043478260869565,0.0851063829787234,83.86341789273335,43.58248415247496,-0.010268025356040062,0.499,1.0133,,50.907258064516235,1.0,1.0,1.0018145161290322,0.041666666666666664,1.1749092992171088,1.8250907007828912,TD_LUCK_FADE,72.3,NEUTRAL,,53.45715808938424,0.0,1.0809999999999995,1.0,,15.0,11.035400000000001,1.0809999999999995,12.1164,51,17,WR1/2,2,"Wk6, Wk7","2 London games (Wk6, Wk7) — historically low scoring","⚠ London x2 (Wk6,7)",True,MULTIPLE_INTL_GAMES,London,0.853
00-0037834,Brock Purdy,QB,SF,21.63,367.7,18.51,15,17.79,2025*0.50+2024*0.30+2023*0.20+rel[PROVEN_ELITE*1.12],,none,2025*0.50+2024*0.30+2023*0.20+rel[PROVEN_ELITE*1.12],PROVEN_ELITE,4,17.245157232704404,0.1434109109740277,1.12,False,83.4,9.0,81.5,,,,,,50.0,85.86365482399324,0.057381847718389195,0.129,1.0034,,46.774193548387075,0.996774193548387,0.9951612903225806,0.9983870967741935,0.035,1.580485010502196,1.4195149894978043,TD_LUCK_FADE,83.4,NEUTRAL,,74.1045268142504,0.0,1.075537462627402,0.97,,11.0,18.275616000000003,1.075537462627402,19.351153462627405,52,5,Elite,2,"Wk1, Wk11",2 international games — Melbourne (Wk1); Mexico City (Wk11),⚠ Melbourne Wk1; Mexico City Wk11,True,MULTIPLE_INTL_GAMES,Melbourne,0.853
00-0036875,Rhamondre Stevenson,RB,NE,11.8,200.6,11.73,13,10.63,"2025*0.50+2024*0.30+2023*0.20+rel[PROVEN_ELITE*1.12] [camp_notes:MILD:0.93:Rhamondre Stevenson Listed questionable for Sunday RB New England Patriots Knee October 9, 2026 Stevenson (knee) is listed as questionable for Sunday's game against the Raiders. ANALYSIS Subscribe now to instantly reveal our take on this ne]",,none,"2025*0.50+2024*0.30+2023*0.20+rel[PROVEN_ELITE*1.12] [camp_notes:MILD:0.93:Rhamondre Stevenson Listed questionable for Sunday RB New England Patriots Knee October 9, 2026 Stevenson (knee) is listed as questionable for Sunday's game against the Raiders. ANALYSIS Subscribe now to instantly reveal our take on this ne]",PROVEN_ELITE,5,11.076823361823362,0.11265269419533878,1.12,False,62.3,26.0,65.2,0.08275862068965517,0.12162162162162163,0.15384615384615385,0.06593406593406594,0.1095890410958904,87.75085342278628,66.2210769855281,0.02595372317684496,0.542,1.0145,,49.899193548387125,1.0036290322580645,0.9961693548387096,1.0036290322580645,0.2215909090909091,-0.9087263700591945,7.9087263700591945,NEUTRAL,62.3,NEUTRAL,MILD,39.14381969266697,0.0,1.0595333333333343,1.0,,18.0,9.796466666666667,1.0595333333333343,10.856000000000002,53,24,RB1/2,0,,,,False,,,1.0
00-0039361,Bucky Irving,RB,TB,12.0,204.0,12.55,18,13.12,2025*0.50+2024*0.30+rel[UNPROVEN*0.92] [team_corr:TB:1.0:TB RB1 - Reich scheme] [consensus_floor:12.0:RB14 consensus TB] [adp_ecr_floor:12.0],,none,2025*0.50+2024*0.30+rel[UNPROVEN*0.92] [team_corr:TB:1.0:TB RB1 - Reich scheme] [consensus_floor:12.0:RB14 consensus TB] [adp_ecr_floor:12.0],UNPROVEN,2,12.917857142857144,0.02214849629834426,0.92,False,48.1,21.0,65.0,0.06887052341597796,0.08333333333333333,0.05970149253731343,0.10465116279069768,0.05263157894736842,92.59439927348993,36.25093968232914,-0.021998496508273378,-1.718,0.9542,SNAP_FALLING,51.3104838709677,1.0022177419354839,1.0004032258064515,1.0022177419354839,0.14965986394557823,-2.4613328241359556,4.4613328241359556,TD_UNLUCKY_BUY,48.1,NEUTRAL,,37.99356124393284,0.0,0.9123333333333328,0.97,,10.0,9.796466666666667,0.9123333333333328,10.7088,54,25,RB3,0,,,,False,,,1.0
00-0026498,Matthew Stafford,QB,LAR,20.81,353.8,20.87,18,13.91,2025*0.50+2024*0.30+2023*0.20+rel[PROVEN_ELITE*1.12],,none,2025*0.50+2024*0.30+2023*0.20+rel[PROVEN_ELITE*1.12],PROVEN_ELITE,6,17.267828282828283,0.18163932220248655,1.12,False,73.0,7.0,65.8,,,,,,50.0,71.38184056603394,0.03421094490565431,0.061,1.0016,,55.94758064516125,1.0059475806451612,1.0070564516129032,1.0048387096774194,0.034934497816593885,-1.6223028451403476,1.6223028451403476,TD_UNLUCKY_BUY,73.0,NEUTRAL,,44.64885639787182,0.0,0.8695839999999961,1.0,,20.0,18.275616000000003,0.8695839999999961,19.1452,55,6,Elite,1,Wk1,Melbourne game (Wk1) — historically low scoring,⚠ Melbourne Wk1,True,,Melbourne,0.853
00-0038996,Tucker Kraft,TE,GB,11.0,187.0,12.65,17,8.02,2025*0.50+2024*0.30+2023*0.20+rel[VOLATILE*0.88] [adp_ecr_floor:11.0],,none,2025*0.50+2024*0.30+2023*0.20+rel[VOLATILE*0.88] [adp_ecr_floor:11.0],VOLATILE,3,8.418318318318319,0.3241865258986917,0.88,False,90.2,6.0,66.5,0.09113924050632911,,,0.039473684210526314,0.16216216216216217,79.88210405082661,58.17024718521366,0.013072395496341857,,1.0,,48.48790322580654,0.9955645161290322,0.9955645161290322,1.0014112903225807,0.06896551724137931,2.5665457322894785,2.4334542677105215,TD_LUCK_FADE,90.2,NEUTRAL,,35.89553442274502,0.0,0.801596,0.95,,8.0,8.812404,0.801596,9.614,56,8,TE1,0,,,,False,,,1.0
00-0039064,Zay Flowers,WR,BAL,12.82,217.9,12.14,17,10.15,2025*0.50+2024*0.30+2023*0.20+rel[PROVEN_SOLID*1.06] [consensus_floor:13.2:WR13 consensus BAL],,none,2025*0.50+2024*0.30+2023*0.20+rel[PROVEN_SOLID*1.06] [consensus_floor:13.2:WR13 consensus BAL],PROVEN_SOLID,3,10.984615384615385,0.07640039711255144,1.06,False,23.8,13.0,61.0,0.2924187725631769,0.4,0.2923076923076923,0.17543859649122806,0.21428571428571427,69.10580270428504,59.32767737944676,0.014924283807114818,-1.071,0.9714,,48.89112903225801,0.9971774193548386,0.9971774193548386,1.0006048387096773,0.08024691358024691,-0.6362421233530648,2.636242123353065,NEUTRAL,23.8,NEUTRAL,,59.18694033652545,0.0,0.7590000000000003,1.0,,17.0,11.035400000000001,0.7590000000000003,11.794400000000001,57,18,WR1/2,0,,,,False,,,1.0
00-0040735,Luther Burden III,WR,CHI,12.0,204.0,6.68,0,,2025_only+starter_floor_soft+rel[UNPROVEN*0.92] [adp_ecr_floor:12.0],,none,2025_only+starter_floor_soft+rel[UNPROVEN*0.92] [adp_ecr_floor:12.0],UNPROVEN,1,6.682352941176471,0.0,0.92,False,56.9,29.0,50.9,0.1223021582733813,0.16,0.15555555555555556,0.15315315315315314,0.08235294117647059,88.25677332773192,46.724480763023614,-0.0052408307791622175,0.927,1.0247,,46.27016129032258,0.9943548387096773,0.9943548387096773,0.9981854838709677,0.035175879396984924,-1.419514989497804,1.419514989497804,TD_UNLUCKY_BUY,56.9,NEUTRAL,,70.90433280698085,15.0,0.7246000000000006,1.0,rookie_exemption,17.0,11.035400000000001,0.7246000000000006,11.760000000000002,58,19,WR1/2,0,,,,False,,,1.0
00-0034348,Courtland Sutton,WR,DEN,12.7,215.9,10.38,17,12.34,2025*0.50+2024*0.30+2023*0.20+rel[PROVEN_ELITE*1.12],,none,2025*0.50+2024*0.30+2023*0.20+rel[PROVEN_ELITE*1.12],PROVEN_ELITE,5,9.697286658003032,0.18217455627918064,1.12,False,61.3,30.0,77.8,0.21095334685598377,0.23076923076923078,0.21739130434782608,0.23076923076923078,0.22105263157894736,96.9130477357503,76.00929064261045,0.04161486502817672,1.493,1.0398,SNAP_RISING,49.596774193548356,1.001008064516129,1.001008064516129,0.9981854838709677,0.11538461538461539,0.7414550315065878,4.258544968493412,NEUTRAL,61.3,NEUTRAL,,51.68092528697596,0.0,0.6485999999999983,1.0,,19.0,11.035400000000001,0.6485999999999983,11.684,59,20,WR1/2,0,,,,False,,,1.0
00-0039851,Drake Maye,QB,NE,20.53,349.0,20.3,12,13.63,2025*0.50+2024*0.30+rel[EMERGING*1.03] [consensus_floor:20.0:QB3 consensus - AJ Brown],,none,2025*0.50+2024*0.30+rel[EMERGING*1.03] [consensus_floor:20.0:QB3 consensus - AJ Brown],EMERGING,2,17.875571095571097,0.18678160384230066,1.03,False,51.8,2.0,65.2,0.004597701149425287,,,,,50.0,66.2210769855281,0.02595372317684496,0.009,1.0003,,49.899193548387125,0.9998991935483871,0.9961693548387096,1.0036290322580645,0.14204545454545456,-0.06969639106358638,5.069696391063587,NEUTRAL,51.8,NEUTRAL,,56.80434369336106,0.0,0.6119839999999996,1.0,,21.0,18.275616000000003,0.6119839999999996,18.887600000000003,60,7,QB1,0,,,,False,,,1.0
00-0037240,Jameson Williams,WR,DET,12.5,212.5,10.98,14,12.23,2025*0.50+2024*0.30+2023*0.20+rel[PROVEN_SOLID*1.06] [consensus_floor:12.4:WR20-24 consensus DET] [adp_ecr_floor:12.5],,none,2025*0.50+2024*0.30+2023*0.20+rel[PROVEN_SOLID*1.06] [consensus_floor:12.4:WR20-24 consensus DET] [adp_ecr_floor:12.5],PROVEN_SOLID,3,9.623436942959001,0.262328192609313,1.06,False,39.4,21.0,61.9,0.15210355987055016,0.2702702702702703,0.21621621621621623,0.10843373493975904,0.1,73.95451257287708,71.6413052933654,0.03462608846938465,-0.508,0.9865,,54.737903225806626,1.0034274193548387,1.0034274193548387,1.0060483870967742,0.054945054945054944,-1.0278785564254345,2.0278785564254345,TD_UNLUCKY_BUY,39.4,NEUTRAL,,52.132143160624125,0.0,0.464599999999999,1.0,,17.0,11.035400000000001,0.464599999999999,11.5,61,21,WR1/2,1,Wk8,Munich game (Wk8) — lowest scoring international venue,⚠ Munich Wk8,True,,Munich,0.674
00-0031588,Stefon Diggs,WR,WAS,12.46,211.8,9.13,8,12.3,2025*0.50+2024*0.30+2023*0.20+rel[PROVEN_ELITE*1.12],,none,2025*0.50+2024*0.30+2023*0.20+rel[PROVEN_ELITE*1.12],PROVEN_ELITE,6,13.177115384615385,0.18898256298612692,1.12,False,95.4,46.0,66.7,0.21379310344827587,0.21621621621621623,0.11538461538461539,0.18681318681318682,0.1780821917808219,85.40393522124835,74.4380335679125,0.03910085370866,1.483,1.0396,SNAP_RISING,50.60483870967736,0.995766129032258,0.995766129032258,1.0054435483870967,0.07386363636363637,2.363757876646935,2.636242123353065,TD_LUCK_FADE,95.4,NEUTRAL,,50.19396277129187,0.0,0.4277999999999995,1.0,,21.0,11.035400000000001,0.4277999999999995,11.4632,62,22,WR1/2,0,,,,False,,,1.0
00-0039065,Sam LaPorta,TE,DET,10.53,179.0,9.66,17,9.34,2025*0.50+2024*0.30+2023*0.20+rel[PROVEN_SOLID*1.06],,none,2025*0.50+2024*0.30+2023*0.20+rel[PROVEN_SOLID*1.06],PROVEN_SOLID,3,10.347826086956522,0.09309278736139792,1.06,False,118.5,10.0,73.9,0.08090614886731391,0.08108108108108109,0.21621621621621623,0.12048192771084337,0.06666666666666667,66.16047459196119,71.6413052933654,0.03462608846938465,,1.0,,54.737903225806626,1.0034274193548387,1.0034274193548387,1.0060483870967742,0.03296703296703297,0.7832728661447392,1.2167271338552608,NEUTRAL,118.5,NEUTRAL,,56.84621978815637,0.0,0.39081599999999916,0.95,,9.0,8.812404,0.39081599999999916,9.20322,63,9,TE1/2,1,Wk8,Munich game (Wk8) — lowest scoring international venue,⚠ Munich Wk8,True,,Munich,0.674
00-0037740,Garrett Wilson,WR,NYJ,12.99,220.8,11.64,17,11.85,2025*0.50+2024*0.30+2023*0.20+rel[PROVEN_SOLID*1.06] [team_corr:NYJ:0.95:NYJ WR1 - uncertain QB situation] [consensus_floor:13.0:WR14 consensus NYJ],,none,2025*0.50+2024*0.30+2023*0.20+rel[PROVEN_SOLID*1.06] [team_corr:NYJ:0.95:NYJ WR1 - uncertain QB situation] [consensus_floor:13.0:WR14 consensus NYJ],PROVEN_SOLID,3,10.739465786314527,0.0833997339648239,1.06,False,31.3,17.0,55.0,0.1807909604519774,,0.0958904109589041,0.14606741573033707,0.08196721311475409,84.18849022976255,51.435893228452784,0.002297429165524454,,1.0,,47.58064516129035,0.9959677419354839,0.9959677419354839,0.9991935483870967,0.04032258064516129,0.9860607217872828,1.0139392782127172,NEUTRAL,31.3,NEUTRAL,,55.92399064635286,0.0,0.3178599999999996,0.95,,7.0,11.035400000000001,0.3178599999999996,11.35326,64,23,WR1/2,0,,,,False,,,1.0
00-0035685,David Montgomery,RB,HOU,10.94,186.0,9.11,15,13.82,2025*0.50+2024*0.30+2023*0.20+rel[PROVEN_ELITE*1.12] [team_corr:HOU:0.85:Traded to Texans from Lions],,none,2025*0.50+2024*0.30+2023*0.20+rel[PROVEN_ELITE*1.12] [team_corr:HOU:0.85:Traded to Texans from Lions],PROVEN_ELITE,6,12.498297872340427,0.17475740248167876,1.12,False,56.5,25.0,62.0,0.038834951456310676,0.10810810810810811,0.08108108108108109,0.012048192771084338,0.022222222222222223,85.4134774221171,71.3884009595321,0.03422144153525137,-0.016,0.9996,,53.124999999999865,1.0052419354838709,1.001008064516129,1.0052419354838709,0.2032967032967033,-1.503150658774108,7.503150658774108,TD_UNLUCKY_BUY,56.5,NEUTRAL,,51.821788669720014,0.0,0.26833333333333265,1.0,,17.0,9.796466666666667,0.26833333333333265,10.0648,65,26,RB3,1,Wk7,London game (Wk7) — historically low scoring,⚠ London Wk7,True,,London,0.853
00-0033077,Dak Prescott,QB,DAL,20.15,342.5,18.34,8,14.56,2025*0.50+2024*0.30+2023*0.20+rel[PROVEN_ELITE*1.12],,none,2025*0.50+2024*0.30+2023*0.20+rel[PROVEN_ELITE*1.12],PROVEN_ELITE,5,19.290632911392404,0.11282225714680766,1.12,False,65.4,5.0,70.3,,,,,,50.0,69.90993593103083,0.03185589748964933,-0.538,0.9856,,48.58870967741935,0.9985887096774193,0.9997983870967742,0.9973790322580645,0.061855670103092786,-0.43345426771052153,2.4334542677105215,NEUTRAL,65.4,NEUTRAL,,58.94490302801259,0.0,0.2623839999999973,1.0,,17.0,18.275616000000003,0.2623839999999973,18.538,66,8,QB1,0,,,,False,,,1.0
00-0036971,Trevor Lawrence,QB,JAX,20.1,341.7,20.09,9,14.57,2025*0.50+2024*0.30+2023*0.20+rel[PROVEN_ELITE*1.12],,none,2025*0.50+2024*0.30+2023*0.20+rel[PROVEN_ELITE*1.12],PROVEN_ELITE,5,16.272025316455696,0.17246029249778932,1.12,False,91.6,11.0,62.3,,,,,,50.0,43.58248415247496,-0.010268025356040062,0.913,1.0244,,50.907258064516235,1.0009072580645162,1.0,1.0018145161290322,0.12962962962962962,3.3219400420087837,5.678059957991216,TD_LUCK_FADE,91.6,NEUTRAL,,61.73865601470552,0.0,0.2163839999999979,1.0,,18.0,18.275616000000003,0.2163839999999979,18.492,67,9,QB1,2,"Wk6, Wk7","2 London games (Wk6, Wk7) — historically low scoring","⚠ London x2 (Wk6,7)",True,MULTIPLE_INTL_GAMES,London,0.853
00-0036355,Justin Herbert,QB,LAC,20.1,341.7,17.7,18,16.17,2025*0.50+2024*0.30+2023*0.20+rel[PROVEN_ELITE*1.12] [consensus_floor:19.5:QB8 consensus McDaniel],,none,2025*0.50+2024*0.30+2023*0.20+rel[PROVEN_ELITE*1.12] [consensus_floor:19.5:QB8 consensus McDaniel],PROVEN_ELITE,6,18.75163265306123,0.13688473944960639,1.12,False,107.0,14.0,64.6,,,,,,50.0,52.96449543969547,0.00474319270351275,0.999,1.0266,,45.36290322580649,0.9953629032258065,0.9997983870967742,0.9909274193548386,0.10493827160493827,-1.4473935459232385,3.4473935459232385,TD_UNLUCKY_BUY,107.0,NEUTRAL,,38.029902800544015,0.0,0.2163839999999979,1.0,,17.0,18.275616000000003,0.2163839999999979,18.492,68,10,QB1,0,,,,False,,,1.0
00-0036139,Rico Dowdle,RB,PIT,10.71,182.1,11.16,16,11.14,2025*0.50+2024*0.30+2023*0.20+rel[VOLATILE*0.88] [adp_ecr_floor:10.2] [camp_notes:POSITIVE:1.05:That cleared the way for Rico Dowdle to take over the backfield.],,none,2025*0.50+2024*0.30+2023*0.20+rel[VOLATILE*0.88] [adp_ecr_floor:10.2] [camp_notes:POSITIVE:1.05:That cleared the way for Rico Dowdle to take over the backfield.],VOLATILE,3,9.011534025374857,0.3109264622457342,0.88,False,73.5,31.0,60.4,0.11411411411411411,,0.0594059405940594,0.1518987341772152,0.07692307692307693,85.75677314607603,57.575124955459145,0.012120199928734633,1.429,1.0381,SNAP_RISING,42.13709677419364,0.9919354838709677,0.9923387096774193,0.9919354838709677,0.2679738562091503,-2.314302081344282,8.314302081344282,TD_UNLUCKY_BUY,73.5,NEUTRAL,POSITIVE,27.424766071030465,0.0,0.056733333333333746,1.0,,18.0,9.796466666666667,0.056733333333333746,9.853200000000001,69,27,RB3,0,,,,False,,,1.0
00-0036442,Joe Burrow,QB,CIN,20.92,355.6,16.81,17,21.93,2025*0.50+2024*0.30+2023*0.20+rel[PROVEN_ELITE*1.12],,none,2025*0.50+2024*0.30+2023*0.20+rel[PROVEN_ELITE*1.12],PROVEN_ELITE,6,19.21714285714286,0.13239113760427987,1.12,False,56.1,3.0,68.8,,,,,,50.0,68.34794241910284,0.02935670787056454,0.467,1.0125,,47.27822580645169,0.9972782258064516,1.0012096774193548,0.9933467741935483,0.013888888888888888,-0.4055757112850869,0.4055757112850869,NEUTRAL,56.1,NEUTRAL,,51.80200187589131,0.0,0.008463999999996474,0.95,,8.0,18.275616000000003,0.008463999999996474,18.28408,70,11,QB1,0,,,,False,,,1.0
00-0039919,Rome Odunze,WR,CHI,12.0,204.0,9.64,17,6.94,2025*0.50+2024*0.30+rel[EMERGING*1.03] [adp_ecr_floor:12.0],,none,2025*0.50+2024*0.30+rel[EMERGING*1.03] [adp_ecr_floor:12.0],EMERGING,2,8.10547619047619,0.16657998275537345,1.03,False,49.9,26.0,62.9,0.17026378896882494,0.16,0.2222222222222222,0.13513513513513514,0.16470588235294117,88.58809947514968,46.724480763023614,-0.0052408307791622175,0.0,1.0,,46.27016129032258,0.9943548387096773,0.9943548387096773,0.9981854838709677,0.07035175879396985,0.16097002100439184,2.839029978995608,NEUTRAL,49.9,NEUTRAL,,52.94292129684042,0.0,0.0045999999999999375,1.0,,14.0,11.035400000000001,0.0045999999999999375,11.040000000000001,71,24,WR3,0,,,,False,,,1.0
00-0039915,Ladd McConkey,WR,LAC,12.0,204.0,8.98,17,13.54,2025*0.50+2024*0.30+rel[UNPROVEN*0.92] [adp_ecr_floor:12.0],,none,2025*0.50+2024*0.30+rel[UNPROVEN*0.92] [adp_ecr_floor:12.0],UNPROVEN,2,11.255882352941178,0.20250849229161227,0.92,False,41.1,22.0,64.6,0.20114942528735633,0.4444444444444444,0.18072289156626506,0.19480519480519481,0.18518518518518517,59.26281229638066,52.96449543969547,0.00474319270351275,-0.956,0.9745,,45.36290322580649,0.9997983870967742,0.9997983870967742,0.9909274193548386,0.09259259259259259,0.9581821653618481,3.041817834638152,NEUTRAL,41.1,NEUTRAL,,35.01271183547129,0.0,0.0045999999999999375,1.0,,17.0,11.035400000000001,0.0045999999999999375,11.040000000000001,72,25,WR3,0,,,,False,,,1.0
00-0038606,Parker Washington,WR,JAX,12.0,204.0,10.26,11,6.25,2025*0.50+2024*0.30+2023*0.20+rel[EMERGING*1.03] [adp_ecr_floor:12.0],,none,2025*0.50+2024*0.30+2023*0.20+rel[EMERGING*1.03] [adp_ecr_floor:12.0],EMERGING,2,8.019153225806452,0.24979258328095535,1.03,False,64.7,33.0,42.3,0.20821917808219179,0.11363636363636363,0.15,0.15942028985507245,0.20212765957446807,77.99817950958679,43.58248415247496,-0.010268025356040062,1.404,1.0374,SNAP_RISING,50.907258064516235,1.0,1.0,1.0018145161290322,0.09259259259259259,0.9442428871491311,4.055757112850869,NEUTRAL,64.7,NEUTRAL,,65.33798453268194,0.0,0.0045999999999999375,1.0,,16.0,11.035400000000001,0.0045999999999999375,11.040000000000001,73,26,WR3,2,"Wk6, Wk7","2 London games (Wk6, Wk7) — historically low scoring","⚠ London x2 (Wk6,7)",True,MULTIPLE_INTL_GAMES,London,0.853
00-0035640,DK Metcalf,WR,PIT,12.0,204.0,10.18,15,10.55,2025*0.50+2024*0.30+2023*0.20+rel[PROVEN_ELITE*1.12] [adp_ecr_floor:12.0],,none,2025*0.50+2024*0.30+2023*0.20+rel[PROVEN_ELITE*1.12] [adp_ecr_floor:12.0],PROVEN_ELITE,6,12.008163265306122,0.1307888455146143,1.12,False,64.1,32.0,60.4,0.20300751879699247,0.0625,0.15384615384615385,0.13095238095238096,0.16455696202531644,73.40224929818936,57.575124955459145,0.012120199928734633,-0.957,0.9745,,42.13709677419364,0.9923387096774193,0.9923387096774193,0.9919354838709677,0.0875,1.1609700210043918,2.839029978995608,TD_LUCK_FADE,64.1,NEUTRAL,,42.290298138214645,0.0,0.0045999999999999375,1.0,,16.0,11.035400000000001,0.0045999999999999375,11.040000000000001,74,27,WR3,0,,,,False,,,1.0
00-0039849,Marvin Harrison Jr.,WR,ARI,12.0,204.0,8.78,15,9.74,2025*0.50+2024*0.30+rel[UNPROVEN*0.92] [adp_ecr_floor:12.0],,none,2025*0.50+2024*0.30+rel[UNPROVEN*0.92] [adp_ecr_floor:12.0],UNPROVEN,2,9.329015837104071,0.05146813631871557,0.92,False,66.4,34.0,56.1,0.13622291021671826,0.17857142857142858,0.09239130434782608,0.09782608695652174,0.10476190476190476,87.14908586609828,63.84792616237692,0.022156681859803077,-2.521,0.9328,SNAP_FALLING,46.975806451612925,0.9979838709677419,0.9979838709677419,0.9959677419354839,0.07006369426751592,1.7693335879320222,2.2306664120679778,TD_LUCK_FADE,66.4,NEUTRAL,,43.543159757035454,0.0,0.0045999999999999375,1.0,,12.0,11.035400000000001,0.0045999999999999375,11.040000000000001,75,28,WR3,0,,,,False,,,1.0
00-0036613,Jaylen Waddle,WR,DEN,12.0,204.0,10.13,14,8.04,2025*0.50+2024*0.30+2023*0.20+rel[PROVEN_ELITE*1.12] [adp_ecr_floor:12.0],,none,2025*0.50+2024*0.30+2023*0.20+rel[PROVEN_ELITE*1.12] [adp_ecr_floor:12.0],PROVEN_ELITE,5,10.978814102564103,0.15144165012122282,1.12,False,47.2,24.0,65.8,0.24796747967479674,0.2571428571428571,0.10909090909090909,0.16,0.16417910447761194,77.40485832677257,76.00929064261045,0.04161486502817672,-1.25,0.9667,,49.596774193548356,1.001008064516129,1.001008064516129,0.9981854838709677,0.08029197080291971,0.7693335879320222,2.2306664120679778,NEUTRAL,47.2,NEUTRAL,,52.28191826821824,0.0,0.0045999999999999375,1.0,,16.0,11.035400000000001,0.0045999999999999375,11.040000000000001,76,29,WR1/2,0,,,,False,,,1.0
00-0034827,DJ Moore,WR,BUF,11.97,203.5,9.21,17,11.12,2025*0.50+2024*0.30+2023*0.20+rel[PROVEN_ELITE*1.12],,none,2025*0.50+2024*0.30+2023*0.20+rel[PROVEN_ELITE*1.12],PROVEN_ELITE,6,11.22718891703412,0.13720906445114145,1.12,False,47.3,25.0,77.0,0.16546762589928057,0.16,0.1111111111111111,0.0990990990990991,0.15294117647058825,89.12232342720485,58.025835662374284,0.012841337059798855,-0.188,0.995,,43.85080645161299,0.9953629032258065,0.9953629032258065,0.9923387096774193,0.08040201005025126,1.7553943097193048,3.2446056902806952,TD_LUCK_FADE,47.3,NEUTRAL,,60.45171084451446,0.0,-0.022999999999999687,1.0,,19.0,11.035400000000001,-0.022999999999999687,11.012400000000001,77,30,WR3,0,,,,False,,,1.0
00-0031610,Darren Waller,TE,CAR,9.51,161.7,9.59,0,,2025*0.50+2023*0.20+rel[PROVEN_SOLID*1.06],,none,2025*0.50+2023*0.20+rel[PROVEN_SOLID*1.06],PROVEN_SOLID,4,10.371219135802471,0.24300091470317217,1.06,False,,,58.9,0.07317073170731707,0.05714285714285714,0.06363636363636363,0.04,0.11940298507462686,89.33527380416604,37.364597196445956,-0.02021664448568647,0.232,1.0062,,39.51612903225809,0.9917338709677419,0.9917338709677419,0.9872983870967742,0.058394160583941604,4.377697154859653,1.6223028451403476,TD_LUCK_FADE,,NEUTRAL,,48.81333174954248,0.0,-0.0632040000000007,1.0,rookie_exemption,8.0,8.812404,-0.0632040000000007,8.7492,78,10,TE1/2,0,,,,False,,,1.0
00-0038124,Christian Watson,WR,GB,12.0,204.0,11.45,10,6.49,2025*0.50+2024*0.30+2023*0.20+rel[PROVEN_SOLID*1.06] [adp_ecr_floor:12.0],,none,2025*0.50+2024*0.30+2023*0.20+rel[PROVEN_SOLID*1.06] [adp_ecr_floor:12.0],PROVEN_SOLID,4,9.21111111111111,0.20677954927404024,1.06,False,55.6,28.0,66.5,0.11645569620253164,0.2,,0.09210526315789473,0.0945945945945946,82.44771452263713,58.17024718521366,0.013072395496341857,-0.295,0.9921,,48.48790322580654,0.9955645161290322,0.9955645161290322,1.0014112903225807,0.04597701149425287,1.3776971548596524,1.6223028451403476,TD_LUCK_FADE,55.6,NEUTRAL,,43.74300125741086,0.0,-0.3266000000000009,0.97,,11.0,11.035400000000001,-0.3266000000000009,10.7088,79,31,WR3,0,,,,False,,,1.0
00-0035659,Terry McLaurin,WR,WAS,11.99,203.8,9.52,19,13.73,2025*0.50+2024*0.30+2023*0.20+rel[PROVEN_ELITE*1.12],,none,2025*0.50+2024*0.30+2023*0.20+rel[PROVEN_ELITE*1.12],PROVEN_ELITE,6,11.234590112640804,0.13039338946807846,1.12,False,46.1,23.0,78.7,0.13924050632911392,0.14285714285714285,0.17525773195876287,0.14035087719298245,0.1568627450980392,94.51323681965064,74.4380335679125,0.03910085370866,-0.305,0.9919,,50.60483870967736,0.995766129032258,0.995766129032258,1.0054435483870967,0.05517241379310345,0.3776971548596524,1.6223028451403476,NEUTRAL,46.1,NEUTRAL,,43.54801862433428,0.0,-0.3355239999999995,0.97,,10.0,11.035400000000001,-0.3355239999999995,10.699876000000001,80,32,WR3,0,,,,False,,,1.0
00-0036555,Chuba Hubbard,RB,CAR,10.2,173.4,8.21,15,14.67,2025*0.50+2024*0.30+2023*0.20+rel[VOLATILE*0.88] [adp_ecr_floor:10.2],,none,2025*0.50+2024*0.30+2023*0.20+rel[VOLATILE*0.88] [adp_ecr_floor:10.2],VOLATILE,5,9.609056712962964,0.2871017406264257,0.88,False,88.0,33.0,58.9,0.06306306306306306,0.375,0.13861386138613863,0.06329113924050633,0.07692307692307693,52.35058059094484,37.364597196445956,-0.02021664448568647,-1.921,0.9488,SNAP_FALLING,39.51612903225809,0.9872983870967742,0.9917338709677419,0.9872983870967742,0.1895424836601307,-1.8808478136337605,5.8808478136337605,BUY,88.0,BUY,,57.73503197365032,0.0,-0.412466666666667,1.0,,16.0,9.796466666666667,-0.412466666666667,9.384,81,28,RB3,0,,,,False,,,1.0
00-0037228,Jaylen Warren,RB,PIT,10.2,173.4,11.9,15,6.85,2025*0.50+2024*0.30+2023*0.20+rel[VOLATILE*0.88] [adp_ecr_floor:10.2],,none,2025*0.50+2024*0.30+2023*0.20+rel[VOLATILE*0.88] [adp_ecr_floor:10.2],VOLATILE,4,8.5427734375,0.3089320937097255,0.88,False,63.9,28.0,48.4,0.08521303258145363,0.1875,0.07692307692307693,0.011904761904761904,0.06329113924050633,77.1014656239407,57.575124955459145,0.012120199928734633,-1.82,0.9515,SNAP_FALLING,42.13709677419364,0.9919354838709677,0.9923387096774193,0.9919354838709677,0.2875,-4.3282413595569995,9.328241359557,TD_UNLUCKY_BUY,63.9,NEUTRAL,,37.80484740516837,0.0,-0.412466666666667,1.0,,17.0,9.796466666666667,-0.412466666666667,9.384,82,29,RB3,0,,,,False,,,1.0
00-0035261,Tony Pollard,RB,TEN,10.2,173.4,10.31,16,11.26,2025*0.50+2024*0.30+2023*0.20+rel[VOLATILE*0.88] [adp_ecr_floor:10.2],,none,2025*0.50+2024*0.30+2023*0.20+rel[VOLATILE*0.88] [adp_ecr_floor:10.2],VOLATILE,6,10.594249999999999,0.20442705044647488,0.88,False,66.4,29.0,67.3,0.06882591093117409,,0.08670520231213873,0.05,0.0196078431372549,90.0654578042927,43.59991239936847,-0.010240140161010448,1.116,1.0298,,51.008064516129046,1.0014112903225807,1.0006048387096773,1.0014112903225807,0.20833333333333334,-1.055757112850869,4.055757112850869,TD_UNLUCKY_BUY,66.4,NEUTRAL,,47.01179426514946,0.0,-0.412466666666667,1.0,,17.0,9.796466666666667,-0.412466666666667,9.384,83,30,RB3,0,,,,False,,,1.0
00-0040242,Jacory Croskey-Merritt,RB,WAS,10.2,173.4,8.22,0,,2025_only+rel[UNPROVEN*0.92] [adp_ecr_floor:10.2],,none,2025_only+rel[UNPROVEN*0.92] [adp_ecr_floor:10.2],UNPROVEN,1,8.223529411764705,0.0,0.92,False,103.1,36.0,66.7,0.03375527426160337,,0.030927835051546393,,0.0196078431372549,97.55491809055401,74.4380335679125,0.03910085370866,5.008,1.08,SNAP_RISING,50.60483870967736,1.0054435483870967,0.995766129032258,1.0054435483870967,0.22758620689655173,0.3080007637960662,6.691999236203934,NEUTRAL,103.1,NEUTRAL,,54.92034553027384,8.0,-0.412466666666667,1.0,rookie_exemption,17.0,9.796466666666667,-0.412466666666667,9.384,84,31,RB3,0,,,,False,,,1.0
sleeper:7567,Kenny Gainwell,RB,TB,10.2,173.4,,0,,sleeper_roster+adp_prior,,none,sleeper_roster+adp_prior,UNPROVEN,0,,,1.0,False,98.9,35.0,62.6,,,,,,50.0,36.25093968232914,-0.021998496508273378,,1.0,,51.3104838709677,1.0022177419354839,1.0004032258064515,1.0022177419354839,,,,NEUTRAL,98.9,NEUTRAL,,33.824063102937174,0.0,-0.412466666666667,1.0,,,9.796466666666667,-0.412466666666667,9.384,85,32,RB3,0,,,,False,,,1.0
00-0031408,Mike Evans,WR,SF,12.04,204.7,8.72,15,14.81,2025*0.50+2024*0.30+2023*0.20+rel[PROVEN_ELITE*1.12],,none,2025*0.50+2024*0.30+2023*0.20+rel[PROVEN_ELITE*1.12],PROVEN_ELITE,5,13.448157894736843,0.08200706422156648,1.12,False,53.7,27.0,81.5,0.14049586776859505,0.16666666666666666,0.014925373134328358,0.11627906976744186,0.11842105263157894,79.38434062360191,85.86365482399324,0.057381847718389195,-5.076,0.92,SNAP_FALLING,46.774193548387075,0.9951612903225806,0.9951612903225806,0.9983870967741935,0.061224489795918366,1.1749092992171088,1.8250907007828912,TD_LUCK_FADE,53.7,NEUTRAL,,58.49884785383245,0.0,-0.5124400000000016,0.95,,8.0,11.035400000000001,-0.5124400000000016,10.52296,86,33,WR3,2,"Wk1, Wk11",2 international games — Melbourne (Wk1); Mexico City (Wk11),⚠ Melbourne Wk1; Mexico City Wk11,True,MULTIPLE_INTL_GAMES,Melbourne,0.853
00-0030506,Travis Kelce,TE,KC,8.97,152.5,9.01,19,9.31,2025*0.50+2024*0.30+2023*0.20+rel[VOLATILE*0.88],,none,2025*0.50+2024*0.30+2023*0.20+rel[VOLATILE*0.88],VOLATILE,6,13.460178571428573,0.25443554841997906,0.88,False,122.0,11.0,70.9,0.22549019607843138,0.05405405405405406,,0.26506024096385544,0.16049382716049382,60.067596657029725,67.49565411893563,0.027993046590297013,1.271,1.0339,,49.69758064516139,0.9981854838709677,0.9981854838709677,1.0012096774193548,0.08284023668639054,0.16097002100439184,2.8390299789956086,NEUTRAL,122.0,NEUTRAL,,58.69949879461162,0.0,-0.5600039999999993,1.0,,17.0,8.812404,-0.5600039999999993,8.252400000000002,87,11,TE1/2,0,,,,False,,,1.0
00-0036970,Kyle Pitts,TE,ATL,8.96,152.3,9.81,15,6.34,2025*0.50+2024*0.30+2023*0.20+rel[PROVEN_ELITE*1.12],,none,2025*0.50+2024*0.30+2023*0.20+rel[PROVEN_ELITE*1.12],PROVEN_ELITE,5,7.604156862745097,0.1881414120362474,1.12,False,,,73.3,0.23929471032745592,0.07142857142857142,0.20588235294117646,0.2692307692307692,0.203125,64.93706091740843,74.65614168324744,0.039449826693195904,-0.51,0.9864,,48.38709677419351,1.004032258064516,1.004032258064516,0.9927419354838709,0.09558823529411764,2.363757876646935,2.636242123353065,TD_LUCK_FADE,,NEUTRAL,,41.76193539350505,0.0,-0.5692039999999992,1.0,,17.0,8.812404,-0.5692039999999992,8.243200000000002,88,12,TE1/2,0,,,,False,,,1.0
00-0039032,Tyjae Spears,RB,TEN,10.0,170.0,6.86,11,8.22,2025*0.50+2024*0.30+2023*0.20+starter_floor_soft+rel[PROVEN_SOLID*1.06] [adp_ecr_floor:10.0],,none,2025*0.50+2024*0.30+2023*0.20+starter_floor_soft+rel[PROVEN_SOLID*1.06] [adp_ecr_floor:10.0],PROVEN_SOLID,3,7.513044871794873,0.07364806543589514,1.06,False,137.4,44.0,55.3,0.0931174089068826,,0.09248554913294797,0.125,0.13725490196078433,92.14081159117194,43.59991239936847,-0.010240140161010448,0.552,1.0147,,51.008064516129046,1.0014112903225807,1.0006048387096773,1.0014112903225807,0.17708333333333334,-1.4473935459232385,3.4473935459232385,TD_UNLUCKY_BUY,137.4,NEUTRAL,,32.05131994224046,0.0,-0.5964666666666663,1.0,,13.0,9.796466666666667,-0.5964666666666663,9.200000000000001,89,33,RB3,0,,,,False,,,1.0
00-0040730,RJ Harvey,RB,DEN,10.0,170.0,10.64,0,,2025_only+rel[UNPROVEN*0.92] [adp_ecr_floor:10.0],,none,2025_only+rel[UNPROVEN*0.92] [adp_ecr_floor:10.0],UNPROVEN,1,10.63684210526316,0.0,0.92,False,105.9,38.0,65.8,0.11156186612576065,0.19230769230769232,0.06521739130434782,0.054945054945054944,0.1368421052631579,79.99170250765881,76.00929064261045,0.04161486502817672,-0.882,0.9765,,49.596774193548356,0.9981854838709677,1.001008064516129,0.9981854838709677,0.24175824175824176,0.07733435172808889,8.922665648271911,NEUTRAL,105.9,NEUTRAL,,43.393561705983515,8.0,-0.5964666666666663,1.0,rookie_exemption,19.0,9.796466666666667,-0.5964666666666663,9.200000000000001,90,34,RB3,0,,,,False,,,1.0
00-0037256,Rachaad White,RB,WAS,10.0,170.0,7.24,16,11.04,2025*0.50+2024*0.30+2023*0.20+rel[PROVEN_SOLID*1.06] [adp_ecr_floor:10.0],,none,2025*0.50+2024*0.30+2023*0.20+rel[PROVEN_SOLID*1.06] [adp_ecr_floor:10.0],PROVEN_SOLID,4,9.985294117647058,0.27130884608958683,1.06,False,120.8,42.0,78.7,0.08264462809917356,,0.1044776119402985,0.06976744186046512,0.13157894736842105,90.6207627104884,74.4380335679125,0.03910085370866,-1.193,0.9682,,50.60483870967736,1.0054435483870967,0.995766129032258,1.0054435483870967,0.19727891156462585,-1.8808478136337605,5.8808478136337605,BUY,120.8,BUY,,39.758929305586825,0.0,-0.5964666666666663,1.0,,17.0,9.796466666666667,-0.5964666666666663,9.200000000000001,91,35,RB3,0,,,,False,,,1.0
00-0039738,Blake Corum,RB,LAR,10.0,170.0,6.82,11,2.14,2025*0.50+2024*0.30+starter_floor_soft+rel[VOLATILE*0.88] [adp_ecr_floor:10.0],,none,2025*0.50+2024*0.30+starter_floor_soft+rel[VOLATILE*0.88] [adp_ecr_floor:10.0],VOLATILE,2,5.101880952380953,0.45788434704287395,0.88,False,120.5,41.0,53.8,0.026365348399246705,0.02531645569620253,,,0.007936507936507936,96.61957288475543,71.38184056603394,0.03421094490565431,-0.115,0.9969,,55.94758064516125,1.0048387096774194,1.0070564516129032,1.0048387096774194,0.12663755458515283,-0.8808478136337605,5.88084781363376,NEUTRAL,120.5,NEUTRAL,,38.62518705719096,0.0,-0.5964666666666663,1.0,,20.0,9.796466666666667,-0.5964666666666663,9.200000000000001,92,36,RB3,1,Wk1,Melbourne game (Wk1) — historically low scoring,⚠ Melbourne Wk1,True,,Melbourne,0.853
00-0039811,MarShawn Lloyd,RB,GB,10.0,170.0,,1,2.3,adp_market_floor+rel[UNPROVEN*0.92] [adp_ecr_floor:10.0],,none,adp_market_floor+rel[UNPROVEN*0.92] [adp_ecr_floor:10.0],UNPROVEN,0,2.3,,0.92,False,138.1,45.0,46.5,,,,,,50.0,58.17024718521366,0.013072395496341857,,1.0,,48.48790322580654,1.0014112903225807,0.9955645161290322,1.0014112903225807,,,,NEUTRAL,138.1,NEUTRAL,,41.46655766878242,0.0,-0.5964666666666663,1.0,,,9.796466666666667,-0.5964666666666663,9.200000000000001,93,37,Flex,0,,,,False,,,1.0
00-0033921,Chris Godwin Jr.,WR,TB,11.93,202.8,7.17,7,16.11,2025*0.50+2024*0.30+2023*0.20+rel[PROVEN_ELITE*1.12],,none,2025*0.50+2024*0.30+2023*0.20+rel[PROVEN_ELITE*1.12],PROVEN_ELITE,5,11.574074074074074,0.19662874711662348,1.12,False,77.3,38.0,74.6,0.09366391184573003,,0.07462686567164178,0.06976744186046512,0.10526315789473684,94.26403001102899,36.25093968232914,-0.021998496508273378,0.985,1.0263,,51.3104838709677,1.0004032258064515,1.0004032258064515,1.0022177419354839,0.05442176870748299,0.3776971548596524,1.6223028451403476,NEUTRAL,77.3,NEUTRAL,,33.52180376225238,0.0,-0.6085800000000017,0.95,,9.0,11.035400000000001,-0.6085800000000017,10.42682,94,34,WR3,0,,,,False,,,1.0
00-0034855,Baker Mayfield,QB,TB,19.1,324.7,16.11,18,21.19,2025*0.50+2024*0.30+2023*0.20+rel[PROVEN_ELITE*1.12],,none,2025*0.50+2024*0.30+2023*0.20+rel[PROVEN_ELITE*1.12],PROVEN_ELITE,5,15.950408163265307,0.16956712369201213,1.12,False,135.7,17.0,74.6,,,,,,50.0,36.25093968232914,-0.021998496508273378,-0.84,0.9776,,51.3104838709677,1.0013104838709677,1.0004032258064515,1.0022177419354839,0.061224489795918366,-0.8250907007828912,1.8250907007828912,NEUTRAL,135.7,NEUTRAL,,38.42209126282845,0.0,-0.7036160000000002,1.0,,17.0,18.275616000000003,-0.7036160000000002,17.572000000000003,95,12,QB1,0,,,,False,,,1.0
00-0034960,Jakobi Meyers,WR,JAX,11.16,189.7,8.21,15,11.63,2025*0.50+2024*0.30+2023*0.20+rel[PROVEN_ELITE*1.12],,none,2025*0.50+2024*0.30+2023*0.20+rel[PROVEN_ELITE*1.12],PROVEN_ELITE,6,10.057142857142857,0.11130868615814322,1.12,False,87.4,41.0,62.3,0.0958904109589041,0.1590909090909091,,0.10144927536231885,0.10638297872340426,89.87067464869273,43.58248415247496,-0.010268025356040062,0.335,1.0089,,50.907258064516235,1.0,1.0,1.0018145161290322,0.05555555555555555,0.5665457322894785,2.4334542677105215,NEUTRAL,87.4,NEUTRAL,,55.25818063238182,0.0,-0.7682000000000002,1.0,,17.0,11.035400000000001,-0.7682000000000002,10.2672,96,35,WR3,2,"Wk6, Wk7","2 London games (Wk6, Wk7) — historically low scoring","⚠ London x2 (Wk6,7)",True,MULTIPLE_INTL_GAMES,London,0.853
00-0038933,Dalton Kincaid,TE,BUF,8.74,148.6,9.59,16,5.56,2025*0.50+2024*0.30+2023*0.20+rel[PROVEN_SOLID*1.06] [consensus_floor:9.5:TE BUF],,none,2025*0.50+2024*0.30+2023*0.20+rel[PROVEN_SOLID*1.06] [consensus_floor:9.5:TE BUF],PROVEN_SOLID,3,7.396928916494135,0.22251417925751485,1.06,False,144.0,15.0,77.0,0.11267605633802817,0.06976744186046512,0.03389830508474576,0.08064516129032258,0.11956521739130435,87.59506692616687,58.025835662374284,0.012841337059798855,-3.322,0.92,SNAP_FALLING,43.85080645161299,0.9953629032258065,0.9953629032258065,0.9923387096774193,0.04932735426008968,2.7693335879320222,2.2306664120679778,TD_LUCK_FADE,144.0,NEUTRAL,,50.26171919940823,0.0,-0.771604,1.0,,14.0,8.812404,-0.771604,8.0408,97,13,TE2,0,,,,False,,,1.0
00-0035719,Deebo Samuel Sr.,WR,SF,10.9,185.3,9.51,14,9.29,2025*0.50+2024*0.30+2023*0.20+rel[PROVEN_SOLID*1.06],,none,2025*0.50+2024*0.30+2023*0.20+rel[PROVEN_SOLID*1.06],PROVEN_SOLID,5,12.300690836940838,0.2685096630027608,1.06,False,105.4,50.0,69.5,0.24050632911392406,0.14285714285714285,0.17525773195876287,0.2982456140350877,0.2549019607843137,69.59555569586516,85.86365482399324,0.057381847718389195,0.42,1.0112,,46.774193548387075,0.9951612903225806,0.9951612903225806,0.9983870967741935,0.11724137931034483,1.5526064540767615,3.4473935459232385,TD_LUCK_FADE,105.4,NEUTRAL,,51.74818197637568,0.0,-1.0074000000000005,1.0,,16.0,11.035400000000001,-1.0074000000000005,10.028,98,36,WR3,2,"Wk1, Wk11",2 international games — Melbourne (Wk1); Mexico City (Wk11),⚠ Melbourne Wk1; Mexico City Wk11,True,MULTIPLE_INTL_GAMES,Melbourne,0.853
00-0039910,Jayden Daniels,QB,WAS,19.74,335.6,16.61,20,21.41,2025*0.50+2024*0.30+rel[EMERGING*1.00] [sophomore_leap_player] [consensus_floor:19.0:QB5 consensus],,none,2025*0.50+2024*0.30+rel[EMERGING*1.00] [sophomore_leap_player] [consensus_floor:19.0:QB5 consensus],EMERGING,1,20.165925925925926,0.0,1.0,True,71.6,6.0,78.7,,,,,,50.0,74.4380335679125,0.03910085370866,0.0,1.0,,50.60483870967736,1.0006048387096773,0.995766129032258,1.0054435483870967,0.04827586206896552,0.5804850105021959,1.419514989497804,NEUTRAL,71.6,NEUTRAL,,59.6273464239572,0.0,-1.0228560000000044,0.95,,7.0,18.275616000000003,-1.0228560000000044,17.25276,99,13,QB2,0,,,,False,,,1.0
00-0039732,Bo Nix,QB,DEN,18.74,318.6,18.05,18,18.38,2025*0.50+2024*0.30+rel[UNPROVEN*0.92] [consensus_floor:17.0:QB12 consensus],,none,2025*0.50+2024*0.30+rel[UNPROVEN*0.92] [consensus_floor:17.0:QB12 consensus],UNPROVEN,2,18.21277777777778,0.008937559100753372,0.92,False,113.4,15.0,77.8,0.002028397565922921,,,,0.010526315789473684,98.30041635528984,76.00929064261045,0.04161486502817672,2.19,1.0584,SNAP_RISING,49.596774193548356,0.9995967741935483,1.001008064516129,0.9981854838709677,0.12637362637362637,0.33587932022150024,4.6641206797785,NEUTRAL,113.4,NEUTRAL,,43.86361651869244,0.0,-1.0348160000000028,1.0,,18.0,18.275616000000003,-1.0348160000000028,17.2408,100,14,QB2,0,,,,False,,,1.0
00-0030061,Zach Ertz,TE,PHI,8.45,143.6,7.65,19,8.75,2025*0.50+2024*0.30+2023*0.20+rel[PROVEN_ELITE*1.12],,none,2025*0.50+2024*0.30+2023*0.20+rel[PROVEN_ELITE*1.12],PROVEN_ELITE,5,7.727387612387613,0.18079741278465045,1.12,False,,,68.5,0.18143459915611815,,0.17525773195876287,0.19298245614035087,0.17647058823529413,97.19923806242113,86.51547671689036,0.05842476274702458,0.0,1.0,,60.88709677419346,1.0108870967741934,1.0108870967741934,1.0108870967741934,0.06206896551724138,2.174909299217109,1.8250907007828912,TD_LUCK_FADE,,NEUTRAL,,30.15368823927008,0.0,-1.0384040000000008,1.0,,13.0,8.812404,-1.0384040000000008,7.774,101,14,TE2,1,Wk6,London game (Wk6) — historically low scoring,⚠ London Wk6,True,,London,0.853
00-0033906,Alvin Kamara,RB,NO,9.8,166.6,8.02,14,16.52,"2025*0.50+2024*0.30+2023*0.20+rel[VOLATILE*0.88] [camp_notes:MILD:0.93:Alvin Kamara Questionable for Week 5 RB New Orleans Saints Back October 9, 2026 Kamara (back) is questionable for Sunday's game against the Vikings, Katherine Terrell of ESPN.com reports. ANALYSIS Subscribe now to instantly reveal our take ]",,none,"2025*0.50+2024*0.30+2023*0.20+rel[VOLATILE*0.88] [camp_notes:MILD:0.93:Alvin Kamara Questionable for Week 5 RB New Orleans Saints Back October 9, 2026 Kamara (back) is questionable for Sunday's game against the Vikings, Katherine Terrell of ESPN.com reports. ANALYSIS Subscribe now to instantly reveal our take ]",VOLATILE,6,15.37710843373494,0.2703366744639093,0.88,False,157.8,55.0,59.6,0.08080808080808081,,0.04424778761061947,0.08737864077669903,0.09615384615384616,92.0963088061522,62.22868616277322,0.019565897860437158,0.0,1.0,,54.83870967741944,1.0048387096774194,1.0048387096774194,1.0048387096774194,0.16806722689075632,-3.055757112850869,4.055757112850869,BUY,157.8,BUY,MILD,45.36130774119432,0.0,-1.0509466666666665,0.97,,11.0,9.796466666666667,-1.0509466666666665,8.74552,102,38,Flex,0,,,,False,,,1.0
00-0033090,Hunter Henry,TE,NE,8.24,140.1,8.12,15,7.03,2025*0.50+2024*0.30+2023*0.20+rel[PROVEN_ELITE*1.12],,none,2025*0.50+2024*0.30+2023*0.20+rel[PROVEN_ELITE*1.12],PROVEN_ELITE,6,7.4684787585602805,0.14644849860080608,1.12,False,164.5,19.0,65.2,0.15862068965517243,0.20270270270270271,0.19230769230769232,0.18681318681318682,0.3287671232876712,76.28465868828411,66.2210769855281,0.02595372317684496,-1.597,0.9574,SNAP_FALLING,49.899193548387125,0.9961693548387096,0.9961693548387096,1.0036290322580645,0.13636363636363635,0.13309146457895693,4.866908535421043,NEUTRAL,164.5,NEUTRAL,,35.05715155685208,0.0,-1.231604,1.0,,21.0,8.812404,-1.231604,7.580800000000001,103,15,TE2,0,,,,False,,,1.0
00-0039040,De'Von Achane,RB,MIA,9.09,154.5,18.04,17,15.35,2025*0.50+2024*0.30+2023*0.20+rel[PROVEN_SOLID*1.06] [camp_notes:IR:0.5:De'Von Achane listed as IR. ],,none,2025*0.50+2024*0.30+2023*0.20+rel[PROVEN_SOLID*1.06] [camp_notes:IR:0.5:De'Von Achane listed as IR. ],PROVEN_SOLID,3,16.274053030303033,0.08107167640966045,1.06,False,11.4,7.0,58.3,0.2073170731707317,0.14285714285714285,0.14545454545454545,0.18666666666666668,0.16417910447761194,90.135392068741,39.49461048193906,-0.0168086232288975,1.098,1.0293,,53.326612903225936,1.0054435483870967,1.0012096774193548,1.0054435483870967,0.31386861313868614,-2.7198777926293687,8.719877792629369,TD_UNLUCKY_BUY,11.4,NEUTRAL,IR,41.75713692332848,0.0,-1.4336666666666673,1.0,,16.0,9.796466666666667,-1.4336666666666673,8.3628,104,39,Flex,0,,,,False,,,1.0
00-0036040,Juwan Johnson,TE,NO,8.0,136.0,8.55,15,6.52,2025*0.50+2024*0.30+2023*0.20+rel[VOLATILE*0.88] [adp_ecr_floor:8.0],,none,2025*0.50+2024*0.30+2023*0.20+rel[VOLATILE*0.88] [adp_ecr_floor:8.0],VOLATILE,5,6.622247474747475,0.23060335167628568,0.88,False,153.1,16.0,71.6,0.16835016835016836,,0.19469026548672566,0.23300970873786409,0.15384615384615385,87.96317611372439,62.22868616277322,0.019565897860437158,-0.434,0.9884,,54.83870967741944,1.0048387096774194,1.0048387096774194,1.0048387096774194,0.06722689075630252,0.3776971548596524,1.6223028451403476,NEUTRAL,153.1,NEUTRAL,,45.9143078653538,0.0,-1.4524040000000005,1.0,,17.0,8.812404,-1.4524040000000005,7.36,105,16,TE2,0,,,,False,,,1.0
00-0038041,Jake Ferguson,TE,DAL,8.0,136.0,8.77,14,5.35,2025*0.50+2024*0.30+2023*0.20+rel[VOLATILE*0.88] [adp_ecr_floor:8.0],,none,2025*0.50+2024*0.30+2023*0.20+rel[VOLATILE*0.88] [adp_ecr_floor:8.0],VOLATILE,4,7.298692810457516,0.33991816788703993,0.88,False,138.9,14.0,70.3,0.175,0.24242424242424243,0.14705882352941177,0.3194444444444444,0.2403846153846154,75.97682714947574,69.90993593103083,0.03185589748964933,-1.487,0.9603,SNAP_FALLING,48.58870967741935,0.9997983870967742,0.9997983870967742,0.9973790322580645,0.12886597938144329,1.9303036089364136,5.0696963910635855,TD_LUCK_FADE,138.9,NEUTRAL,,47.757900150733086,0.0,-1.4524040000000005,1.0,,17.0,8.812404,-1.4524040000000005,7.36,106,17,TE2,0,,,,False,,,1.0
00-0034753,Mark Andrews,TE,BAL,8.0,136.0,6.29,17,9.07,2025*0.50+2024*0.30+2023*0.20+rel[VOLATILE*0.88] [adp_ecr_floor:8.0],,none,2025*0.50+2024*0.30+2023*0.20+rel[VOLATILE*0.88] [adp_ecr_floor:8.0],VOLATILE,6,10.079416442690436,0.2429219355480987,0.88,False,128.8,12.0,61.0,0.18050541516245489,,0.16923076923076924,0.17543859649122806,0.26785714285714285,83.84760047858141,59.32767737944676,0.014924283807114818,-0.84,0.9776,,48.89112903225801,0.9971774193548386,0.9971774193548386,1.0006048387096773,0.1111111111111111,0.3498185984342177,3.6501814015657823,NEUTRAL,128.8,NEUTRAL,,56.2954154762638,0.0,-1.4524040000000005,1.0,,17.0,8.812404,-1.4524040000000005,7.36,107,18,TE2,0,,,,False,,,1.0
00-0034869,Sam Darnold,QB,SEA,18.27,310.6,14.58,18,17.76,2025*0.50+2024*0.30+rel[PROVEN_SOLID*1.06] [team_corr:SEA:1.05:SEA - Super Bowl LX winner],,none,2025*0.50+2024*0.30+rel[PROVEN_SOLID*1.06] [team_corr:SEA:1.05:SEA - Super Bowl LX winner],PROVEN_SOLID,4,14.236779411764706,0.16913295723787053,1.06,False,142.0,20.0,78.0,,,,,,50.0,59.96730450368508,0.015947687205896125,0.864,1.023,,57.76209677419364,1.0077620967741936,1.0078629032258064,1.0076612903225806,0.03,-1.2167271338552608,1.2167271338552608,TD_UNLUCKY_BUY,142.0,NEUTRAL,,45.33259853945796,0.0,-1.467216000000004,1.0,,20.0,18.275616000000003,-1.467216000000004,16.8084,108,15,QB2,0,,,,False,,,1.0
00-0036252,Michael Pittman,WR,PIT,10.35,176.0,9.49,16,8.21,2025*0.50+2024*0.30+2023*0.20+rel[PROVEN_ELITE*1.12],,none,2025*0.50+2024*0.30+2023*0.20+rel[PROVEN_ELITE*1.12],PROVEN_ELITE,6,9.827083333333333,0.19892365677189136,1.12,False,,,48.4,0.15988372093023256,0.2857142857142857,0.29310344827586204,0.2777777777777778,0.21686746987951808,67.55044118760057,57.575124955459145,0.012120199928734633,-1.683,0.9551,SNAP_FALLING,42.13709677419364,0.9923387096774193,0.9923387096774193,0.9919354838709677,0.0967741935483871,1.3498185984342177,3.6501814015657823,TD_LUCK_FADE,,NEUTRAL,,31.60112504477966,0.0,-1.5134000000000007,1.0,,17.0,11.035400000000001,-1.5134000000000007,9.522,109,37,Flex,0,,,,False,,,1.0
00-0034383,Dalton Schultz,TE,HOU,7.88,134.0,7.64,19,5.44,2025*0.50+2024*0.30+2023*0.20+rel[PROVEN_ELITE*1.12],,none,2025*0.50+2024*0.30+2023*0.20+rel[PROVEN_ELITE*1.12],PROVEN_ELITE,6,7.814049051964019,0.1849087103285791,1.12,False,168.3,21.0,76.2,0.17289719626168223,0.23684210526315788,0.20754716981132076,0.17777777777777778,0.1590909090909091,88.83449105358059,71.3884009595321,0.03422144153525137,-0.192,0.9949,,53.124999999999865,1.001008064516129,1.001008064516129,1.0052419354838709,0.07954545454545454,0.16097002100439184,2.839029978995608,NEUTRAL,168.3,NEUTRAL,,37.38182473511255,0.0,-1.5628040000000007,1.0,,19.0,8.812404,-1.5628040000000007,7.2496,110,19,Streamer,1,Wk7,London game (Wk7) — historically low scoring,⚠ London Wk7,True,,London,0.853
00-0037838,Isaiah Likely,TE,NYG,8.0,136.0,4.56,15,7.34,2025*0.50+2024*0.30+2023*0.20+rel[PROVEN_ELITE*1.12] [adp_ecr_floor:8.0],,none,2025*0.50+2024*0.30+2023*0.20+rel[PROVEN_ELITE*1.12] [adp_ecr_floor:8.0],PROVEN_ELITE,4,6.065112330646544,0.1805782913790105,1.12,False,135.8,13.0,67.5,0.09025270758122744,,0.09230769230769231,0.10526315789473684,0.10714285714285714,96.98956281151466,64.91503813917403,0.02386406102267845,-0.737,0.9803,,51.41129032258074,1.0028225806451612,1.0028225806451612,1.0,0.037037037037037035,-0.21672713385526077,1.2167271338552608,NEUTRAL,135.8,NEUTRAL,,44.9989240935529,0.0,-1.673204000000001,0.97,,11.0,8.812404,-1.673204000000001,7.1392,111,20,Streamer,0,,,,False,,,1.0
00-0037816,Romeo Doubs,WR,NE,10.16,172.7,9.31,14,7.96,2025*0.50+2024*0.30+2023*0.20+rel[PROVEN_ELITE*1.12],,none,2025*0.50+2024*0.30+2023*0.20+rel[PROVEN_ELITE*1.12],PROVEN_ELITE,4,8.415838357503667,0.15517720858869669,1.12,False,102.9,49.0,53.2,0.22278481012658227,,,0.2236842105263158,0.2702702702702703,91.12963605045393,66.2210769855281,0.02595372317684496,0.6,1.016,,49.899193548387125,0.9961693548387096,0.9961693548387096,1.0036290322580645,0.11494252873563218,1.944242887149131,4.055757112850869,TD_LUCK_FADE,102.9,NEUTRAL,,45.666182449581605,0.0,-1.6882000000000001,1.0,,17.0,11.035400000000001,-1.6882000000000001,9.3472,112,38,Flex,0,,,,False,,,1.0
00-0039918,Caleb Williams,QB,CHI,18.0,306.0,18.63,17,14.97,2025*0.50+2024*0.30+rel[EMERGING*1.03] [consensus_floor:18.0:QB7 consensus yr2 leap] [adp_ecr_floor:18.0],,none,2025*0.50+2024*0.30+rel[EMERGING*1.03] [consensus_floor:18.0:QB7 consensus yr2 leap] [adp_ecr_floor:18.0],EMERGING,2,16.90111111111111,0.10808090039125585,1.03,False,91.0,10.0,62.9,0.004796163069544364,,,,0.011764705882352941,98.60629143743829,46.724480763023614,-0.0052408307791622175,0.013,1.0003,,46.27016129032258,0.9962701612903225,0.9943548387096773,0.9981854838709677,0.11055276381909548,-0.46133282413595555,4.4613328241359556,NEUTRAL,91.0,NEUTRAL,,71.40478034849484,0.0,-1.7156160000000007,1.0,,19.0,18.275616000000003,-1.7156160000000007,16.560000000000002,113,16,QB2,0,,,,False,,,1.0
sleeper:13346,Denzel Boston,WR,CLE,10.01,170.2,,0,,sleeper_roster+adp_prior,,none,sleeper_roster+adp_prior,UNPROVEN,0,,,1.0,False,137.9,62.0,69.5,,,,,,50.0,30.787804878048778,-0.030739512195121957,,1.0,,51.51209677419355,1.0062499999999999,1.0062499999999999,0.996774193548387,,,,NEUTRAL,137.9,NEUTRAL,,52.57100830773533,0.0,-1.8262,1.0,,,11.035400000000001,-1.8262,9.209200000000001,114,39,Flex,0,,,,False,,,1.0
sleeper:13279,Carnell Tate,WR,TEN,10.0,170.0,,0,,sleeper_roster+adp_prior,,none,sleeper_roster+adp_prior,UNPROVEN,0,,,1.0,False,76.2,37.0,67.3,,,,,,50.0,43.59991239936847,-0.010240140161010448,,1.0,,51.008064516129046,1.0006048387096773,1.0006048387096773,1.0014112903225807,,,,NEUTRAL,76.2,NEUTRAL,,41.62458130601506,0.0,-1.8354,1.0,,,11.035400000000001,-1.8354,9.200000000000001,115,40,Flex,0,,,,False,,,1.0
00-0038544,Quentin Johnston,WR,LAC,10.0,170.0,10.8,14,9.2,2025*0.50+2024*0.30+2023*0.20+rel[VOLATILE*0.88] [adp_ecr_floor:10.0],,none,2025*0.50+2024*0.30+2023*0.20+rel[VOLATILE*0.88] [adp_ecr_floor:10.0],VOLATILE,3,7.902051983584131,0.34346696608330857,0.88,False,86.5,40.0,52.6,0.16379310344827586,,0.12048192771084337,0.18181818181818182,0.18518518518518517,89.69545398262349,52.96449543969547,0.00474319270351275,2.409,1.0642,SNAP_RISING,45.36290322580649,0.9997983870967742,0.9997983870967742,0.9909274193548386,0.09259259259259259,0.9581821653618481,3.041817834638152,NEUTRAL,86.5,NEUTRAL,,38.56551061822376,0.0,-1.8354,1.0,,14.0,11.035400000000001,-1.8354,9.200000000000001,116,41,Flex,0,,,,False,,,1.0
00-0038559,Michael Wilson,WR,ARI,10.0,170.0,10.09,15,6.31,2025*0.50+2024*0.30+2023*0.20+rel[PROVEN_SOLID*1.06] [adp_ecr_floor:10.0],,none,2025*0.50+2024*0.30+2023*0.20+rel[PROVEN_SOLID*1.06] [adp_ecr_floor:10.0],PROVEN_SOLID,3,8.021843203093205,0.19864063656172934,1.06,False,74.6,36.0,68.1,0.17647058823529413,0.07142857142857142,0.266304347826087,0.29347826086956524,0.1619047619047619,48.25857036818057,63.84792616237692,0.022156681859803077,0.895,1.0239,,46.975806451612925,0.9979838709677419,0.9979838709677419,0.9959677419354839,0.10828025477707007,0.5526064540767615,3.4473935459232385,NEUTRAL,74.6,NEUTRAL,,53.95076873839879,0.0,-1.8354,1.0,,17.0,11.035400000000001,-1.8354,9.200000000000001,117,42,Flex,0,,,,False,,,1.0
00-0038994,Jordan Addison,WR,MIN,9.96,169.3,8.15,15,11.59,2025*0.50+2024*0.30+2023*0.20+rel[PROVEN_SOLID*1.06],,none,2025*0.50+2024*0.30+2023*0.20+rel[PROVEN_SOLID*1.06],PROVEN_SOLID,3,10.328950068399452,0.14468809650262984,1.06,False,87.9,42.0,49.7,0.17689530685920576,0.15151515151515152,0.17647058823529413,0.16666666666666666,0.16883116883116883,96.31188942546173,58.576588592797,0.013722541748475203,-1.365,0.9636,SNAP_FALLING,58.0645161290323,1.0088709677419354,1.0088709677419354,1.007258064516129,0.0962962962962963,0.36375787664693515,2.636242123353065,NEUTRAL,87.9,NEUTRAL,,39.83047100164784,0.0,-1.8721999999999994,1.0,,14.0,11.035400000000001,-1.8721999999999994,9.163200000000002,118,43,Flex,1,Wk11,Mexico City game (Wk11) — mild scoring impact historically,⚠ Mexico City Wk11,True,,Mexico City,0.9
00-0033110,Tyler Higbee,TE,LAR,7.5,127.5,5.75,5,9.16,2025*0.50+2024*0.30+2023*0.20+rel[PROVEN_ELITE*1.12],,none,2025*0.50+2024*0.30+2023*0.20+rel[PROVEN_ELITE*1.12],PROVEN_ELITE,5,6.660585302497068,0.12105851419695171,1.12,False,,,65.8,0.064030131826742,0.0759493670886076,,0.08791208791208792,0.07936507936507936,96.57158674216124,71.38184056603394,0.03421094490565431,,1.0,,55.94758064516125,1.0070564516129032,1.0070564516129032,1.0048387096774194,0.043668122270742356,-0.027878556425434464,2.0278785564254345,NEUTRAL,,NEUTRAL,,46.74140323323869,0.0,-1.9124040000000004,1.0,,12.0,8.812404,-1.9124040000000004,6.9,119,21,Streamer,1,Wk1,Melbourne game (Wk1) — historically low scoring,⚠ Melbourne Wk1,True,,Melbourne,0.853
00-0040583,Woody Marks,RB,HOU,8.5,144.5,8.61,0,,2025_only+rel[UNPROVEN*0.92] [adp_ecr_floor:8.5],,none,2025_only+rel[UNPROVEN*0.92] [adp_ecr_floor:8.5],UNPROVEN,1,8.605555555555554,0.0,0.92,False,141.4,46.0,64.2,0.056074766355140186,0.07894736842105263,0.09433962264150944,0.13333333333333333,0.11363636363636363,89.28223779618745,71.3884009595321,0.03422144153525137,-0.458,0.9878,,53.124999999999865,1.0052419354838709,1.001008064516129,1.0052419354838709,0.2897727272727273,-4.342180637769715,10.342180637769715,BUY,141.4,BUY,,47.0548648456486,0.0,-1.976466666666667,1.0,rookie_exemption,18.0,9.796466666666667,-1.976466666666667,7.82,120,40,Flex,1,Wk7,London game (Wk7) — historically low scoring,⚠ London Wk7,True,,London,0.853
00-0038611,Chris Rodriguez Jr.,RB,JAX,8.5,144.5,7.54,3,5.17,2025*0.50+2023*0.20+starter_floor_soft+rel[UNPROVEN*0.92] [adp_ecr_floor:8.5],,none,2025*0.50+2023*0.20+starter_floor_soft+rel[UNPROVEN*0.92] [adp_ecr_floor:8.5],UNPROVEN,1,6.160208333333334,0.0,0.92,False,152.5,49.0,62.3,0.012658227848101266,,,,0.0196078431372549,98.61007694216927,43.58248415247496,-0.010268025356040062,6.157,1.08,SNAP_RISING,50.907258064516235,1.0018145161290322,1.0,1.0018145161290322,0.23448275862068965,-0.8947870918464771,6.894787091846477,NEUTRAL,152.5,NEUTRAL,,56.13936524816851,0.0,-1.976466666666667,1.0,,12.0,9.796466666666667,-1.976466666666667,7.82,121,41,Flex,2,"Wk6, Wk7","2 London games (Wk6, Wk7) — historically low scoring","⚠ London x2 (Wk6,7)",True,MULTIPLE_INTL_GAMES,London,0.853
00-0039384,Tyrone Tracy Jr.,RB,NYG,8.5,144.5,9.65,16,9.61,2025*0.50+2024*0.30+rel[EMERGING*1.03] [team_corr:NYG:0.72:NYG RB2 behind Skattebo] [adp_ecr_floor:8.5],,none,2025*0.50+2024*0.30+rel[EMERGING*1.03] [team_corr:NYG:0.72:NYG RB2 behind Skattebo] [adp_ecr_floor:8.5],EMERGING,2,9.628026143790851,0.0024642112351740664,1.03,False,152.1,48.0,50.0,0.09646302250803858,0.13333333333333333,0.10714285714285714,0.1038961038961039,0.07352941176470588,92.3074179932392,64.91503813917403,0.02386406102267845,0.832,1.0222,,51.41129032258074,1.0,1.0028225806451612,1.0,0.1566265060240964,-2.2724842467061297,5.27248424670613,BUY,152.1,BUY,,33.8521233139385,0.0,-1.976466666666667,1.0,,15.0,9.796466666666667,-1.976466666666667,7.82,122,42,Flex,0,,,,False,,,1.0
00-0038129,Cade Otton,TE,TB,7.4,125.8,6.18,13,7.69,2025*0.50+2024*0.30+2023*0.20+rel[PROVEN_ELITE*1.12],,none,2025*0.50+2024*0.30+2023*0.20+rel[PROVEN_ELITE*1.12],PROVEN_ELITE,4,6.492988505747127,0.13186294838667564,1.12,False,,,74.6,0.15151515151515152,,0.1791044776119403,0.18604651162790697,0.09210526315789473,85.19286189152749,36.25093968232914,-0.021998496508273378,-0.751,0.98,,51.3104838709677,1.0004032258064515,1.0004032258064515,1.0022177419354839,0.047619047619047616,-0.4195149894978041,1.419514989497804,NEUTRAL,,NEUTRAL,,36.25994407824475,0.0,-2.004404,1.0,,15.0,8.812404,-2.004404,6.808000000000001,123,22,Streamer,0,,,,False,,,1.0
00-0038117,Wan'Dale Robinson,WR,TEN,9.8,166.6,10.74,17,8.01,2025*0.50+2024*0.30+2023*0.20+rel[PROVEN_SOLID*1.06],,none,2025*0.50+2024*0.30+2023*0.20+rel[PROVEN_SOLID*1.06],PROVEN_SOLID,3,8.390880503144654,0.19328568199238863,1.06,False,95.1,45.0,55.3,0.26688102893890675,0.3333333333333333,0.26785714285714285,0.2727272727272727,0.20588235294117646,83.85888367611875,43.59991239936847,-0.010240140161010448,0.373,1.01,,51.008064516129046,1.0006048387096773,1.0006048387096773,1.0014112903225807,0.08433734939759036,-1.8390299789956082,2.839029978995608,BUY,95.1,BUY,,42.35113531501659,0.0,-2.019399999999999,1.0,,16.0,11.035400000000001,-2.019399999999999,9.016000000000002,124,44,Flex,0,,,,False,,,1.0
00-0036894,Pat Freiermuth,TE,PIT,7.38,125.5,5.96,18,7.71,2025*0.50+2024*0.30+2023*0.20+rel[PROVEN_ELITE*1.12],,none,2025*0.50+2024*0.30+2023*0.20+rel[PROVEN_ELITE*1.12],PROVEN_ELITE,5,7.030416666666667,0.11989318894377275,1.12,False,,,60.4,0.08771929824561403,0.125,0.10256410256410256,0.10714285714285714,0.11392405063291139,95.05867753773202,57.575124955459145,0.012120199928734633,0.66,1.0176,,42.13709677419364,0.9923387096774193,0.9923387096774193,0.9919354838709677,0.05625,1.1749092992171088,1.8250907007828912,TD_LUCK_FADE,,NEUTRAL,,37.39726060342005,0.0,-2.0228040000000007,1.0,,16.0,8.812404,-2.0228040000000007,6.7896,125,23,Streamer,0,,,,False,,,1.0
00-0035229,T.J. Hockenson,TE,MIN,7.3,124.1,5.82,11,7.35,2025*0.50+2024*0.30+2023*0.20+rel[PROVEN_SOLID*1.06],,none,2025*0.50+2024*0.30+2023*0.20+rel[PROVEN_SOLID*1.06],PROVEN_SOLID,6,9.07560515873016,0.2109474260472308,1.06,False,170.4,22.0,61.7,0.11191335740072202,0.24242424242424243,0.19117647058823528,0.13636363636363635,0.14285714285714285,81.40258432258263,58.576588592797,0.013722541748475203,-2.633,0.9298,SNAP_FALLING,58.0645161290323,1.0088709677419354,1.0088709677419354,1.007258064516129,0.08888888888888889,0.5665457322894785,2.4334542677105215,NEUTRAL,170.4,NEUTRAL,,40.142420889587775,0.0,-2.0964040000000006,1.0,,15.0,8.812404,-2.0964040000000006,6.716,126,24,Streamer,1,Wk11,Mexico City game (Wk11) — mild scoring impact historically,⚠ Mexico City Wk11,True,,Mexico City,0.9
00-0036264,Jordan Love,QB,GB,17.36,295.1,16.57,16,14.83,2025*0.50+2024*0.30+2023*0.20+rel[PROVEN_SOLID*1.06],,none,2025*0.50+2024*0.30+2023*0.20+rel[PROVEN_SOLID*1.06],PROVEN_SOLID,3,15.621785714285716,0.10206023524209235,1.06,False,150.3,21.0,66.5,,,,,,50.0,58.17024718521366,0.013072395496341857,-0.701,0.9813,,48.48790322580654,0.9984879032258065,0.9955645161290322,1.0014112903225807,0.034482758620689655,-1.2167271338552608,1.2167271338552608,TD_UNLUCKY_BUY,150.3,NEUTRAL,,36.056115162156594,0.0,-2.3044160000000034,1.0,,16.0,18.275616000000003,-2.3044160000000034,15.9712,127,17,QB2,0,,,,False,,,1.0
00-0036893,Najee Harris,RB,NYG,8.57,145.7,3.37,18,10.77,2024*0.30+2023*0.20+no_2025*0.72+rel[PROVEN_ELITE*1.12],,none,2024*0.30+2023*0.20+no_2025*0.72+rel[PROVEN_ELITE*1.12],PROVEN_ELITE,4,11.617027027027028,0.14677208344574444,1.12,False,,,67.5,0.0028735632183908046,,,,,50.0,64.91503813917403,0.02386406102267845,,1.0,,51.41129032258074,1.0,1.0028225806451612,1.0,0.006172839506172839,-0.20278785564254345,0.20278785564254345,NEUTRAL,,NEUTRAL,,40.23791927351591,0.0,-2.3062866666666677,0.95,,3.0,9.796466666666667,-2.3062866666666677,7.49018,128,43,Flex,0,,,,False,,,1.0
00-0039794,Braelon Allen,RB,NYJ,8.5,144.5,4.08,13,4.45,2025*0.50+2024*0.30+rel[UNPROVEN*0.92] [adp_ecr_floor:8.5],,none,2025*0.50+2024*0.30+rel[UNPROVEN*0.92] [adp_ecr_floor:8.5],UNPROVEN,1,4.36401384083045,0.0,0.92,False,147.6,47.0,31.6,,,0.0091324200913242,,0.03278688524590164,95.26910696908452,51.435893228452784,0.002297429165524454,,1.0,,47.58064516129035,0.9991935483870967,0.9959677419354839,0.9991935483870967,0.07258064516129033,-0.8250907007828912,1.8250907007828912,NEUTRAL,147.6,NEUTRAL,,53.69988262180748,0.0,-2.367466666666667,0.95,,4.0,9.796466666666667,-2.367466666666667,7.429,129,44,Flex,0,,,,False,,,1.0
00-0030279,Keenan Allen,WR,IND,9.22,156.7,8.12,15,9.96,2025*0.50+2024*0.30+2023*0.20+rel[VOLATILE*0.88],,none,2025*0.50+2024*0.30+2023*0.20+rel[VOLATILE*0.88],VOLATILE,6,12.189195402298852,0.2387873799869372,0.88,False,133.7,59.0,75.4,0.20689655172413793,0.2222222222222222,0.1927710843373494,0.23376623376623376,0.20987654320987653,94.4216240369127,48.981774097457205,-0.0016291614440684726,-0.103,0.9973,,50.8064516129032,0.9993951612903226,0.9993951612903226,1.0022177419354839,0.10493827160493827,0.5526064540767615,3.4473935459232385,NEUTRAL,133.7,NEUTRAL,,37.264612699120434,0.0,-2.553000000000001,1.0,,18.0,11.035400000000001,-2.553000000000001,8.4824,130,45,Flex,0,,,,False,,,1.0
00-0038935,Brenton Strange,TE,JAX,6.76,114.9,7.45,13,5.08,2025*0.50+2024*0.30+rel[EMERGING*1.03],,none,2025*0.50+2024*0.30+rel[EMERGING*1.03],EMERGING,2,5.990051020408164,0.19826832168725622,1.03,False,163.6,18.0,62.3,0.136986301369863,0.07954545454545454,,0.11594202898550725,0.11702127659574468,91.71071345467972,43.58248415247496,-0.010268025356040062,0.043,1.0011,,50.907258064516235,1.0,1.0,1.0018145161290322,0.05092592592592592,-0.23066641206797778,2.2306664120679778,NEUTRAL,163.6,NEUTRAL,,56.34612854301934,0.0,-2.593204000000001,1.0,,13.0,8.812404,-2.593204000000001,6.2192,131,25,Streamer,2,"Wk6, Wk7","2 London games (Wk6, Wk7) — historically low scoring","⚠ London x2 (Wk6,7)",True,MULTIPLE_INTL_GAMES,London,0.853
00-0040189,Oronde Gadsden II,TE,LAC,6.72,114.2,7.09,0,,2025_only+rel[UNPROVEN*0.92],,none,2025_only+rel[UNPROVEN*0.92],UNPROVEN,1,7.0875,0.0,0.92,False,,,52.6,0.13218390804597702,,0.18072289156626506,0.12987012987012986,0.18518518518518517,89.5902965219993,52.96449543969547,0.00474319270351275,1.147,1.0306,,45.36290322580649,0.9997983870967742,0.9997983870967742,0.9909274193548386,0.09259259259259259,-0.04181783463815192,3.041817834638152,NEUTRAL,,NEUTRAL,,31.70314166788565,0.0,-2.6300040000000005,1.0,rookie_exemption,16.0,8.812404,-2.6300040000000005,6.1824,132,26,Streamer,0,,,,False,,,1.0
00-0036924,Michael Carter,RB,TEN,7.64,129.9,6.35,3,10.1,2025*0.50+2023*0.20+starter_floor_soft+rel[PROVEN_SOLID*1.06],,none,2025*0.50+2023*0.20+starter_floor_soft+rel[PROVEN_SOLID*1.06],PROVEN_SOLID,3,6.962591009813232,0.2220681816616952,1.06,False,,,47.3,0.058823529411764705,0.10714285714285714,0.07608695652173914,0.10869565217391304,0.06666666666666667,91.72271216365621,43.59991239936847,-0.010240140161010448,2.514,1.067,SNAP_RISING,51.008064516129046,1.0014112903225807,1.0006048387096773,1.0014112903225807,0.09554140127388536,-2.041817834638152,3.041817834638152,TD_UNLUCKY_BUY,,NEUTRAL,,33.04458419155823,0.0,-2.767666666666667,1.0,,13.0,9.796466666666667,-2.767666666666667,7.0288,133,45,Flex,0,,,,False,,,1.0
00-0039163,C.J. Stroud,QB,HOU,16.84,286.3,14.13,19,13.26,2025*0.50+2024*0.30+2023*0.20+starter_floor_soft+rel[PROVEN_SOLID*1.06],,none,2025*0.50+2024*0.30+2023*0.20+starter_floor_soft+rel[PROVEN_SOLID*1.06],PROVEN_SOLID,3,15.066538461538462,0.1358583448408718,1.06,False,158.0,22.0,76.2,,,,,,50.0,71.3884009595321,0.03422144153525137,1.352,1.0361,SNAP_RISING,53.124999999999865,1.0031249999999998,1.001008064516129,1.0052419354838709,0.045454545454545456,0.3776971548596524,1.6223028451403476,NEUTRAL,158.0,NEUTRAL,,58.4868844335049,0.0,-2.782816000000002,1.0,,16.0,18.275616000000003,-2.782816000000002,15.4928,134,18,QB2,1,Wk7,London game (Wk7) — historically low scoring,⚠ London Wk7,True,,London,0.853
00-0037263,Tyler Allgeier,RB,ARI,7.6,129.2,6.82,16,5.86,2025*0.50+2024*0.30+2023*0.20+starter_floor_soft+rel[PROVEN_SOLID*1.06],,none,2025*0.50+2024*0.30+2023*0.20+starter_floor_soft+rel[PROVEN_SOLID*1.06],PROVEN_SOLID,4,7.440441176470589,0.1773776371517631,1.06,False,154.4,52.0,48.1,0.0327455919395466,,0.04411764705882353,0.01282051282051282,0.015625,94.88272164115969,63.84792616237692,0.022156681859803077,-0.838,0.9777,,46.975806451612925,0.9959677419354839,0.9979838709677419,0.9959677419354839,0.2426470588235294,0.3080007637960662,6.691999236203934,NEUTRAL,154.4,NEUTRAL,,41.09004696409165,0.0,-2.8044666666666673,1.0,,17.0,9.796466666666667,-2.8044666666666673,6.992,135,46,Flex,0,,,,False,,,1.0
00-0035250,Devin Singletary,RB,NYG,7.59,129.0,5.75,14,5.74,2025*0.50+2024*0.30+2023*0.20+starter_floor_soft+rel[PROVEN_SOLID*1.06],,none,2025*0.50+2024*0.30+2023*0.20+starter_floor_soft+rel[PROVEN_SOLID*1.06],PROVEN_SOLID,6,8.393140422401373,0.2440180759001877,1.06,False,,,59.5,0.02572347266881029,0.06666666666666667,0.07142857142857142,0.012987012987012988,0.029411764705882353,90.64176733393731,64.91503813917403,0.02386406102267845,-0.358,0.9904,,51.41129032258074,1.0,1.0028225806451612,1.0,0.14457831325301204,-0.8669085354210431,4.866908535421043,NEUTRAL,,NEUTRAL,,37.41664351543351,0.0,-2.813666666666667,1.0,,17.0,9.796466666666667,-2.813666666666667,6.9828,136,47,Flex,0,,,,False,,,1.0
00-0039847,Theo Johnson,TE,NYG,6.35,108.0,7.02,10,5.36,2025*0.50+2024*0.30+rel[EMERGING*1.03],,none,2025*0.50+2024*0.30+rel[EMERGING*1.03],EMERGING,2,6.298260869565218,0.13178241060334123,1.03,False,,,79.5,0.14790996784565916,,0.19642857142857142,0.16883116883116883,0.20588235294117646,90.84777085244271,64.91503813917403,0.02386406102267845,-1.393,0.9629,SNAP_FALLING,51.41129032258074,1.0028225806451612,1.0028225806451612,1.0,0.08433734939759036,1.1609700210043918,2.839029978995608,TD_LUCK_FADE,,NEUTRAL,,39.6706909814384,0.0,-2.970404000000001,1.0,,15.0,8.812404,-2.970404000000001,5.842,137,27,Streamer,0,,,,False,,,1.0
00-0037809,Chig Okonkwo,TE,WAS,6.31,107.3,5.65,14,5.47,2025*0.50+2024*0.30+2023*0.20+rel[PROVEN_ELITE*1.12],,none,2025*0.50+2024*0.30+2023*0.20+rel[PROVEN_ELITE*1.12],PROVEN_ELITE,4,5.397079463364293,0.037933963130066965,1.12,False,167.2,20.0,78.7,0.15789473684210525,0.6666666666666666,0.14450867052023122,0.1125,0.09803921568627451,13.42420278008033,74.4380335679125,0.03910085370866,1.061,1.0283,,50.60483870967736,0.995766129032258,0.995766129032258,1.0054435483870967,0.052083333333333336,-0.013939278212717232,1.0139392782127172,NEUTRAL,167.2,NEUTRAL,,32.23906458102314,0.0,-3.0072040000000007,1.0,,17.0,8.812404,-3.0072040000000007,5.8052,138,28,Streamer,0,,,,False,,,1.0
00-0039793,AJ Barner,TE,SEA,6.11,103.9,6.86,12,4.54,2025*0.50+2024*0.30+rel[EMERGING*1.03],,none,2025*0.50+2024*0.30+rel[EMERGING*1.03],EMERGING,2,5.898226600985223,0.19703258890540706,1.03,False,,,72.5,0.14244186046511628,0.14814814814814814,,0.11764705882352941,0.19753086419753085,88.41011920025456,59.96730450368508,0.015947687205896125,-0.389,0.9896,,57.76209677419364,1.0078629032258064,1.0078629032258064,1.0076612903225806,0.095,3.1470307427916744,3.8529692572083256,TD_LUCK_FADE,,NEUTRAL,,44.84390178661595,0.0,-3.191204,1.0,,20.0,8.812404,-3.191204,5.621200000000001,139,29,Streamer,0,,,,False,,,1.0
00-0038997,Josh Downs,WR,IND,8.5,144.5,6.79,13,10.44,2025*0.50+2024*0.30+2023*0.20+rel[PROVEN_SOLID*1.06],,none,2025*0.50+2024*0.30+2023*0.20+rel[PROVEN_SOLID*1.06],PROVEN_SOLID,3,8.016964285714286,0.20270075340211927,1.06,False,94.1,44.0,63.4,0.17732558139534885,0.06349206349206349,0.13793103448275862,0.16666666666666666,0.18072289156626506,74.57930654960538,48.981774097457205,-0.0016291614440684726,0.174,1.0046,,50.8064516129032,0.9993951612903226,0.9993951612903226,1.0022177419354839,0.08064516129032258,0.9581821653618481,3.041817834638152,NEUTRAL,94.1,NEUTRAL,,45.84406450713814,0.0,-3.2154000000000007,1.0,,16.0,11.035400000000001,-3.2154000000000007,7.82,140,46,Flex,0,,,,False,,,1.0
00-0035537,Ty Johnson,RB,BUF,6.9,117.3,5.01,18,5.18,2025*0.50+2024*0.30+2023*0.20+starter_floor_soft+rel[PROVEN_SOLID*1.06],,none,2025*0.50+2024*0.30+2023*0.20+starter_floor_soft+rel[PROVEN_SOLID*1.06],PROVEN_SOLID,5,5.31869578134284,0.1662402611991991,1.06,False,,,65.0,0.0647887323943662,0.046511627906976744,0.01694915254237288,0.04838709677419355,0.043478260869565216,93.82976380804993,58.025835662374284,0.012841337059798855,0.447,1.0119,,43.85080645161299,0.9923387096774193,0.9953629032258065,0.9923387096774193,0.1031390134529148,-0.6641206797784998,4.6641206797785,NEUTRAL,,NEUTRAL,,47.25796523324679,0.0,-3.4484666666666666,1.0,,17.0,9.796466666666667,-3.4484666666666666,6.348000000000001,141,48,Flex,0,,,,False,,,1.0
00-0038951,Sean Tucker,RB,TB,6.79,115.4,6.24,10,5.84,2025*0.50+2024*0.30+starter_floor_soft+rel[EMERGING*1.03],,none,2025*0.50+2024*0.30+starter_floor_soft+rel[EMERGING*1.03],EMERGING,2,5.818676561533704,0.034930065470623134,1.03,False,,,54.6,0.02203856749311295,,0.029850746268656716,,0.039473684210526314,97.1477436088319,36.25093968232914,-0.021998496508273378,-2.448,0.9347,SNAP_FALLING,51.3104838709677,1.0022177419354839,1.0004032258064515,1.0022177419354839,0.16326530612244897,1.133091464578957,4.866908535421042,TD_LUCK_FADE,,NEUTRAL,,30.604770727967733,0.0,-3.549666666666667,1.0,,14.0,9.796466666666667,-3.549666666666667,6.2468,142,49,Handcuff,0,,,,False,,,1.0
00-0036912,DeVonta Smith,WR,PHI,8.12,138.0,9.68,16,11.67,"2025*0.50+2024*0.30+2023*0.20+rel[PROVEN_ELITE*1.12] [consensus_floor:12.8:WR15-18 consensus PHI] [adp_ecr_floor:12.5] [camp_notes:SEVERE:0.65:DeVonta Smith (hamstring) ruled out Sunday Fri, Oct 9th 2:05pm EDT By Ari Koslow]",,none,"2025*0.50+2024*0.30+2023*0.20+rel[PROVEN_ELITE*1.12] [consensus_floor:12.8:WR15-18 consensus PHI] [adp_ecr_floor:12.5] [camp_notes:SEVERE:0.65:DeVonta Smith (hamstring) ruled out Sunday Fri, Oct 9th 2:05pm EDT By Ari Koslow]",PROVEN_ELITE,5,10.895618315508022,0.11656306040299419,1.12,False,30.8,16.0,80.5,0.26455026455026454,0.2,0.19047619047619047,0.21739130434782608,0.203125,89.52592382002491,86.51547671689036,0.05842476274702458,-2.054,0.9452,SNAP_FALLING,60.88709677419346,1.0108870967741934,1.0108870967741934,1.0108870967741934,0.08074534161490683,-0.6362421233530648,2.636242123353065,NEUTRAL,30.8,NEUTRAL,SEVERE,36.55630597844301,0.0,-3.5650000000000013,1.0,,18.0,11.035400000000001,-3.5650000000000013,7.4704,143,47,Flex,1,Wk6,London game (Wk6) — historically low scoring,⚠ London Wk6,True,,London,0.853
00-0035700,Josh Jacobs,RB,GB,6.76,114.9,14.34,18,16.37,2025*0.50+2024*0.30+2023*0.20+rel[PROVEN_ELITE*1.12] [camp_research:EXEMPT:0.45:STICKY: still exempt (Sleeper NA / Personal). Do not rank as a weekly starter. Data-update must not restore an active RB1 note. Lottery only until reinstated; Lloyd / Johnson get the work.],,none,2025*0.50+2024*0.30+2023*0.20+rel[PROVEN_ELITE*1.12] [camp_research:EXEMPT:0.45:STICKY: still exempt (Sleeper NA / Personal). Do not rank as a weekly starter. Data-update must not restore an active RB1 note. Lottery only until reinstated; Lloyd / Johnson get the work.],PROVEN_ELITE,6,14.921941489361702,0.11916443113779339,1.12,False,28.6,14.0,66.5,0.09113924050632911,0.06666666666666667,,0.13157894736842105,0.08108108108108109,90.35279451818235,58.17024718521366,0.013072395496341857,-6.486,0.92,SNAP_FALLING,48.48790322580654,1.0014112903225807,0.9955645161290322,1.0014112903225807,0.367816091954023,0.021577238877219074,12.978422761122781,NEUTRAL,28.6,NEUTRAL,EXEMPT,27.74072577934521,0.0,-3.5772666666666675,1.0,,16.0,9.796466666666667,-3.5772666666666675,6.2192,144,50,Handcuff,0,,,,False,,,1.0
00-0033858,Jonnu Smith,TE,GB,5.66,96.2,3.73,16,10.49,2025*0.50+2024*0.30+2023*0.20+rel[VOLATILE*0.88],,none,2025*0.50+2024*0.30+2023*0.20+rel[VOLATILE*0.88],VOLATILE,6,6.351810373722139,0.42562878674392707,0.88,False,,,54.5,0.11278195488721804,0.0625,0.10256410256410256,0.10714285714285714,0.10126582278481013,92.86464743008771,58.17024718521366,0.013072395496341857,0.628,1.0168,,48.48790322580654,0.9955645161290322,0.9955645161290322,1.0014112903225807,0.0625,0.9721214435745655,2.0278785564254345,NEUTRAL,,NEUTRAL,,33.63092973352666,0.0,-3.6052040000000005,1.0,,18.0,8.812404,-3.6052040000000005,5.2072,145,30,Streamer,0,,,,False,,,1.0
00-0038454,Keaton Mitchell,RB,LAC,6.71,114.1,4.24,1,3.15,2025*0.50+2023*0.20+starter_floor_soft+rel[UNPROVEN*0.92],,none,2025*0.50+2023*0.20+starter_floor_soft+rel[UNPROVEN*0.92],UNPROVEN,1,6.063596491228071,0.0,0.92,False,166.0,60.0,44.6,0.02527075812274368,0.1,0.015384615384615385,,,84.89035114848934,52.96449543969547,0.00474319270351275,2.47,1.0659,SNAP_RISING,45.36290322580649,0.9909274193548386,0.9997983870967742,0.9909274193548386,0.08641975308641975,-1.8390299789956082,2.839029978995608,BUY,166.0,BUY,,32.15762981644987,0.0,-3.623266666666667,1.0,,12.0,9.796466666666667,-3.623266666666667,6.1732000000000005,146,51,Handcuff,0,,,,False,,,1.0
00-0034837,Calvin Ridley,WR,TEN,8.46,143.8,5.54,16,9.84,2025*0.50+2024*0.30+2023*0.20+rel[PROVEN_SOLID*1.06],,none,2025*0.50+2024*0.30+2023*0.20+rel[PROVEN_SOLID*1.06],PROVEN_SOLID,3,11.260513860716701,0.22417223252248844,1.06,False,140.7,63.0,47.3,0.06477732793522267,,0.057803468208092484,0.075,0.0392156862745098,94.77670724569916,43.59991239936847,-0.010240140161010448,,1.0,,51.008064516129046,1.0006048387096773,1.0006048387096773,1.0014112903225807,0.020833333333333332,0.5944242887149132,0.4055757112850869,NEUTRAL,140.7,NEUTRAL,,36.1670166537323,0.0,-3.6413600000000006,0.95,,7.0,11.035400000000001,-3.6413600000000006,7.39404,147,48,Flex,0,,,,False,,,1.0
00-0033881,Evan Engram,TE,DEN,5.54,94.2,4.55,8,7.33,2025*0.50+2024*0.30+2023*0.20+rel[VOLATILE*0.88],,none,2025*0.50+2024*0.30+2023*0.20+rel[VOLATILE*0.88],VOLATILE,6,7.212699805068227,0.2648685208625721,0.88,False,,,77.8,0.12170385395537525,0.11538461538461539,0.17391304347826086,0.16483516483516483,0.12631578947368421,90.37689938536705,76.00929064261045,0.04161486502817672,-1.231,0.9672,,49.596774193548356,1.001008064516129,1.001008064516129,0.9981854838709677,0.06593406593406594,-1.4334542677105215,2.4334542677105215,TD_UNLUCKY_BUY,,NEUTRAL,,38.13912177138722,0.0,-3.715604000000001,1.0,,18.0,8.812404,-3.715604000000001,5.0968,148,31,Streamer,0,,,,False,,,1.0
00-0037746,Brian Robinson,RB,ATL,6.53,111.0,3.51,17,10.52,2025*0.50+2024*0.30+2023*0.20+starter_floor_soft+rel[VOLATILE*0.88],,none,2025*0.50+2024*0.30+2023*0.20+starter_floor_soft+rel[VOLATILE*0.88],VOLATILE,4,8.72313725490196,0.36818433398259026,0.88,False,161.2,57.0,61.3,0.02195121951219512,,0.028169014084507043,,0.042105263157894736,96.62936739771501,74.65614168324744,0.039449826693195904,-1.128,0.9699,,48.38709677419351,0.9927419354838709,1.004032258064516,0.9927419354838709,0.085,-1.4473935459232385,3.4473935459232385,TD_UNLUCKY_BUY,161.2,NEUTRAL,,47.033492021699786,0.0,-3.7888666666666673,1.0,,17.0,9.796466666666667,-3.7888666666666673,6.0076,149,52,Handcuff,0,,,,False,,,1.0
sleeper:13414,Kaelon Black,RB,SF,6.5,110.5,,0,,sleeper_roster+adp_prior,,none,sleeper_roster+adp_prior,UNPROVEN,0,,,1.0,False,158.0,56.0,69.5,,,,,,50.0,85.86365482399324,0.057381847718389195,,1.0,,46.774193548387075,0.9983870967741935,0.9951612903225806,0.9983870967741935,,,,NEUTRAL,158.0,NEUTRAL,,49.23682690847811,0.0,-3.816466666666667,1.0,,,9.796466666666667,-3.816466666666667,5.98,150,53,Handcuff,2,"Wk1, Wk11",2 international games — Melbourne (Wk1); Mexico City (Wk11),⚠ Melbourne Wk1; Mexico City Wk11,True,MULTIPLE_INTL_GAMES,Melbourne,0.853
00-0040236,Kyle Monangai,RB,CHI,6.5,110.5,7.81,0,,"2025_only+starter_floor_soft+rel[UNPROVEN*0.92] [adp_ecr_floor:10.0] [camp_notes:SEVERE:0.65:Kyle Monangai Ruled out for Week 5 RB Chicago Bears Toe October 9, 2026 Monangai (toe) has been ruled out for Sunday's game against the Packers, Patrick Finley of the Chicago Sun-Times reports. ANALYSIS Subscribe now to instantly reveal our]",,none,"2025_only+starter_floor_soft+rel[UNPROVEN*0.92] [adp_ecr_floor:10.0] [camp_notes:SEVERE:0.65:Kyle Monangai Ruled out for Week 5 RB Chicago Bears Toe October 9, 2026 Monangai (toe) has been ruled out for Sunday's game against the Packers, Patrick Finley of the Chicago Sun-Times reports. ANALYSIS Subscribe now to instantly reveal our]",UNPROVEN,1,7.805263157894737,0.0,0.92,False,104.5,37.0,50.9,0.06235011990407674,0.04,0.022222222222222223,0.018018018018018018,0.047058823529411764,93.48310777331606,46.724480763023614,-0.0052408307791622175,-0.953,0.9746,,46.27016129032258,0.9981854838709677,0.9943548387096773,0.9981854838709677,0.23115577889447236,-4.3282413595569995,9.328241359557,BUY,104.5,BUY,SEVERE,51.489472782752046,0.0,-3.816466666666667,1.0,rookie_exemption,19.0,9.796466666666667,-3.816466666666667,5.98,151,54,Handcuff,0,,,,False,,,1.0
sleeper:13305,Mike Washington,RB,LV,6.5,110.5,,0,,sleeper_roster+adp_prior,,none,sleeper_roster+adp_prior,UNPROVEN,0,,,1.0,False,154.2,51.0,51.7,,,,,,50.0,61.7300322798174,0.018768051647707843,,1.0,,44.455645161290306,0.9951612903225806,0.9937499999999999,0.9951612903225806,,,,NEUTRAL,,NEUTRAL,,50.0,0.0,-3.816466666666667,1.0,,,9.796466666666667,-3.816466666666667,5.98,152,55,Handcuff,0,,,,False,,,1.0
00-0035662,Marquise Brown,WR,PHI,7.83,133.1,7.08,4,4.22,2025*0.50+2024*0.30+2023*0.20+starter_floor_soft+rel[PROVEN_ELITE*1.12],,none,2025*0.50+2024*0.30+2023*0.20+starter_floor_soft+rel[PROVEN_ELITE*1.12],PROVEN_ELITE,5,9.184861111111111,0.1622086929366814,1.12,False,,,68.5,0.11764705882352941,0.13513513513513514,0.125,0.14457831325301204,0.12345679012345678,96.18086258517829,86.51547671689036,0.05842476274702458,1.377,1.0367,SNAP_RISING,60.88709677419346,1.0108870967741934,1.0108870967741934,1.0108870967741934,0.05917159763313609,2.9721214435745655,2.0278785564254345,TD_LUCK_FADE,,NEUTRAL,,29.20131892702461,0.0,-3.8318000000000003,1.0,,16.0,11.035400000000001,-3.8318000000000003,7.203600000000001,153,49,Deep,1,Wk6,London game (Wk6) — historically low scoring,⚠ London Wk6,True,,London,0.853
00-0035710,Daniel Jones,QB,IND,15.68,266.6,17.7,10,13.53,2025*0.50+2024*0.30+2023*0.20+starter_floor_soft+rel[PROVEN_ELITE*1.12],,none,2025*0.50+2024*0.30+2023*0.20+starter_floor_soft+rel[PROVEN_ELITE*1.12],PROVEN_ELITE,5,15.132069339111592,0.1375820999947672,1.12,False,162.6,23.0,75.4,,,,,,50.0,48.981774097457205,-0.0016291614440684726,-2.206,0.9412,SNAP_FALLING,50.8064516129032,1.0008064516129032,0.9993951612903226,1.0022177419354839,0.08602150537634409,1.7553943097193048,3.2446056902806952,TD_LUCK_FADE,162.6,NEUTRAL,,30.670761921683155,0.0,-3.850016000000002,1.0,,13.0,18.275616000000003,-3.850016000000002,14.425600000000001,154,19,Streamable,0,,,,False,,,1.0
00-0036290,Cole Kmet,TE,CHI,5.38,91.5,4.02,13,6.92,2025*0.50+2024*0.30+2023*0.20+rel[VOLATILE*0.88],,none,2025*0.50+2024*0.30+2023*0.20+rel[VOLATILE*0.88],VOLATILE,6,6.247461206704904,0.3284102408906593,0.88,False,,,50.9,0.07673860911270983,0.12,0.044444444444444446,0.10810810810810811,0.10588235294117647,89.08069922565774,46.724480763023614,-0.0052408307791622175,0.635,1.0169,,46.27016129032258,0.9943548387096773,0.9943548387096773,0.9981854838709677,0.04522613065326633,0.17490929921710885,1.8250907007828912,NEUTRAL,,NEUTRAL,,45.18110247405286,0.0,-3.8628040000000006,1.0,,18.0,8.812404,-3.8628040000000006,4.9496,155,32,Streamer,0,,,,False,,,1.0
00-0030565,Geno Smith,QB,NYJ,15.66,266.2,11.59,17,15.65,2025*0.50+2024*0.30+2023*0.20+starter_floor_soft+rel[PROVEN_ELITE*1.12],,none,2025*0.50+2024*0.30+2023*0.20+starter_floor_soft+rel[PROVEN_ELITE*1.12],PROVEN_ELITE,4,14.898000000000001,0.1500718330364653,1.12,False,,,59.6,,,,,,50.0,51.435893228452784,0.002297429165524454,-0.815,0.9783,,47.58064516129035,0.9975806451612903,0.9959677419354839,0.9991935483870967,0.06422018348623854,-1.419514989497804,1.419514989497804,TD_UNLUCKY_BUY,,NEUTRAL,,58.69631327176923,0.0,-3.8684160000000016,1.0,,15.0,18.275616000000003,-3.8684160000000016,14.407200000000001,156,20,Streamable,0,,,,False,,,1.0
00-0036259,Jauan Jennings,WR,MIN,7.78,132.3,9.37,15,11.47,2025*0.50+2024*0.30+2023*0.20+rel[VOLATILE*0.88],,none,2025*0.50+2024*0.30+2023*0.20+rel[VOLATILE*0.88],VOLATILE,5,7.169385714285714,0.4154150794391536,0.88,False,141.1,64.0,41.7,0.14878048780487804,0.15384615384615385,0.2112676056338028,0.1702127659574468,0.24210526315789474,85.631387821827,58.576588592797,0.013722541748475203,-0.882,0.9765,,58.0645161290323,1.0088709677419354,1.0088709677419354,1.007258064516129,0.115,2.3358793202215002,4.6641206797785,TD_LUCK_FADE,141.1,NEUTRAL,,29.938058479049047,0.0,-3.8778000000000006,1.0,,17.0,11.035400000000001,-3.8778000000000006,7.1576,157,50,Deep,1,Wk11,Mexico City game (Wk11) — mild scoring impact historically,⚠ Mexico City Wk11,True,,Mexico City,0.9
00-0037252,Greg Dulcich,TE,MIA,5.58,94.9,5.76,2,1.77,2025_only+rel[UNPROVEN*0.92],,none,2025_only+rel[UNPROVEN*0.92],UNPROVEN,2,5.7696969696969695,0.10437675070027996,0.92,False,,,58.3,0.06910569105691057,0.14285714285714285,0.045454545454545456,0.06666666666666667,0.1044776119402985,86.28650602295352,39.49461048193906,-0.0168086232288975,1.966,1.0524,SNAP_RISING,53.326612903225936,1.0012096774193548,1.0012096774193548,1.0054435483870967,0.058394160583941604,-0.6223028451403476,1.6223028451403476,NEUTRAL,,NEUTRAL,,29.67859006134229,0.0,-3.9354840000000006,0.95,,9.0,8.812404,-3.9354840000000006,4.87692,158,33,Streamer,0,,,,False,,,1.0
00-0039491,Jalen Coker,WR,CAR,7.67,130.4,8.15,10,6.96,2025*0.50+2024*0.30+rel[EMERGING*1.03],,none,2025*0.50+2024*0.30+rel[EMERGING*1.03],EMERGING,2,7.583333333333333,0.07846153846153849,1.03,False,116.4,53.0,46.9,0.12012012012012012,,0.04950495049504951,0.12658227848101267,0.08974358974358974,87.80649892955364,37.364597196445956,-0.02021664448568647,-1.2,0.968,,39.51612903225809,0.9917338709677419,0.9917338709677419,0.9872983870967742,0.0457516339869281,0.5804850105021959,1.419514989497804,NEUTRAL,116.4,NEUTRAL,,44.70439702992194,0.0,-3.979000000000001,1.0,,12.0,11.035400000000001,-3.979000000000001,7.0564,159,51,Deep,0,,,,False,,,1.0
00-0038794,Jaleel McLaughlin,RB,CLE,6.48,110.2,3.33,15,5.03,2025*0.50+2024*0.30+2023*0.20+starter_floor_soft+rel[PROVEN_SOLID*1.06],,none,2025*0.50+2024*0.30+2023*0.20+starter_floor_soft+rel[PROVEN_SOLID*1.06],PROVEN_SOLID,3,4.773259141494436,0.18408331272584758,1.06,False,,,57.5,0.016227180527383367,,,,,50.0,30.787804878048778,-0.030739512195121957,-0.045,0.9988,,51.51209677419355,0.996774193548387,1.0062499999999999,0.996774193548387,0.03296703296703297,-0.21672713385526077,1.2167271338552608,NEUTRAL,,NEUTRAL,,33.91689820600337,0.0,-4.013714666666667,0.97,,10.0,9.796466666666667,-4.013714666666667,5.782752,160,56,Handcuff,0,,,,False,,,1.0
00-0040743,Tyler Shough,QB,NO,15.5,263.5,14.54,0,,2025_only+starter_floor_soft+rel[UNPROVEN*0.92] [adp_ecr_floor:15.5],,none,2025_only+starter_floor_soft+rel[UNPROVEN*0.92] [adp_ecr_floor:15.5],UNPROVEN,1,14.541818181818178,0.0,0.92,False,138.7,19.0,71.6,,,,,,50.0,62.22868616277322,0.019565897860437158,-0.956,0.9745,,54.83870967741944,1.0048387096774194,1.0048387096774194,1.0048387096774194,0.11764705882352941,-0.8390299789956082,2.839029978995608,NEUTRAL,138.7,NEUTRAL,,61.68225846250997,8.0,-4.015616000000003,1.0,rookie_exemption,11.0,18.275616000000003,-4.015616000000003,14.26,161,21,Streamable,0,,,,False,,,1.0
00-0035228,Kyler Murray,QB,MIN,16.3,277.1,15.96,17,17.48,2025*0.50+2024*0.30+2023*0.20+rel[PROVEN_ELITE*1.12] [team_corr:MIN:0.85:MIN - backup risk behind McCarthy],,none,2025*0.50+2024*0.30+2023*0.20+rel[PROVEN_ELITE*1.12] [team_corr:MIN:0.85:MIN - backup risk behind McCarthy],PROVEN_ELITE,5,19.553111395646606,0.11450328582256025,1.12,False,135.9,18.0,60.0,,,,,,50.0,58.576588592797,0.013722541748475203,,1.0,,58.0645161290323,1.0080645161290323,1.0088709677419354,1.007258064516129,0.025477707006369428,0.1888485774298262,0.8111514225701738,NEUTRAL,135.9,NEUTRAL,,38.41088941620279,0.0,-4.029416000000003,0.95,,5.0,18.275616000000003,-4.029416000000003,14.2462,162,22,Streamable,1,Wk11,Mexico City game (Wk11) — mild scoring impact historically,⚠ Mexico City Wk11,True,,Mexico City,0.9
00-0033908,Cooper Kupp,WR,SEA,7.57,128.7,6.42,13,10.96,2025*0.50+2024*0.30+2023*0.20+rel[VOLATILE*0.88],,none,2025*0.50+2024*0.30+2023*0.20+rel[VOLATILE*0.88],VOLATILE,6,13.283908948194664,0.3981525784052591,0.88,False,150.3,67.0,60.5,0.17151162790697674,0.13580246913580246,,0.2,0.19753086419753085,89.65517212353602,59.96730450368508,0.015947687205896125,-0.265,0.9929,,57.76209677419364,1.0078629032258064,1.0078629032258064,1.0076612903225806,0.08,-0.24460569028069523,3.2446056902806952,NEUTRAL,150.3,NEUTRAL,,48.07981949427493,0.0,-4.071000000000001,1.0,,19.0,11.035400000000001,-4.071000000000001,6.9644,163,52,Deep,0,,,,False,,,1.0
00-0023459,Aaron Rodgers,QB,PIT,15.43,262.3,13.55,16,15.09,2025*0.50+2024*0.30+starter_floor_soft+rel[PROVEN_SOLID*1.06],,none,2025*0.50+2024*0.30+starter_floor_soft+rel[PROVEN_SOLID*1.06],PROVEN_SOLID,5,17.471141868512113,0.23204341218912983,1.06,False,,,60.4,0.002506265664160401,,,,,50.0,57.575124955459145,0.012120199928734633,-0.464,0.9876,,42.13709677419364,0.9921370967741936,0.9923387096774193,0.9919354838709677,0.01875,0.3916364330723696,0.6083635669276304,NEUTRAL,,NEUTRAL,,40.36124525269013,0.0,-4.080016000000002,1.0,,17.0,18.275616000000003,-4.080016000000002,14.1956,164,23,Streamable,0,,,,False,,,1.0
00-0036244,Colby Parkinson,TE,LAR,5.11,86.9,7.97,15,3.56,2025*0.50+2024*0.30+2023*0.20+rel[VOLATILE*0.88],,none,2025*0.50+2024*0.30+2023*0.20+rel[VOLATILE*0.88],VOLATILE,4,4.626002943550302,0.4030729402521052,0.88,False,,,53.8,0.10357815442561205,0.08860759493670886,0.08,0.054945054945054944,0.19047619047619047,81.49899207403364,71.38184056603394,0.03421094490565431,0.294,1.0078,,55.94758064516125,1.0070564516129032,1.0070564516129032,1.0048387096774194,0.10480349344978165,2.133091464578957,4.866908535421043,TD_LUCK_FADE,,NEUTRAL,,40.74305508810942,0.0,-4.111204,1.0,,17.0,8.812404,-4.111204,4.701200000000001,165,34,Streamer,1,Wk1,Melbourne game (Wk1) — historically low scoring,⚠ Melbourne Wk1,True,,Melbourne,0.853
00-0039894,Xavier Worthy,WR,KC,7.52,127.8,6.35,18,11.3,2025*0.50+2024*0.30+rel[UNPROVEN*0.92],,none,2025*0.50+2024*0.30+rel[UNPROVEN*0.92],UNPROVEN,2,9.319999999999999,0.2655579399141631,0.92,False,99.9,47.0,58.9,0.14215686274509803,0.08108108108108109,0.25,0.12048192771084337,0.07407407407407407,62.64124423828926,67.49565411893563,0.027993046590297013,-0.172,0.9954,,49.69758064516139,0.9981854838709677,0.9981854838709677,1.0012096774193548,0.03550295857988166,-0.21672713385526077,1.2167271338552608,NEUTRAL,99.9,NEUTRAL,,57.6577391584954,0.0,-4.117000000000001,1.0,,14.0,11.035400000000001,-4.117000000000001,6.9184,166,53,Deep,0,,,,False,,,1.0
sleeper:13294,Makai Lemon,WR,PHI,7.51,127.7,,0,,sleeper_roster+adp_prior,,none,sleeper_roster+adp_prior,UNPROVEN,0,,,1.0,False,126.2,57.0,60.5,,,,,,50.0,86.51547671689036,0.05842476274702458,,1.0,,60.88709677419346,1.0108870967741934,1.0108870967741934,1.0108870967741934,,,,NEUTRAL,126.2,NEUTRAL,,28.496647192437173,0.0,-4.126200000000001,1.0,,,11.035400000000001,-4.126200000000001,6.9092,167,54,Deep,1,Wk6,London game (Wk6) — historically low scoring,⚠ London Wk6,True,,London,0.853
sleeper:13298,KC Concepcion,WR,CLE,7.5,127.5,,0,,sleeper_roster+adp_prior,,none,sleeper_roster+adp_prior,UNPROVEN,0,,,1.0,False,115.1,52.0,57.5,,,,,,50.0,30.787804878048778,-0.030739512195121957,,1.0,,51.51209677419355,1.0062499999999999,1.0062499999999999,0.996774193548387,,,,NEUTRAL,115.1,NEUTRAL,,48.18386699443877,0.0,-4.135400000000001,1.0,,,11.035400000000001,-4.135400000000001,6.9,168,55,Deep,0,,,,False,,,1.0
00-0037261,Khalil Shakir,WR,BUF,7.5,127.5,8.57,18,9.49,2025*0.50+2024*0.30+2023*0.20+rel[VOLATILE*0.88] [adp_ecr_floor:7.5],,none,2025*0.50+2024*0.30+2023*0.20+rel[VOLATILE*0.88] [adp_ecr_floor:7.5],VOLATILE,4,7.534434865900382,0.3106047841703647,0.88,False,109.6,51.0,65.0,0.2084507042253521,0.09302325581395349,0.22033898305084745,0.22580645161290322,0.21739130434782608,71.87821669479158,58.025835662374284,0.012841337059798855,-0.32,0.9915,,43.85080645161299,0.9953629032258065,0.9953629032258065,0.9923387096774193,0.08968609865470852,-2.055757112850869,4.055757112850869,BUY,109.6,BUY,,52.67875342338535,0.0,-4.135400000000001,1.0,,18.0,11.035400000000001,-4.135400000000001,6.9,169,56,Deep,0,,,,False,,,1.0
00-0040667,Matthew Golden,WR,GB,7.5,127.5,4.79,0,,2025_only+starter_floor_soft+rel[UNPROVEN*0.92] [adp_ecr_floor:7.5],,none,2025_only+starter_floor_soft+rel[UNPROVEN*0.92] [adp_ecr_floor:7.5],UNPROVEN,1,4.793333333333334,0.0,0.92,False,101.1,48.0,46.5,0.09367088607594937,0.13333333333333333,0.3333333333333333,0.09210526315789473,0.02702702702702703,46.22302644226991,58.17024718521366,0.013072395496341857,1.37,1.0365,SNAP_RISING,48.48790322580654,0.9955645161290322,0.9955645161290322,1.0014112903225807,0.022988505747126436,-0.8111514225701738,0.8111514225701738,NEUTRAL,101.1,NEUTRAL,,48.628031430557584,0.0,-4.135400000000001,1.0,rookie_exemption,15.0,11.035400000000001,-4.135400000000001,6.9,170,57,Deep,0,,,,False,,,1.0
sleeper:13413,Cyrus Allen,WR,KC,7.5,127.5,,0,,sleeper_roster+adp_prior,,none,sleeper_roster+adp_prior,UNPROVEN,0,,,1.0,False,145.4,66.0,50.9,,,,,,50.0,67.49565411893563,0.027993046590297013,,1.0,,49.69758064516139,0.9981854838709677,0.9981854838709677,1.0012096774193548,,,,NEUTRAL,145.4,NEUTRAL,,40.88326154813232,0.0,-4.135400000000001,1.0,,,11.035400000000001,-4.135400000000001,6.9,171,58,Deep,0,,,,False,,,1.0
00-0037545,Rashid Shaheed,WR,SEA,7.5,127.5,6.53,5,11.97,2025*0.50+2024*0.30+2023*0.20+rel[VOLATILE*0.88] [adp_ecr_floor:7.5],,none,2025*0.50+2024*0.30+2023*0.20+rel[VOLATILE*0.88] [adp_ecr_floor:7.5],VOLATILE,4,8.043333333333333,0.28072307431828813,0.88,False,119.0,54.0,52.5,0.07744107744107744,,0.18584070796460178,0.13592233009708737,0.1346153846153846,72.65170220566377,59.96730450368508,0.015947687205896125,-0.894,0.9762,,57.76209677419364,1.0078629032258064,1.0078629032258064,1.0076612903225806,0.06722689075630252,-0.6223028451403476,1.6223028451403476,NEUTRAL,119.0,NEUTRAL,,45.39812149630172,0.0,-4.135400000000001,1.0,,21.0,11.035400000000001,-4.135400000000001,6.9,172,59,Deep,0,,,,False,,,1.0
00-0036945,Justin Fields,QB,KC,16.07,273.2,15.41,8,10.83,2025*0.50+2024*0.30+2023*0.20+starter_floor_soft+rel[PROVEN_SOLID*1.06],,none,2025*0.50+2024*0.30+2023*0.20+starter_floor_soft+rel[PROVEN_SOLID*1.06],PROVEN_SOLID,5,15.408197767145134,0.2372226045288316,1.06,False,,,58.9,0.005649717514124294,,,,0.01639344262295082,97.85125497823469,67.49565411893563,0.027993046590297013,,1.0,,49.69758064516139,0.9996975806451613,0.9981854838709677,1.0012096774193548,0.11290322580645161,0.16097002100439184,2.839029978995608,NEUTRAL,,NEUTRAL,,17.214494195888452,0.0,-4.230436000000003,0.95,,9.0,18.275616000000003,-4.230436000000003,14.04518,173,24,Streamable,0,,,,False,,,1.0
00-0038563,Tre Tucker,WR,LV,7.39,125.6,7.84,16,6.22,2025*0.50+2024*0.30+2023*0.20+starter_floor_soft+rel[PROVEN_SOLID*1.06],,none,2025*0.50+2024*0.30+2023*0.20+starter_floor_soft+rel[PROVEN_SOLID*1.06],PROVEN_SOLID,3,6.5383401390575,0.1901128741469344,1.06,False,132.2,58.0,63.7,0.18681318681318682,0.3333333333333333,0.152317880794702,0.15873015873015872,0.16129032258064516,72.62667117818214,61.7300322798174,0.018768051647707843,0.563,1.015,,44.455645161290306,0.9937499999999999,0.9937499999999999,0.9951612903225806,0.10091743119266056,0.7693335879320222,2.2306664120679778,NEUTRAL,132.2,NEUTRAL,,48.975062770214045,0.0,-4.236600000000001,1.0,,17.0,11.035400000000001,-4.236600000000001,6.7988,174,60,Deep,0,,,,False,,,1.0
00-0040736,Mason Taylor,TE,NYJ,4.97,84.5,4.99,0,,2025_only+starter_floor_soft+rel[UNPROVEN*0.92],,none,2025_only+starter_floor_soft+rel[UNPROVEN*0.92],UNPROVEN,1,4.992307692307692,0.0,0.92,False,,,59.6,0.13559322033898305,,0.1232876712328767,0.11235955056179775,0.14754098360655737,94.72803716743377,51.435893228452784,0.002297429165524454,3.446,1.08,SNAP_RISING,47.58064516129035,0.9959677419354839,0.9959677419354839,0.9991935483870967,0.07258064516129033,-0.8250907007828912,1.8250907007828912,NEUTRAL,,NEUTRAL,,44.34850980408275,0.0,-4.240004000000001,1.0,rookie_exemption,13.0,8.812404,-4.240004000000001,4.5724,175,35,Streamer,0,,,,False,,,1.0
00-0033699,Austin Ekeler,RB,WAS,6.35,108.0,5.3,15,9.07,2024*0.30+2023*0.20+no_2025*0.72+rel[VOLATILE*0.88],,none,2024*0.30+2023*0.20+no_2025*0.72+rel[VOLATILE*0.88],VOLATILE,5,14.535999999999998,0.2751823749099116,0.88,False,,,58.7,0.012658227848101266,,0.010309278350515464,0.03508771929824561,,95.53269499833993,74.4380335679125,0.03910085370866,,1.0,,50.60483870967736,1.0054435483870967,0.995766129032258,1.0054435483870967,0.013793103448275862,-0.4055757112850869,0.4055757112850869,NEUTRAL,,NEUTRAL,,34.31084557190176,0.0,-4.246566666666668,0.95,,2.0,9.796466666666667,-4.246566666666668,5.549899999999999,176,57,Handcuff,0,,,,False,,,1.0
00-0039150,Bryce Young,QB,CAR,15.24,259.1,14.41,13,13.93,2025*0.50+2024*0.30+2023*0.20+starter_floor_soft+rel[PROVEN_SOLID*1.06],,none,2025*0.50+2024*0.30+2023*0.20+starter_floor_soft+rel[PROVEN_SOLID*1.06],PROVEN_SOLID,3,12.662391304347826,0.16443482534996848,1.06,False,173.1,25.0,58.9,,,,,,50.0,37.364597196445956,-0.02021664448568647,1.38,1.0368,SNAP_RISING,39.51612903225809,0.989516129032258,0.9917338709677419,0.9872983870967742,0.0784313725490196,0.5665457322894785,2.4334542677105215,NEUTRAL,173.1,NEUTRAL,,63.72903794358516,0.0,-4.254816000000002,1.0,,17.0,18.275616000000003,-4.254816000000002,14.020800000000001,177,25,Avoid,0,,,,False,,,1.0
00-0039391,Kimani Vidal,RB,LAC,6.0,102.0,8.92,8,3.36,2025*0.50+2024*0.30+starter_floor_soft+rel[VOLATILE*0.88],,none,2025*0.50+2024*0.30+starter_floor_soft+rel[VOLATILE*0.88],VOLATILE,2,6.802116402116401,0.4092491982193288,0.88,False,,,52.6,0.04885057471264368,0.2222222222222222,0.03614457831325301,,0.07407407407407407,70.18946403772118,52.96449543969547,0.00474319270351275,-10.108,0.92,SNAP_FALLING,45.36290322580649,0.9909274193548386,0.9997983870967742,0.9909274193548386,0.20987654320987653,-3.894787091846477,6.894787091846477,TD_UNLUCKY_BUY,,NEUTRAL,,27.7172519450707,0.0,-4.276466666666667,1.0,,13.0,9.796466666666667,-4.276466666666667,5.5200000000000005,178,58,Handcuff,0,,,,False,,,1.0
00-0038608,Kayshon Boutte,WR,HOU,7.34,124.8,7.49,14,6.69,2025*0.50+2024*0.30+rel[EMERGING*1.03],,none,2025*0.50+2024*0.30+rel[EMERGING*1.03],EMERGING,2,6.758956228956229,0.059262930841233165,1.03,False,161.0,75.0,64.2,0.11724137931034483,0.08108108108108109,0.07692307692307693,0.13186813186813187,0.0684931506849315,90.07711498820721,71.3884009595321,0.03422144153525137,-0.337,0.991,,53.124999999999865,1.001008064516129,1.001008064516129,1.0052419354838709,0.028409090909090908,0.9860607217872828,1.0139392782127172,NEUTRAL,161.0,NEUTRAL,,41.171465721896126,0.0,-4.2826,1.0,,18.0,11.035400000000001,-4.2826,6.752800000000001,179,61,Deep,1,Wk7,London game (Wk7) — historically low scoring,⚠ London Wk7,True,,London,0.853
00-0040586,Jaydon Blue,RB,PHI,5.98,101.7,3.98,0,,2025_small_sample(3g)_regressed+rel[UNPROVEN*0.92] [adp_ecr_floor:6.0],,none,2025_small_sample(3g)_regressed+rel[UNPROVEN*0.92] [adp_ecr_floor:6.0],UNPROVEN,0,3.979999999999999,,0.92,False,157.4,54.0,68.5,,,,,,50.0,86.51547671689036,0.05842476274702458,,1.0,,60.88709677419346,1.0108870967741934,1.0108870967741934,1.0108870967741934,0.03608247422680412,-0.4195149894978041,1.419514989497804,NEUTRAL,157.4,NEUTRAL,,28.125265784489624,0.0,-4.294866666666667,1.0,rookie_exemption,5.0,9.796466666666667,-4.294866666666667,5.501600000000001,180,59,Handcuff,1,Wk6,London game (Wk6) — historically low scoring,⚠ London Wk6,True,,London,0.853
00-0035676,A.J. Brown,WR,NE,7.18,122.1,11.58,17,12.81,2025*0.50+2024*0.30+2023*0.20+rel[PROVEN_ELITE*1.12] [team_corr:NE:1.05:Traded to Patriots - Drake Maye WR1] [consensus_floor:15.0:WR8-13 consensus NE] [camp_notes:IR:0.5:A.J. Brown listed as IR. ],,none,2025*0.50+2024*0.30+2023*0.20+rel[PROVEN_ELITE*1.12] [team_corr:NE:1.05:Traded to Patriots - Drake Maye WR1] [consensus_floor:15.0:WR8-13 consensus NE] [camp_notes:IR:0.5:A.J. Brown listed as IR. ],PROVEN_ELITE,6,13.381335008230097,0.09334425254543743,1.12,False,17.5,9.0,68.0,0.24867724867724866,0.2857142857142857,0.3333333333333333,0.3188405797101449,0.203125,69.02185582223768,66.2210769855281,0.02595372317684496,-1.6,0.9573,SNAP_FALLING,49.899193548387125,0.9961693548387096,0.9961693548387096,1.0036290322580645,0.08074534161490683,0.36375787664693515,2.636242123353065,NEUTRAL,17.5,NEUTRAL,IR,28.777983268292708,0.0,-4.429800000000001,1.0,,16.0,11.035400000000001,-4.429800000000001,6.6056,181,62,Deep,0,,,,False,,,1.0
00-0039798,Isaiah Davis,RB,NYJ,5.78,98.3,3.91,8,4.6,2025*0.50+2024*0.30+starter_floor_soft+rel[UNPROVEN*0.92],,none,2025*0.50+2024*0.30+starter_floor_soft+rel[UNPROVEN*0.92],UNPROVEN,2,4.188000000000001,0.08198026106335549,0.92,False,,,47.6,0.062146892655367235,,0.0502283105022831,0.07865168539325842,0.03278688524590164,93.29765543509716,51.435893228452784,0.002297429165524454,1.186,1.0316,,47.58064516129035,0.9991935483870967,0.9959677419354839,0.9991935483870967,0.08870967741935484,-2.2306664120679778,2.2306664120679778,TD_UNLUCKY_BUY,,NEUTRAL,,39.780605309067205,0.0,-4.478866666666667,1.0,,15.0,9.796466666666667,-4.478866666666667,5.3176000000000005,182,60,Handcuff,0,,,,False,,,1.0
00-0036407,Jerry Jeudy,WR,CLE,7.04,119.7,5.75,17,11.52,2025*0.50+2024*0.30+2023*0.20+rel[VOLATILE*0.88],,none,2025*0.50+2024*0.30+2023*0.20+rel[VOLATILE*0.88],VOLATILE,6,8.56422024623803,0.2629833884582551,0.88,False,122.9,55.0,49.5,0.23648648648648649,0.15384615384615385,0.17117117117117117,0.2222222222222222,0.15789473684210525,78.285661759643,30.787804878048778,-0.030739512195121957,1.104,1.0294,,51.51209677419355,1.0062499999999999,1.0062499999999999,0.996774193548387,0.07627118644067797,-1.8250907007828912,1.8250907007828912,BUY,122.9,BUY,,39.13200981204009,0.0,-4.558600000000001,1.0,,17.0,11.035400000000001,-4.558600000000001,6.4768,183,63,Deep,0,,,,False,,,1.0
00-0039901,Keon Coleman,WR,BUF,7.02,119.3,6.79,14,6.42,2025*0.50+2024*0.30+starter_floor_soft+rel[EMERGING*1.03],,none,2025*0.50+2024*0.30+starter_floor_soft+rel[EMERGING*1.03],EMERGING,2,6.602232142857143,0.027790925688011336,1.03,False,,,57.0,0.08732394366197183,0.20930232558139536,0.2033898305084746,0.14516129032258066,0.15217391304347827,70.22339723160272,58.025835662374284,0.012841337059798855,0.0,1.0,,43.85080645161299,0.9953629032258065,0.9953629032258065,0.9923387096774193,0.06278026905829596,1.1609700210043918,2.839029978995608,TD_LUCK_FADE,,NEUTRAL,,56.63869361957979,0.0,-4.577000000000001,1.0,,14.0,11.035400000000001,-4.577000000000001,6.4584,184,64,Deep,0,,,,False,,,1.0
00-0040021,Phil Mafah,RB,NYG,5.66,96.2,9.9,0,,2025_small_sample(1g)_regressed+rel[UNPROVEN*0.92],,none,2025_small_sample(1g)_regressed+rel[UNPROVEN*0.92],UNPROVEN,0,9.9,,0.92,False,,,51.5,,,0.0196078431372549,,,50.0,64.91503813917403,0.02386406102267845,,1.0,,51.41129032258074,1.0,1.0028225806451612,1.0,0.005154639175257732,0.7972121443574566,0.20278785564254345,NEUTRAL,,NEUTRAL,,33.11692752292946,0.0,-4.589266666666667,1.0,rookie_exemption,1.0,9.796466666666667,-4.589266666666667,5.2072,185,61,Handcuff,0,,,,False,,,1.0
00-0037005,Tommy Tremble,TE,CAR,4.59,78.0,3.38,8,4.49,2025*0.50+2024*0.30+2023*0.20+starter_floor_soft+rel[PROVEN_SOLID*1.06],,none,2025*0.50+2024*0.30+2023*0.20+starter_floor_soft+rel[PROVEN_SOLID*1.06],PROVEN_SOLID,5,3.5554728021978024,0.1429127788544543,1.06,False,,,46.9,0.08708708708708708,0.125,0.07920792079207921,0.06329113924050633,0.0641025641025641,90.98815871703869,37.364597196445956,-0.02021664448568647,-0.488,0.987,,39.51612903225809,0.9917338709677419,0.9917338709677419,0.9872983870967742,0.032679738562091505,0.9860607217872828,1.0139392782127172,NEUTRAL,,NEUTRAL,,41.8702133545364,0.0,-4.5896040000000005,1.0,,16.0,8.812404,-4.5896040000000005,4.2228,186,36,Streamer,0,,,,False,,,1.0
00-0040179,DJ Giddens,RB,IND,5.65,96.1,1.92,0,,2025_small_sample(3g)_regressed+rel[UNPROVEN*0.92],,none,2025_small_sample(3g)_regressed+rel[UNPROVEN*0.92],UNPROVEN,0,1.92,,0.92,False,,,63.4,0.005813953488372093,,,,0.012048192771084338,98.75315214345754,48.981774097457205,-0.0016291614440684726,,1.0,,50.8064516129032,1.0022177419354839,0.9993951612903226,1.0022177419354839,0.03225806451612903,-1.2167271338552608,1.2167271338552608,TD_UNLUCKY_BUY,,NEUTRAL,,31.887931926228024,0.0,-4.598466666666667,1.0,rookie_exemption,5.0,9.796466666666667,-4.598466666666667,5.198,187,62,Handcuff,0,,,,False,,,1.0
00-0038115,Daniel Bellinger,TE,TEN,4.57,77.7,4.18,5,2.79,2025*0.50+2024*0.30+2023*0.20+starter_floor_soft+rel[PROVEN_SOLID*1.06],,none,2025*0.50+2024*0.30+2023*0.20+starter_floor_soft+rel[PROVEN_SOLID*1.06],PROVEN_SOLID,3,3.965533115533116,0.2502833352149924,1.06,False,,,67.3,0.06109324758842444,0.13333333333333333,0.017857142857142856,0.012987012987012988,0.08823529411764706,81.99914350128557,43.59991239936847,-0.010240140161010448,0.506,1.0135,,51.008064516129046,1.0006048387096773,1.0006048387096773,1.0014112903225807,0.03614457831325301,-1.2167271338552608,1.2167271338552608,TD_UNLUCKY_BUY,,NEUTRAL,,33.85532967989501,0.0,-4.608004,1.0,,12.0,8.812404,-4.608004,4.204400000000001,188,37,Streamer,0,,,,False,,,1.0
00-0040208,Tahj Brooks,RB,CIN,5.63,95.7,0.98,0,,2025_small_sample(2g)_regressed+rel[UNPROVEN*0.92],,none,2025_small_sample(2g)_regressed+rel[UNPROVEN*0.92],UNPROVEN,0,0.9833333333333334,,0.92,False,,,48.8,0.002512562814070352,0.05,,,,90.50251256281408,68.34794241910284,0.02935670787056454,0.226,1.006,,47.27822580645169,0.9933467741935483,1.0012096774193548,0.9933467741935483,,,,NEUTRAL,,NEUTRAL,,39.874872793673845,0.0,-4.616866666666668,1.0,rookie_exemption,6.0,9.796466666666667,-4.616866666666668,5.1796,189,63,Handcuff,0,,,,False,,,1.0
00-0040547,Nate Carter,RB,KC,5.6,95.2,3.0,0,,2025_small_sample(2g)_regressed+rel[UNPROVEN*0.92],,none,2025_small_sample(2g)_regressed+rel[UNPROVEN*0.92],UNPROVEN,0,3.0,,0.92,False,,,58.9,,,,,,50.0,67.49565411893563,0.027993046590297013,,1.0,,49.69758064516139,1.0012096774193548,0.9981854838709677,1.0012096774193548,,,,NEUTRAL,,NEUTRAL,,42.16262189612328,0.0,-4.644466666666667,1.0,rookie_exemption,2.0,9.796466666666667,-4.644466666666667,5.152,190,64,Handcuff,0,,,,False,,,1.0
00-0039875,Ray Davis,RB,BUF,5.6,95.2,3.93,15,6.17,2025*0.50+2024*0.30+starter_floor_soft+rel[UNPROVEN*0.92],,none,2025*0.50+2024*0.30+starter_floor_soft+rel[UNPROVEN*0.92],UNPROVEN,2,5.328477443609024,0.2101772643090219,0.92,False,,,57.0,0.022535211267605635,0.046511627906976744,0.06779661016949153,,0.05434782608695652,93.41909465787961,58.025835662374284,0.012841337059798855,-1.664,0.9556,SNAP_FALLING,43.85080645161299,0.9923387096774193,0.9953629032258065,0.9923387096774193,0.053811659192825115,-0.43345426771052153,2.4334542677105215,NEUTRAL,,NEUTRAL,,41.05437817137212,0.0,-4.644466666666667,1.0,,14.0,9.796466666666667,-4.644466666666667,5.152,191,65,Handcuff,0,,,,False,,,1.0
00-0035535,Darius Slayton,WR,IND,6.93,117.8,5.59,14,5.66,2025*0.50+2024*0.30+2023*0.20+starter_floor_soft+rel[PROVEN_SOLID*1.06],,none,2025*0.50+2024*0.30+2023*0.20+starter_floor_soft+rel[PROVEN_SOLID*1.06],PROVEN_SOLID,6,6.466034266508124,0.1942833063987691,1.06,False,,,47.4,0.12540192926045016,0.06666666666666667,0.17857142857142858,0.1038961038961039,0.11764705882352941,85.51481991157128,48.981774097457205,-0.0016291614440684726,0.29,1.0077,,50.8064516129032,0.9993951612903226,0.9993951612903226,1.0022177419354839,0.04819277108433735,-1.6223028451403476,1.6223028451403476,TD_UNLUCKY_BUY,,NEUTRAL,,32.20507892262326,0.0,-4.659800000000001,1.0,,14.0,11.035400000000001,-4.659800000000001,6.3756,192,65,Deep,0,,,,False,,,1.0
00-0036187,Reggie Gilliam,RB,NE,5.58,94.9,1.27,0,,2025_small_sample(1g)_regressed+rel[UNPROVEN*0.92],,none,2025_small_sample(1g)_regressed+rel[UNPROVEN*0.92],UNPROVEN,0,1.2666666666666666,,0.92,False,,,37.2,0.005633802816901409,0.023255813953488372,,,0.010869565217391304,97.04442480224284,66.2210769855281,0.02595372317684496,0.0,1.0,,49.899193548387125,1.0036290322580645,0.9961693548387096,1.0036290322580645,0.008968609865470852,-0.4055757112850869,0.4055757112850869,NEUTRAL,,NEUTRAL,,30.55472939817505,0.0,-4.662866666666667,1.0,rookie_exemption,3.0,9.796466666666667,-4.662866666666667,5.1336,193,66,Handcuff,0,,,,False,,,1.0
00-0040177,Jordan James,RB,SF,5.57,94.7,4.0,0,,2025_small_sample(1g)_regressed+rel[UNPROVEN*0.92],,none,2025_small_sample(1g)_regressed+rel[UNPROVEN*0.92],UNPROVEN,0,4.0,,0.92,False,,,53.5,,,0.014084507042253521,,,50.0,85.86365482399324,0.057381847718389195,,1.0,,46.774193548387075,0.9983870967741935,0.9951612903225806,0.9983870967741935,,,,NEUTRAL,,NEUTRAL,,44.68115098162239,0.0,-4.672066666666667,1.0,rookie_exemption,1.0,9.796466666666667,-4.672066666666667,5.1244000000000005,194,67,Handcuff,2,"Wk1, Wk11",2 international games — Melbourne (Wk1); Mexico City (Wk11),⚠ Melbourne Wk1; Mexico City Wk11,True,MULTIPLE_INTL_GAMES,Melbourne,0.853
00-0039407,Dylan Laube,RB,LV,5.57,94.7,1.05,0,-2.0,2025_small_sample(1g)_regressed+rel[UNPROVEN*0.92],,none,2025_small_sample(1g)_regressed+rel[UNPROVEN*0.92],UNPROVEN,0,1.0500000000000003,,0.92,False,,,43.7,0.003663003663003663,,0.006622516556291391,0.047619047619047616,,91.97602694586251,61.7300322798174,0.018768051647707843,0.0,1.0,,44.455645161290306,0.9951612903225806,0.9937499999999999,0.9951612903225806,,,,NEUTRAL,,NEUTRAL,,38.147488035131786,0.0,-4.672066666666667,1.0,rookie_exemption,4.0,9.796466666666667,-4.672066666666667,5.1244000000000005,195,68,Handcuff,0,,,,False,,,1.0
00-0040648,Tory Horton,WR,SEA,6.91,117.5,7.51,0,,2025_only+rel[UNPROVEN*0.92],,none,2025_only+rel[UNPROVEN*0.92],UNPROVEN,0,7.514285714285714,,0.92,False,,,44.5,0.03197674418604651,0.08641975308641975,,0.047058823529411764,0.04938271604938271,91.98694592775519,59.96730450368508,0.015947687205896125,,1.0,,57.76209677419364,1.0078629032258064,1.0078629032258064,1.0076612903225806,0.02,1.1888485774298263,0.8111514225701738,TD_LUCK_FADE,,NEUTRAL,,42.00086473583108,0.0,-4.6782,1.0,rookie_exemption,7.0,11.035400000000001,-4.6782,6.357200000000001,196,66,Deep,0,,,,False,,,1.0
00-0036550,Rashod Bateman,WR,BAL,6.9,117.3,3.38,18,9.78,2025*0.50+2024*0.30+2023*0.20+starter_floor_soft+rel[VOLATILE*0.88] [adp_ecr_floor:6.9],,none,2025*0.50+2024*0.30+2023*0.20+starter_floor_soft+rel[VOLATILE*0.88] [adp_ecr_floor:6.9],VOLATILE,4,6.406241531814812,0.39813078947580666,0.88,False,137.2,61.0,33.0,0.08664259927797834,0.1,0.1076923076923077,0.10526315789473684,0.16071428571428573,89.84283323595031,59.32767737944676,0.014924283807114818,-0.144,0.9962,,48.89112903225801,0.9971774193548386,0.9971774193548386,1.0006048387096773,0.05555555555555555,0.17490929921710885,1.8250907007828912,NEUTRAL,137.2,NEUTRAL,,52.00936695677704,0.0,-4.6874,1.0,,13.0,11.035400000000001,-4.6874,6.348000000000001,197,67,Deep,0,,,,False,,,1.0
00-0039880,Malik Washington,WR,MIA,6.9,117.3,5.28,9,3.65,2025*0.50+2024*0.30+starter_floor_soft+rel[EMERGING*1.03] [adp_ecr_floor:6.9],,none,2025*0.50+2024*0.30+starter_floor_soft+rel[EMERGING*1.03] [adp_ecr_floor:6.9],EMERGING,2,4.690941176470587,0.1733629272941589,1.03,False,144.0,65.0,58.3,0.14227642276422764,0.2,0.14545454545454545,0.12,0.16417910447761194,89.28873258813267,39.49461048193906,-0.0168086232288975,-0.679,0.9819,,53.326612903225936,1.0012096774193548,1.0012096774193548,1.0054435483870967,0.10218978102189781,1.1609700210043918,2.839029978995608,TD_LUCK_FADE,144.0,NEUTRAL,,40.83389644605122,0.0,-4.6874,1.0,,17.0,11.035400000000001,-4.6874,6.348000000000001,198,68,Deep,0,,,,False,,,1.0
00-0040067,Jacardia Wright,RB,SEA,5.55,94.4,2.0,0,,2025_small_sample(1g)_regressed+rel[UNPROVEN*0.92],,none,2025_small_sample(1g)_regressed+rel[UNPROVEN*0.92],UNPROVEN,0,2.0,,0.92,False,,,44.5,,,,,,50.0,59.96730450368508,0.015947687205896125,,1.0,,57.76209677419364,1.0076612903225806,1.0078629032258064,1.0076612903225806,,,,NEUTRAL,,NEUTRAL,,38.08883558159523,0.0,-4.6904666666666675,1.0,rookie_exemption,1.0,9.796466666666667,-4.6904666666666675,5.106,199,69,Handcuff,0,,,,False,,,1.0
00-0039305,Jack Westover,RB,WAS,5.55,94.4,0.6,0,,2025_small_sample(1g)_regressed+rel[UNPROVEN*0.92],,none,2025_small_sample(1g)_regressed+rel[UNPROVEN*0.92],UNPROVEN,0,0.6,,0.92,False,,,50.7,0.004597701149425287,0.013513513513513514,,,,98.21683752718235,74.4380335679125,0.03910085370866,,1.0,,50.60483870967736,1.0054435483870967,0.995766129032258,1.0054435483870967,,,,NEUTRAL,,NEUTRAL,,32.64014178311193,0.0,-4.6904666666666675,1.0,rookie_exemption,3.0,9.796466666666667,-4.6904666666666675,5.106,200,70,Handcuff,0,,,,False,,,1.0
00-0040429,Josh Williams,RB,TB,5.54,94.2,1.1,0,,2025_small_sample(1g)_regressed+rel[UNPROVEN*0.92],,none,2025_small_sample(1g)_regressed+rel[UNPROVEN*0.92],UNPROVEN,0,1.1,,0.92,False,,,46.6,,,,,,50.0,36.25093968232914,-0.021998496508273378,,1.0,,51.3104838709677,1.0022177419354839,1.0004032258064515,1.0022177419354839,,,,NEUTRAL,,NEUTRAL,,30.09641670193733,0.0,-4.699666666666667,1.0,rookie_exemption,1.0,9.796466666666667,-4.699666666666667,5.0968,201,71,Handcuff,0,,,,False,,,1.0
00-0040556,Corey Kiner,RB,NE,5.54,94.2,2.08,0,,2025_small_sample(3g)_regressed+rel[UNPROVEN*0.92],,none,2025_small_sample(3g)_regressed+rel[UNPROVEN*0.92],UNPROVEN,0,2.075,,0.92,False,,,45.2,0.0030959752321981426,,0.010869565217391304,,0.009523809523809525,98.64316175810498,66.2210769855281,0.02595372317684496,-0.625,0.9833,,49.899193548387125,1.0036290322580645,0.9961693548387096,1.0036290322580645,0.01910828025477707,-0.6083635669276304,0.6083635669276304,NEUTRAL,,NEUTRAL,,30.918513334627665,0.0,-4.699666666666667,1.0,rookie_exemption,4.0,9.796466666666667,-4.699666666666667,5.0968,202,72,Handcuff,0,,,,False,,,1.0
00-0038896,Jacob Saylors,RB,DET,5.54,94.2,1.1,0,,2025_small_sample(1g)_regressed+rel[UNPROVEN*0.92],,none,2025_small_sample(1g)_regressed+rel[UNPROVEN*0.92],UNPROVEN,0,1.1,,0.92,False,,,53.9,,,,,,50.0,71.6413052933654,0.03462608846938465,,1.0,,54.737903225806626,1.0060483870967742,1.0034274193548387,1.0060483870967742,,,,NEUTRAL,,NEUTRAL,,42.44993735952516,0.0,-4.699666666666667,1.0,rookie_exemption,1.0,9.796466666666667,-4.699666666666667,5.0968,203,73,Handcuff,1,Wk8,Munich game (Wk8) — lowest scoring international venue,⚠ Munich Wk8,True,,Munich,0.674
00-0039471,Frank Gore Jr.,RB,BUF,5.53,94.0,1.1,0,,2025_small_sample(1g)_regressed+rel[UNPROVEN*0.92],,none,2025_small_sample(1g)_regressed+rel[UNPROVEN*0.92],UNPROVEN,0,1.1,,0.92,False,,,49.0,0.0028169014084507044,,,,,50.0,58.025835662374284,0.012841337059798855,,1.0,,43.85080645161299,0.9923387096774193,0.9953629032258065,0.9923387096774193,,,,NEUTRAL,,NEUTRAL,,44.14119695198879,0.0,-4.708866666666667,1.0,rookie_exemption,1.0,9.796466666666667,-4.708866666666667,5.0876,204,74,Handcuff,0,,,,False,,,1.0
00-0033553,James Conner,RB,ARI,5.81,98.8,9.77,16,14.39,2024*0.30+2023*0.20+no_2025*0.72+rel[PROVEN_ELITE*1.12] [camp_notes:IR:0.5:James Conner listed as IR. ],,none,2024*0.30+2023*0.20+no_2025*0.72+rel[PROVEN_ELITE*1.12] [camp_notes:IR:0.5:James Conner listed as IR. ],PROVEN_ELITE,5,13.829333333333334,0.09080815741798595,1.12,False,,,56.1,0.02476780185758514,,,0.010869565217391304,0.009523809523809525,97.24366961384978,63.84792616237692,0.022156681859803077,,1.0,,46.975806451612925,0.9959677419354839,0.9979838709677419,0.9959677419354839,0.03821656050955414,0.7832728661447392,1.2167271338552608,NEUTRAL,,NEUTRAL,IR,34.52770333750896,0.0,-4.718526666666667,0.95,,3.0,9.796466666666667,-4.718526666666667,5.07794,205,75,Handcuff,0,,,,False,,,1.0
00-0038976,Marvin Mims Jr.,WR,DEN,6.85,116.4,5.76,14,6.61,2025*0.50+2024*0.30+2023*0.20+starter_floor_soft+rel[PROVEN_SOLID*1.06],,none,2025*0.50+2024*0.30+2023*0.20+starter_floor_soft+rel[PROVEN_SOLID*1.06],PROVEN_SOLID,3,5.641656862745099,0.17304659660873073,1.06,False,,,57.8,0.09127789046653144,0.11538461538461539,0.08695652173913043,0.0989010989010989,0.031578947368421054,88.66742490772587,76.00929064261045,0.04161486502817672,0.587,1.0156,,49.596774193548356,1.001008064516129,1.001008064516129,0.9981854838709677,0.027472527472527472,-0.013939278212717232,1.0139392782127172,NEUTRAL,,NEUTRAL,,39.94174186867818,0.0,-4.733400000000001,1.0,,17.0,11.035400000000001,-4.733400000000001,6.302,206,69,Deep,0,,,,False,,,1.0
00-0036973,Travis Etienne,RB,NO,5.46,92.8,14.22,14,7.38,2025*0.50+2024*0.30+2023*0.20+rel[VOLATILE*0.88] [camp_notes:IR:0.5:Travis Etienne listed as IR. ],,none,2025*0.50+2024*0.30+2023*0.20+rel[VOLATILE*0.88] [camp_notes:IR:0.5:Travis Etienne listed as IR. ],VOLATILE,4,12.16675569520817,0.24408957126018263,0.88,False,,,71.6,0.10684931506849316,0.11363636363636363,0.06666666666666667,0.10144927536231885,0.11702127659574468,92.77897402881703,62.22868616277322,0.019565897860437158,0.288,1.0077,,54.83870967741944,1.0048387096774194,1.0048387096774194,1.0048387096774194,0.3101851851851852,-2.5867863280504118,13.586786328050412,TD_UNLUCKY_BUY,,NEUTRAL,IR,44.56184510739353,0.0,-4.773266666666667,1.0,,18.0,9.796466666666667,-4.773266666666667,5.0232,207,76,Handcuff,0,,,,False,,,1.0
00-0029604,Kirk Cousins,QB,LV,15.13,257.2,10.55,14,12.59,2025*0.50+2024*0.30+2023*0.20+starter_floor_soft+rel[PROVEN_SOLID*1.06],,none,2025*0.50+2024*0.30+2023*0.20+starter_floor_soft+rel[PROVEN_SOLID*1.06],PROVEN_SOLID,6,16.492623456790124,0.20476110547542806,1.06,False,,,63.7,,,,,,50.0,61.7300322798174,0.018768051647707843,0.31,1.0083,,44.455645161290306,0.9944556451612903,0.9937499999999999,0.9951612903225806,0.007352941176470588,0.7972121443574566,0.20278785564254345,NEUTRAL,,NEUTRAL,,52.120939262747,0.0,-4.773604000000002,0.97,,10.0,18.275616000000003,-4.773604000000002,13.502012,208,26,Avoid,0,,,,False,,,1.0
00-0035644,Noah Fant,TE,NO,4.38,74.5,4.91,14,5.71,2025*0.50+2024*0.30+2023*0.20+starter_floor_soft+rel[VOLATILE*0.88],,none,2025*0.50+2024*0.30+2023*0.20+starter_floor_soft+rel[VOLATILE*0.88],VOLATILE,6,6.208021830913397,0.24929129738894332,0.88,False,,,59.6,0.07035175879396985,0.05,0.06086956521739131,0.08163265306122448,0.04878048780487805,95.02102972392841,62.22868616277322,0.019565897860437158,-0.116,0.9969,,54.83870967741944,1.0048387096774194,1.0048387096774194,1.0048387096774194,0.027777777777777776,1.1888485774298263,0.8111514225701738,TD_LUCK_FADE,,NEUTRAL,,44.3943024899428,0.0,-4.7828040000000005,1.0,,13.0,8.812404,-4.7828040000000005,4.0296,209,38,Streamer,0,,,,False,,,1.0
00-0039405,Jawhar Jordan,RB,HOU,5.41,92.0,6.55,0,,2025_small_sample(3g)_regressed+rel[UNPROVEN*0.92],,none,2025_small_sample(3g)_regressed+rel[UNPROVEN*0.92],UNPROVEN,0,6.55,,0.92,False,,,56.2,0.011682242990654205,0.02631578947368421,,,,97.073290703394,71.3884009595321,0.03422144153525137,-7.74,0.92,SNAP_FALLING,53.124999999999865,1.0052419354838709,1.001008064516129,1.0052419354838709,0.028409090909090908,-1.0139392782127172,1.0139392782127172,TD_UNLUCKY_BUY,,NEUTRAL,,32.22735877547433,0.0,-4.819266666666667,1.0,rookie_exemption,4.0,9.796466666666667,-4.819266666666667,4.977200000000001,210,77,Handcuff,1,Wk7,London game (Wk7) — historically low scoring,⚠ London Wk7,True,,London,0.853
00-0038621,DeMario Douglas,WR,NE,6.75,114.8,4.93,16,7.17,2025*0.50+2024*0.30+2023*0.20+starter_floor_soft+rel[PROVEN_SOLID*1.06],,none,2025*0.50+2024*0.30+2023*0.20+starter_floor_soft+rel[PROVEN_SOLID*1.06],PROVEN_SOLID,3,5.986692546583851,0.15275101089668822,1.06,False,,,37.2,0.09885057471264368,0.0945945945945946,0.15384615384615385,0.1978021978021978,0.0958904109589041,83.47190254092195,66.2210769855281,0.02595372317684496,-0.188,0.995,,49.899193548387125,0.9961693548387096,0.9961693548387096,1.0036290322580645,0.045454545454545456,0.3776971548596524,1.6223028451403476,NEUTRAL,,NEUTRAL,,40.23480124445995,0.0,-4.825400000000001,1.0,,20.0,11.035400000000001,-4.825400000000001,6.21,211,70,Deep,0,,,,False,,,1.0
00-0034829,Mike Gesicki,TE,CIN,4.33,73.6,4.73,13,6.81,2025*0.50+2024*0.30+2023*0.20+rel[VOLATILE*0.88],,none,2025*0.50+2024*0.30+2023*0.20+rel[VOLATILE*0.88],VOLATILE,6,6.202284439416792,0.29839601339549093,0.88,False,,,68.8,0.07035175879396985,0.1,0.06956521739130435,0.061224489795918366,0.0975609756097561,93.64378939886849,68.34794241910284,0.02935670787056454,-1.145,0.9695,,47.27822580645169,1.0012096774193548,1.0012096774193548,0.9933467741935483,0.05555555555555555,0.3776971548596524,1.6223028451403476,NEUTRAL,,NEUTRAL,,47.48768966986962,0.0,-4.828804000000001,1.0,,12.0,8.812404,-4.828804000000001,3.9836,212,39,Streamer,0,,,,False,,,1.0
00-0034270,Tyler Conklin,TE,DET,4.54,77.2,2.3,15,6.03,2025*0.50+2024*0.30+2023*0.20+rel[PROVEN_ELITE*1.12],,none,2025*0.50+2024*0.30+2023*0.20+rel[PROVEN_ELITE*1.12],PROVEN_ELITE,4,5.69131173017152,0.056761970940459344,1.12,False,,,61.9,0.014367816091954023,,0.03614457831325301,0.03896103896103896,,95.60406969115598,71.6413052933654,0.03462608846938465,,1.0,,54.737903225806626,1.0034274193548387,1.0034274193548387,1.0060483870967742,,,,NEUTRAL,,NEUTRAL,,42.75772014346751,0.0,-4.844444000000001,0.95,,6.0,8.812404,-4.844444000000001,3.9679599999999997,213,40,Streamer,1,Wk8,Munich game (Wk8) — lowest scoring international venue,⚠ Munich Wk8,True,,Munich,0.674
00-0034975,Justice Hill,RB,BAL,5.66,96.2,6.08,15,7.25,2025*0.50+2024*0.30+2023*0.20+rel[VOLATILE*0.88],,none,2025*0.50+2024*0.30+2023*0.20+rel[VOLATILE*0.88],VOLATILE,3,5.458514349135881,0.35274652720165794,0.88,False,,,49.0,0.036101083032490974,0.1,0.15384615384615385,0.14035087719298245,0.017857142857142856,66.22254621557063,59.32767737944676,0.014924283807114818,,1.0,,48.89112903225801,1.0006048387096773,0.9971774193548386,1.0006048387096773,0.024691358024691357,1.1888485774298263,0.8111514225701738,TD_LUCK_FADE,,NEUTRAL,,45.47009527550101,0.0,-4.849626666666667,0.95,,9.0,9.796466666666667,-4.849626666666667,4.94684,214,78,Handcuff,0,,,,False,,,1.0
00-0039066,Michael Mayer,TE,LV,4.28,72.8,4.69,8,2.37,2025*0.50+2024*0.30+2023*0.20+starter_floor_soft+rel[VOLATILE*0.88],,none,2025*0.50+2024*0.30+2023*0.20+starter_floor_soft+rel[VOLATILE*0.88],VOLATILE,3,4.122171717171717,0.2731332283523674,0.88,False,,,51.7,0.13553113553113552,0.3333333333333333,0.059602649006622516,0.047619047619047616,0.0967741935483871,58.38581731839136,61.7300322798174,0.018768051647707843,3.073,1.08,SNAP_RISING,44.455645161290306,0.9937499999999999,0.9937499999999999,0.9951612903225806,0.05504587155963303,-0.21672713385526077,1.2167271338552608,NEUTRAL,,NEUTRAL,,45.65616156882098,0.0,-4.874804000000001,1.0,,12.0,8.812404,-4.874804000000001,3.9376,215,41,Streamer,0,,,,False,,,1.0
00-0038797,Emanuel Wilson,RB,SEA,5.33,90.6,5.02,15,5.22,2025*0.50+2024*0.30+2023*0.20+starter_floor_soft+rel[UNPROVEN*0.92],,none,2025*0.50+2024*0.30+2023*0.20+starter_floor_soft+rel[UNPROVEN*0.92],UNPROVEN,2,4.663343519225872,0.02133872478218967,0.92,False,,,52.5,0.035443037974683546,,0.16666666666666666,0.02631578947368421,0.04054054054054054,64.94843955649932,59.96730450368508,0.015947687205896125,-4.262,0.92,SNAP_FALLING,57.76209677419364,1.0076612903225806,1.0078629032258064,1.0076612903225806,0.15517241379310345,-2.475272102348673,5.475272102348673,TD_UNLUCKY_BUY,,NEUTRAL,,48.14619805599435,0.0,-4.892866666666667,1.0,,17.0,9.796466666666667,-4.892866666666667,4.9036,216,79,Handcuff,0,,,,False,,,1.0
00-0040078,Brashard Smith,RB,KC,5.32,90.4,3.39,0,,2025_only+starter_floor_soft+rel[UNPROVEN*0.92],,none,2025_only+starter_floor_soft+rel[UNPROVEN*0.92],UNPROVEN,1,3.3866666666666663,0.0,0.92,False,,,50.9,0.06862745098039216,0.08108108108108109,0.125,0.03614457831325301,0.08641975308641975,88.51989213461137,67.49565411893563,0.027993046590297013,0.591,1.0158,,49.69758064516139,1.0012096774193548,0.9981854838709677,1.0012096774193548,0.10059171597633136,-2.4473935459232385,3.4473935459232385,TD_UNLUCKY_BUY,,NEUTRAL,,42.45071017030763,0.0,-4.902066666666667,1.0,rookie_exemption,15.0,9.796466666666667,-4.902066666666667,4.8944,217,80,Handcuff,0,,,,False,,,1.0
00-0032104,Ameer Abdullah,RB,JAX,5.31,90.3,2.49,12,8.09,2025*0.50+2024*0.30+2023*0.20+starter_floor_soft+rel[VOLATILE*0.88],,none,2025*0.50+2024*0.30+2023*0.20+starter_floor_soft+rel[VOLATILE*0.88],VOLATILE,5,4.4109707735767065,0.5435315232105455,0.88,False,,,42.3,0.0377906976744186,,0.05172413793103448,,0.012048192771084338,93.42597983247762,43.58248415247496,-0.010268025356040062,0.018,1.0005,,50.907258064516235,1.0018145161290322,1.0,1.0018145161290322,0.021505376344086023,0.1888485774298262,0.8111514225701738,NEUTRAL,,NEUTRAL,,42.683254423738894,0.0,-4.911266666666667,1.0,,12.0,9.796466666666667,-4.911266666666667,4.8852,218,81,Handcuff,2,"Wk6, Wk7","2 London games (Wk6, Wk7) — historically low scoring","⚠ London x2 (Wk6,7)",True,MULTIPLE_INTL_GAMES,London,0.853
00-0039041,Elijah Higgins,TE,ARI,4.24,72.1,3.01,10,2.8,2025*0.50+2024*0.30+2023*0.20+starter_floor_soft+rel[EMERGING*1.03],,none,2025*0.50+2024*0.30+2023*0.20+starter_floor_soft+rel[EMERGING*1.03],EMERGING,2,2.9846153846153842,0.034621993127147754,1.03,False,,,56.1,0.06501547987616099,0.17857142857142858,0.03260869565217391,0.03260869565217391,0.047619047619047616,78.01711576648191,63.84792616237692,0.022156681859803077,1.068,1.0285,,46.975806451612925,0.9979838709677419,0.9979838709677419,0.9959677419354839,0.03184713375796178,-1.0139392782127172,1.0139392782127172,TD_UNLUCKY_BUY,,NEUTRAL,,40.39154117196222,0.0,-4.9116040000000005,1.0,,15.0,8.812404,-4.9116040000000005,3.9008000000000003,219,42,Streamer,0,,,,False,,,1.0
00-0037745,Velus Jones Jr.,RB,SEA,5.58,94.9,2.1,1,1.2,2025_small_sample(1g)_regressed+rel[UNPROVEN*0.92],,none,2025_small_sample(1g)_regressed+rel[UNPROVEN*0.92],UNPROVEN,0,2.748181818181818,,0.92,False,,,44.5,,,,,,50.0,59.96730450368508,0.015947687205896125,0.0,1.0,,57.76209677419364,1.0076612903225806,1.0078629032258064,1.0076612903225806,,,,NEUTRAL,,NEUTRAL,,38.08883558159523,0.0,-4.919546666666667,0.95,,2.0,9.796466666666667,-4.919546666666667,4.87692,220,82,Handcuff,0,,,,False,,,1.0
00-0036842,Kene Nwangwu,RB,NYJ,5.58,94.9,2.45,1,6.0,2025_small_sample(2g)_regressed+rel[UNPROVEN*0.92],,none,2025_small_sample(2g)_regressed+rel[UNPROVEN*0.92],UNPROVEN,0,3.1954545454545453,,0.92,False,,,39.6,,,0.0045662100456621,,,50.0,51.435893228452784,0.002297429165524454,0.0,1.0,,47.58064516129035,0.9991935483870967,0.9959677419354839,0.9991935483870967,0.024193548387096774,-0.6083635669276304,0.6083635669276304,NEUTRAL,,NEUTRAL,,38.56204469665297,0.0,-4.919546666666667,0.95,,2.0,9.796466666666667,-4.919546666666667,4.87692,221,83,Handcuff,0,,,,False,,,1.0
00-0038558,Darnell Washington,TE,PIT,4.22,71.7,4.45,11,2.64,2025*0.50+2024*0.30+2023*0.20+starter_floor_soft+rel[EMERGING*1.03],,none,2025*0.50+2024*0.30+2023*0.20+starter_floor_soft+rel[EMERGING*1.03],EMERGING,2,2.9968559218559223,0.3033398861240413,1.03,False,,,48.4,0.06265664160401002,0.0625,0.05128205128205128,0.03571428571428571,0.11392405063291139,89.49147814198379,57.575124955459145,0.012120199928734633,-0.151,0.996,,42.13709677419364,0.9923387096774193,0.9923387096774193,0.9919354838709677,0.05625,-0.8250907007828912,1.8250907007828912,NEUTRAL,,NEUTRAL,,32.85457415673571,0.0,-4.930004,1.0,,13.0,8.812404,-4.930004,3.8824,222,43,Streamer,0,,,,False,,,1.0
00-0038440,Zavier Scott,RB,CHI,5.27,89.6,3.8,0,,2025_only+starter_floor_soft+rel[UNPROVEN*0.92],,none,2025_only+starter_floor_soft+rel[UNPROVEN*0.92],UNPROVEN,1,3.7999999999999994,0.0,0.92,False,,,34.9,0.007220216606498195,0.06060606060606061,0.058823529411764705,0.12121212121212122,0.03896103896103896,85.09519084144937,46.724480763023614,-0.0052408307791622175,-1.057,0.9718,,46.27016129032258,0.9981854838709677,0.9943548387096773,0.9981854838709677,0.044444444444444446,-0.21672713385526077,1.2167271338552608,NEUTRAL,,NEUTRAL,,38.091012296250696,0.0,-4.9480666666666675,1.0,rookie_exemption,9.0,9.796466666666667,-4.9480666666666675,4.8484,223,84,Handcuff,0,,,,False,,,1.0
00-0033526,Samaje Perine,RB,CIN,5.26,89.4,5.24,17,3.52,2025*0.50+2024*0.30+2023*0.20+starter_floor_soft+rel[VOLATILE*0.88],,none,2025*0.50+2024*0.30+2023*0.20+starter_floor_soft+rel[VOLATILE*0.88],VOLATILE,6,5.291675889945059,0.23219630563309926,0.88,False,,,56.8,0.02763819095477387,,0.034782608695652174,0.030612244897959183,0.012195121951219513,96.58656625781012,68.34794241910284,0.02935670787056454,-2.48,0.9339,SNAP_FALLING,47.27822580645169,0.9933467741935483,1.0012096774193548,0.9933467741935483,0.11805555555555555,-1.4473935459232385,3.4473935459232385,TD_UNLUCKY_BUY,,NEUTRAL,,37.37367853237093,0.0,-4.957266666666667,1.0,,14.0,9.796466666666667,-4.957266666666667,4.8392,224,85,Handcuff,0,,,,False,,,1.0
00-0036422,Adam Trautman,TE,DEN,4.15,70.6,2.96,5,2.71,2025*0.50+2024*0.30+2023*0.20+starter_floor_soft+rel[PROVEN_SOLID*1.06],,none,2025*0.50+2024*0.30+2023*0.20+starter_floor_soft+rel[PROVEN_SOLID*1.06],PROVEN_SOLID,5,3.1945823784059075,0.19611625903943003,1.06,False,,,65.8,0.04462474645030426,0.038461538461538464,0.043478260869565216,0.01098901098901099,0.010526315789473684,93.78505270182967,76.00929064261045,0.04161486502817672,-0.455,0.9879,,49.596774193548356,1.001008064516129,1.001008064516129,0.9981854838709677,0.005494505494505495,0.7972121443574566,0.20278785564254345,NEUTRAL,,NEUTRAL,,31.781628018238827,0.0,-4.994404,1.0,,12.0,8.812404,-4.994404,3.8180000000000005,225,44,Streamer,0,,,,False,,,1.0
00-0035689,Dawson Knox,TE,BUF,4.1,69.7,5.16,11,3.21,2025*0.50+2024*0.30+2023*0.20+starter_floor_soft+rel[VOLATILE*0.88],,none,2025*0.50+2024*0.30+2023*0.20+starter_floor_soft+rel[VOLATILE*0.88],VOLATILE,6,6.174395035792095,0.3479560558472018,0.88,False,,,65.0,0.11267605633802817,0.11627906976744186,0.0847457627118644,0.12903225806451613,0.15217391304347827,91.19654344634118,58.025835662374284,0.012841337059798855,-0.272,0.9927,,43.85080645161299,0.9953629032258065,0.9953629032258065,0.9923387096774193,0.06278026905829596,1.1609700210043918,2.839029978995608,TD_LUCK_FADE,,NEUTRAL,,47.795233730862805,0.0,-5.0404040000000006,1.0,,18.0,8.812404,-5.0404040000000006,3.772,226,45,Streamer,0,,,,False,,,1.0
00-0040584,Gunnar Helm,TE,TEN,4.09,69.5,4.36,0,,2025_only+starter_floor_soft+rel[UNPROVEN*0.92],,none,2025_only+starter_floor_soft+rel[UNPROVEN*0.92],UNPROVEN,1,4.35625,0.0,0.92,False,,,55.3,0.08906882591093117,,0.09826589595375723,0.1,0.1568627450980392,89.29016257375872,43.59991239936847,-0.010240140161010448,-1.901,0.9493,SNAP_FALLING,51.008064516129046,1.0006048387096773,1.0006048387096773,1.0014112903225807,0.08333333333333333,-0.6223028451403476,1.6223028451403476,NEUTRAL,,NEUTRAL,,30.338647212903386,0.0,-5.049604,1.0,rookie_exemption,16.0,8.812404,-5.049604,3.7628,227,46,Streamer,0,,,,False,,,1.0
00-0039074,Davis Allen,TE,LAR,4.05,68.8,3.39,2,2.1,2025*0.50+2023*0.20+starter_floor_soft+rel[UNPROVEN*0.92],,none,2025*0.50+2023*0.20+starter_floor_soft+rel[UNPROVEN*0.92],UNPROVEN,1,3.6686274509803924,0.0,0.92,False,,,45.8,0.03954802259887006,0.12658227848101267,,0.01098901098901099,0.05555555555555555,82.95899190010796,71.38184056603394,0.03421094490565431,0.029,1.0008,,55.94758064516125,1.0070564516129032,1.0070564516129032,1.0048387096774194,0.03056768558951965,1.580485010502196,1.419514989497804,TD_LUCK_FADE,,NEUTRAL,,43.07354046788644,0.0,-5.086404000000001,1.0,,15.0,8.812404,-5.086404000000001,3.726,228,47,Streamer,1,Wk1,Melbourne game (Wk1) — historically low scoring,⚠ Melbourne Wk1,True,,Melbourne,0.853
sleeper:13286,Jadarian Price,RB,SEA,5.1,86.7,,0,,sleeper_roster+adp_prior [camp_notes:IR:0.5:Jadarian Price listed as IR. ],,none,sleeper_roster+adp_prior [camp_notes:IR:0.5:Jadarian Price listed as IR. ],UNPROVEN,0,,,1.0,False,72.6,30.0,72.5,,,,,,50.0,59.96730450368508,0.015947687205896125,,1.0,,57.76209677419364,1.0076612903225806,1.0078629032258064,1.0076612903225806,,,,NEUTRAL,72.6,NEUTRAL,IR,41.58254430600919,0.0,-5.104466666666667,1.0,,,9.796466666666667,-5.104466666666667,4.692,229,86,Handcuff,0,,,,False,,,1.0
00-0039344,Jonathon Brooks,RB,CAR,5.1,86.7,,1,2.0,adp_market_floor+rel[UNPROVEN*0.92] [adp_ecr_floor:10.2] [camp_notes:IR:0.5:Jonathon Brooks listed as IR. ],,none,adp_market_floor+rel[UNPROVEN*0.92] [adp_ecr_floor:10.2] [camp_notes:IR:0.5:Jonathon Brooks listed as IR. ],UNPROVEN,0,2.0000000000000004,,0.92,False,90.3,34.0,46.9,,,,,,50.0,37.364597196445956,-0.02021664448568647,,1.0,,39.51612903225809,0.9872983870967742,0.9917338709677419,0.9872983870967742,,,,NEUTRAL,90.3,NEUTRAL,IR,47.13046541335819,0.0,-5.104466666666667,1.0,,,9.796466666666667,-5.104466666666667,4.692,230,87,Handcuff,0,,,,False,,,1.0
00-0034613,Tanner Hudson,TE,CIN,4.12,70.0,3.83,7,3.22,2025*0.50+2024*0.30+2023*0.20+starter_floor_soft+rel[UNPROVEN*0.92],,none,2025*0.50+2024*0.30+2023*0.20+starter_floor_soft+rel[UNPROVEN*0.92],UNPROVEN,2,3.7483968253968256,0.16384782489021757,0.92,False,,,56.8,0.02763819095477387,0.1,0.06086956521739131,0.061224489795918366,0.07317073170731707,90.67373412339805,68.34794241910284,0.02935670787056454,0.271,1.0072,,47.27822580645169,1.0012096774193548,1.0012096774193548,0.9933467741935483,0.041666666666666664,1.7832728661447392,1.2167271338552608,TD_LUCK_FADE,,NEUTRAL,,39.89995457664536,0.0,-5.135716,0.97,,10.0,8.812404,-5.135716,3.6766880000000004,231,48,Streamer,0,,,,False,,,1.0
00-0038104,Tyquan Thornton,WR,KC,6.6,112.2,6.48,2,1.68,2025*0.50+2023*0.20+starter_floor_soft+rel[EMERGING*1.03],,none,2025*0.50+2023*0.20+starter_floor_soft+rel[EMERGING*1.03],EMERGING,2,4.4239177489177495,0.21174499107077344,1.03,False,,,42.9,0.061274509803921566,0.02702702702702703,,0.04819277108433735,0.04938271604938271,95.06581491493749,67.49565411893563,0.027993046590297013,1.63,1.0435,SNAP_RISING,49.69758064516139,0.9981854838709677,0.9981854838709677,1.0012096774193548,0.023668639053254437,1.1888485774298263,0.8111514225701738,TD_LUCK_FADE,,NEUTRAL,,66.48164066804259,0.0,-5.1455600000000015,0.97,,11.0,11.035400000000001,-5.1455600000000015,5.8898399999999995,232,71,Deep,0,,,,False,,,1.0
00-0035208,Olamide Zaccheaus,WR,ATL,6.4,108.8,4.62,17,5.66,2025*0.50+2024*0.30+2023*0.20+starter_floor_soft+rel[PROVEN_SOLID*1.06],,none,2025*0.50+2024*0.30+2023*0.20+starter_floor_soft+rel[PROVEN_SOLID*1.06],PROVEN_SOLID,4,5.000570987654321,0.08851557330366523,1.06,False,,,61.3,0.11510791366906475,0.24,0.044444444444444446,0.12612612612612611,0.16470588235294117,74.36573975172887,74.65614168324744,0.039449826693195904,1.575,1.042,SNAP_RISING,48.38709677419351,1.004032258064516,1.004032258064516,0.9927419354838709,0.07035175879396985,0.16097002100439184,2.839029978995608,NEUTRAL,,NEUTRAL,,37.14401928294095,0.0,-5.1474,1.0,,16.0,11.035400000000001,-5.1474,5.888000000000001,233,72,Deep,0,,,,False,,,1.0
00-0033119,Jacoby Brissett,QB,ARI,14.26,242.4,16.67,6,6.46,2025*0.50+2024*0.30+starter_floor_soft+rel[EMERGING*1.03],,none,2025*0.50+2024*0.30+starter_floor_soft+rel[EMERGING*1.03],EMERGING,2,11.44027861027861,0.202355211692141,1.03,False,175.8,26.0,68.1,,,,,,50.0,63.84792616237692,0.022156681859803077,-0.998,0.9734,,46.975806451612925,0.9969758064516129,0.9979838709677419,0.9959677419354839,0.03184713375796178,-0.013939278212717232,1.0139392782127172,NEUTRAL,175.8,NEUTRAL,,50.96488115079334,0.0,-5.156416000000002,1.0,,14.0,18.275616000000003,-5.156416000000002,13.119200000000001,234,27,Avoid,0,,,,False,,,1.0
00-0037801,KaVontae Turpin,WR,DAL,6.35,108.0,4.9,15,5.91,2025*0.50+2024*0.30+2023*0.20+starter_floor_soft+rel[PROVEN_SOLID*1.06],,none,2025*0.50+2024*0.30+2023*0.20+starter_floor_soft+rel[PROVEN_SOLID*1.06],PROVEN_SOLID,3,4.851829268292684,0.12435499234643761,1.06,False,,,50.3,0.04722222222222222,0.09090909090909091,0.0784313725490196,0.06944444444444445,0.04807692307692308,93.17095202546766,69.90993593103083,0.03185589748964933,-0.415,0.9889,,48.58870967741935,0.9997983870967742,0.9997983870967742,0.9973790322580645,0.02577319587628866,-0.013939278212717232,1.0139392782127172,NEUTRAL,,NEUTRAL,,45.89358212530197,0.0,-5.193400000000001,1.0,,15.0,11.035400000000001,-5.193400000000001,5.842,235,73,Deep,0,,,,False,,,1.0
00-0037525,Jordan Mason,RB,MIN,5.0,85.0,7.74,11,9.12,2025*0.50+2024*0.30+2023*0.20+starter_floor_soft+rel[VOLATILE*0.88] [adp_ecr_floor:10.0] [camp_notes:IR:0.5:Jordan Mason listed as IR. ],,none,2025*0.50+2024*0.30+2023*0.20+starter_floor_soft+rel[VOLATILE*0.88] [adp_ecr_floor:10.0] [camp_notes:IR:0.5:Jordan Mason listed as IR. ],VOLATILE,3,6.83829365079365,0.3388533787607914,0.88,False,113.2,40.0,49.7,0.036101083032490974,,0.029411764705882353,0.015151515151515152,0.012987012987012988,96.1325669183022,58.576588592797,0.013722541748475203,-2.732,0.9271,SNAP_FALLING,58.0645161290323,1.007258064516129,1.0088709677419354,1.007258064516129,0.2222222222222222,-0.08363566927630384,6.083635669276304,NEUTRAL,113.2,NEUTRAL,IR,33.13775939544671,0.0,-5.196466666666667,1.0,,16.0,9.796466666666667,-5.196466666666667,4.6000000000000005,236,88,Handcuff,1,Wk11,Mexico City game (Wk11) — mild scoring impact historically,⚠ Mexico City Wk11,True,,Mexico City,0.9
00-0036972,Mac Jones,QB,SF,14.21,241.6,11.07,8,9.61,2025*0.50+2024*0.30+2023*0.20+starter_floor_soft+rel[PROVEN_SOLID*1.06],,none,2025*0.50+2024*0.30+2023*0.20+starter_floor_soft+rel[PROVEN_SOLID*1.06],PROVEN_SOLID,5,11.61968152423708,0.12371885767662959,1.06,False,,,69.5,,,,,,50.0,85.86365482399324,0.057381847718389195,0.0,1.0,,46.774193548387075,0.996774193548387,0.9951612903225806,0.9983870967741935,0.015,-0.6083635669276304,0.6083635669276304,NEUTRAL,,NEUTRAL,,13.17689233163554,0.0,-5.202416000000001,1.0,,12.0,18.275616000000003,-5.202416000000001,13.073200000000002,237,28,Avoid,2,"Wk1, Wk11",2 international games — Melbourne (Wk1); Mexico City (Wk11),⚠ Melbourne Wk1; Mexico City Wk11,True,MULTIPLE_INTL_GAMES,Melbourne,0.853
00-0040194,Jackson Hawes,TE,BUF,3.9,66.3,3.44,0,,2025_only+starter_floor_soft+rel[UNPROVEN*0.92],,none,2025_only+starter_floor_soft+rel[UNPROVEN*0.92],UNPROVEN,1,3.4384615384615382,0.0,0.92,False,,,57.0,0.030985915492957747,0.06976744186046512,0.01694915254237288,0.016129032258064516,0.03260869565217391,92.20687721410387,58.025835662374284,0.012841337059798855,0.16,1.0043,,43.85080645161299,0.9953629032258065,0.9953629032258065,0.9923387096774193,0.013452914798206279,1.3916364330723696,0.6083635669276304,TD_LUCK_FADE,,NEUTRAL,,44.0408500776925,0.0,-5.224404000000001,1.0,rookie_exemption,13.0,8.812404,-5.224404000000001,3.588,238,49,Streamer,0,,,,False,,,1.0
00-0039356,Ja'Tavion Sanders,TE,CAR,4.02,68.3,3.59,10,3.78,2025*0.50+2024*0.30+starter_floor_soft+rel[UNPROVEN*0.92],,none,2025*0.50+2024*0.30+starter_floor_soft+rel[UNPROVEN*0.92],UNPROVEN,2,3.6904306220095697,0.025619084662258505,0.92,False,,,38.9,0.05405405405405406,0.25,0.09900990099009901,0.08860759493670886,0.1282051282051282,73.07002098743958,37.364597196445956,-0.02021664448568647,0.399,1.0106,,39.51612903225809,0.9917338709677419,0.9917338709677419,0.9872983870967742,0.06535947712418301,-1.0278785564254345,2.0278785564254345,TD_UNLUCKY_BUY,,NEUTRAL,,41.0280970798276,0.0,-5.224956000000001,0.97,,11.0,8.812404,-5.224956000000001,3.5874479999999997,239,50,Streamer,0,,,,False,,,1.0
00-0038393,Dontayvion Wicks,WR,PHI,6.21,105.6,4.68,14,5.33,2025*0.50+2024*0.30+2023*0.20+starter_floor_soft+rel[PROVEN_SOLID*1.06],,none,2025*0.50+2024*0.30+2023*0.20+starter_floor_soft+rel[PROVEN_SOLID*1.06],PROVEN_SOLID,3,5.527563851181499,0.1330017406417811,1.06,False,158.5,71.0,52.5,0.09620253164556962,0.13333333333333333,,0.05263157894736842,0.05405405405405406,86.63825638783204,86.51547671689036,0.05842476274702458,-1.605,0.9572,SNAP_FALLING,60.88709677419346,1.0108870967741934,1.0108870967741934,1.0108870967741934,0.022988505747126436,0.1888485774298262,0.8111514225701738,NEUTRAL,158.5,NEUTRAL,,37.05317516459348,0.0,-5.3222000000000005,1.0,,13.0,11.035400000000001,-5.3222000000000005,5.7132000000000005,240,74,Deep,1,Wk6,London game (Wk6) — historically low scoring,⚠ London Wk6,True,,London,0.853
00-0036556,Brevin Jordan,TE,HOU,3.78,64.3,,0,0.85,2023_old*0.80+rel[UNPROVEN*0.92],,none,2023_old*0.80+rel[UNPROVEN*0.92],UNPROVEN,2,4.598484848484849,0.06400329489291601,0.92,False,,,64.2,,,,,,50.0,71.3884009595321,0.03422144153525137,,1.0,,53.124999999999865,1.001008064516129,1.001008064516129,1.0052419354838709,,,,NEUTRAL,,NEUTRAL,,33.41459114885468,0.0,-5.334804000000001,1.0,,,8.812404,-5.334804000000001,3.4776,241,51,Streamer,1,Wk7,London game (Wk7) — historically low scoring,⚠ London Wk7,True,,London,0.853
00-0032392,Austin Hooper,TE,ATL,3.75,63.8,3.29,15,5.06,2025*0.50+2024*0.30+2023*0.20+starter_floor_soft+rel[VOLATILE*0.88],,none,2025*0.50+2024*0.30+2023*0.20+starter_floor_soft+rel[VOLATILE*0.88],VOLATILE,6,4.651929356079781,0.3308709950792582,0.88,False,,,61.3,0.059770114942528735,0.04054054054054054,0.07692307692307693,0.04395604395604396,0.0684931506849315,94.41898166317948,74.65614168324744,0.039449826693195904,-0.431,0.9885,,48.38709677419351,1.004032258064516,1.004032258064516,0.9927419354838709,0.028409090909090908,0.9860607217872828,1.0139392782127172,NEUTRAL,,NEUTRAL,,37.97018799661634,0.0,-5.362404000000001,1.0,,16.0,8.812404,-5.362404000000001,3.45,242,52,Streamer,0,,,,False,,,1.0
00-0039874,Jaylen Wright,RB,MIA,5.07,86.2,5.3,8,1.94,2025*0.50+2024*0.30+starter_floor_soft+rel[VOLATILE*0.88],,none,2025*0.50+2024*0.30+starter_floor_soft+rel[VOLATILE*0.88],VOLATILE,2,3.6192307692307697,0.4643995749202975,0.88,False,,,46.3,0.008130081300813009,0.11428571428571428,0.02727272727272727,0.05333333333333334,,83.98613065356184,39.49461048193906,-0.0168086232288975,-1.656,0.9558,SNAP_FALLING,53.326612903225936,1.0054435483870967,1.0012096774193548,1.0054435483870967,0.08759124087591241,-0.43345426771052153,2.4334542677105215,NEUTRAL,,NEUTRAL,,27.70398056179009,0.0,-5.365286666666667,0.95,,9.0,9.796466666666667,-5.365286666666667,4.43118,243,89,Handcuff,0,,,,False,,,1.0
00-0036212,Tua Tagovailoa,QB,ATL,14.02,238.3,11.48,11,16.51,2025*0.50+2024*0.30+2023*0.20+starter_floor_soft+rel[PROVEN_ELITE*1.12] [team_corr:ATL:0.9:ATL - competing with Penix],,none,2025*0.50+2024*0.30+2023*0.20+starter_floor_soft+rel[PROVEN_ELITE*1.12] [team_corr:ATL:0.9:ATL - competing with Penix],PROVEN_ELITE,6,14.94024349334876,0.1396454862272536,1.12,False,,,68.0,,,,,,50.0,74.65614168324744,0.039449826693195904,-2.71,0.9277,SNAP_FALLING,48.38709677419351,0.9983870967741935,1.004032258064516,0.9927419354838709,0.014598540145985401,-0.4055757112850869,0.4055757112850869,NEUTRAL,,NEUTRAL,,5.6158187590195245,0.0,-5.377216000000002,1.0,,14.0,18.275616000000003,-5.377216000000002,12.8984,244,29,Avoid,0,,,,False,,,1.0
00-0032464,Kalif Raymond,WR,CHI,6.1,103.7,4.07,9,4.84,2025*0.50+2024*0.30+2023*0.20+starter_floor_soft+rel[PROVEN_SOLID*1.06],,none,2025*0.50+2024*0.30+2023*0.20+starter_floor_soft+rel[PROVEN_SOLID*1.06],PROVEN_SOLID,5,5.1561336016414145,0.18386725170026585,1.06,False,,,42.9,0.038834951456310676,0.02702702702702703,0.05405405405405406,0.07228915662650602,0.022222222222222223,92.65876134761523,46.724480763023614,-0.0052408307791622175,0.303,1.0081,,46.27016129032258,0.9943548387096773,0.9943548387096773,0.9981854838709677,0.01098901098901099,-0.4055757112850869,0.4055757112850869,NEUTRAL,,NEUTRAL,,47.39256278952674,0.0,-5.423400000000001,1.0,,12.0,11.035400000000001,-5.423400000000001,5.612,245,75,Deep,0,,,,False,,,1.0
00-0032950,Carson Wentz,QB,MIN,14.7,249.9,13.67,1,2.36,2025_only+rel[PROVEN_SOLID*1.06],,none,2025_only+rel[PROVEN_SOLID*1.06],PROVEN_SOLID,3,15.137272727272727,0.06576901175924048,1.06,False,,,49.7,,,,,,50.0,58.576588592797,0.013722541748475203,,1.0,,58.0645161290323,1.0080645161290323,1.0088709677419354,1.007258064516129,0.014814814814814815,-0.4055757112850869,0.4055757112850869,NEUTRAL,,NEUTRAL,,22.87232750653933,0.0,-5.4278160000000035,0.95,,5.0,18.275616000000003,-5.4278160000000035,12.8478,246,30,Avoid,1,Wk11,Mexico City game (Wk11) — mild scoring impact historically,⚠ Mexico City Wk11,True,,Mexico City,0.9
00-0037509,Sincere McCormick,RB,SF,4.73,80.4,,4,6.05,2024_only*0.85+rel[UNPROVEN*0.92],,none,2024_only*0.85+rel[UNPROVEN*0.92],UNPROVEN,0,6.050000000000001,,0.92,False,,,53.5,,,,,,50.0,85.86365482399324,0.057381847718389195,,1.0,,46.774193548387075,0.9983870967741935,0.9951612903225806,0.9983870967741935,,,,NEUTRAL,,NEUTRAL,,44.68115098162239,0.0,-5.444866666666667,1.0,,,9.796466666666667,-5.444866666666667,4.3516,247,90,Handcuff,2,"Wk1, Wk11",2 international games — Melbourne (Wk1); Mexico City (Wk11),⚠ Melbourne Wk1; Mexico City Wk11,True,MULTIPLE_INTL_GAMES,Melbourne,0.853
00-0037805,Jeremy Ruckert,TE,NYJ,3.65,62.0,2.64,8,1.5,2025*0.50+2024*0.30+2023*0.20+starter_floor_soft+rel[BASELINE*1.00],,none,2025*0.50+2024*0.30+2023*0.20+starter_floor_soft+rel[BASELINE*1.00],BASELINE,3,2.13017094017094,0.22459832191362544,1.0,False,,,47.6,0.05084745762711865,,0.0730593607305936,0.02247191011235955,0.04918032786885246,92.82786112279528,51.435893228452784,0.002297429165524454,0.282,1.0075,,47.58064516129035,0.9959677419354839,0.9959677419354839,0.9991935483870967,0.024193548387096774,0.3916364330723696,0.6083635669276304,NEUTRAL,,NEUTRAL,,42.3250147080811,0.0,-5.454404,1.0,,13.0,8.812404,-5.454404,3.358,248,53,Streamer,0,,,,False,,,1.0
00-0039868,Troy Franklin,WR,DEN,6.06,103.0,8.27,14,3.85,2025*0.50+2024*0.30+starter_floor_soft+rel[VOLATILE*0.88],,none,2025*0.50+2024*0.30+starter_floor_soft+rel[VOLATILE*0.88],VOLATILE,2,6.209019607843136,0.3557443314596096,0.88,False,162.7,77.0,49.8,0.16024340770791076,0.07692307692307693,0.13043478260869565,0.17582417582417584,0.22105263157894736,72.81550342456781,76.00929064261045,0.04161486502817672,0.447,1.0119,,49.596774193548356,1.001008064516129,1.001008064516129,0.9981854838709677,0.11538461538461539,-0.25854496849341224,4.258544968493412,NEUTRAL,162.7,NEUTRAL,,42.95431927864329,0.0,-5.460200000000001,1.0,,17.0,11.035400000000001,-5.460200000000001,5.5752,249,76,Deep,0,,,,False,,,1.0
00-0036637,Noah Gray,TE,KC,3.64,61.9,2.18,15,5.38,2025*0.50+2024*0.30+2023*0.20+starter_floor_soft+rel[VOLATILE*0.88],,none,2025*0.50+2024*0.30+2023*0.20+starter_floor_soft+rel[VOLATILE*0.88],VOLATILE,4,3.4680181623931623,0.3378001657407521,0.88,False,,,58.9,0.06372549019607843,0.08108108108108109,,0.07228915662650602,0.037037037037037035,93.40703849803411,67.49565411893563,0.027993046590297013,-0.463,0.9876,,49.69758064516139,0.9981854838709677,0.9981854838709677,1.0012096774193548,0.01775147928994083,-0.6083635669276304,0.6083635669276304,NEUTRAL,,NEUTRAL,,46.641902935370126,0.0,-5.463604,1.0,,13.0,8.812404,-5.463604,3.3488,250,54,Streamer,0,,,,False,,,1.0
00-0034796,Lamar Jackson,QB,BAL,13.92,236.6,16.84,19,24.82,"2025*0.50+2024*0.30+2023*0.20+rel[PROVEN_ELITE*1.12] [camp_notes:SEVERE:0.65:October 9, 2026 Huntley will start Sunday night's game against the Falcons after Lamar Jackson (ankle) was ruled out Friday, Jeff Zrebiec of The Athletic Zrebiec reports. ANALYSIS Subscribe now to instantly reveal our take on this news.]",,none,"2025*0.50+2024*0.30+2023*0.20+rel[PROVEN_ELITE*1.12] [camp_notes:SEVERE:0.65:October 9, 2026 Huntley will start Sunday night's game against the Falcons after Lamar Jackson (ankle) was ruled out Friday, Jeff Zrebiec of The Athletic Zrebiec reports. ANALYSIS Subscribe now to instantly reveal our take on this news.]",PROVEN_ELITE,6,21.06879120879121,0.1139374948659498,1.12,False,56.3,4.0,61.0,,,,,,50.0,59.32767737944676,0.014924283807114818,-2.436,0.935,SNAP_FALLING,48.89112903225801,0.998891129032258,0.9971774193548386,1.0006048387096773,0.08024691358024691,-0.6362421233530648,2.636242123353065,NEUTRAL,56.3,NEUTRAL,SEVERE,64.40697631881305,0.0,-5.469216000000003,1.0,,13.0,18.275616000000003,-5.469216000000003,12.8064,251,31,Avoid,0,,,,False,,,1.0
00-0040187,Mitchell Evans,TE,CAR,3.63,61.7,2.76,0,,2025_only+starter_floor_soft+rel[UNPROVEN*0.92],,none,2025_only+starter_floor_soft+rel[UNPROVEN*0.92],UNPROVEN,1,2.7642857142857147,0.0,0.92,False,,,30.9,0.057057057057057055,,0.039603960396039604,0.02531645569620253,0.0641025641025641,93.94162389186424,37.364597196445956,-0.02021664448568647,0.658,1.0175,,39.51612903225809,0.9917338709677419,0.9917338709677419,0.9872983870967742,0.032679738562091505,0.9860607217872828,1.0139392782127172,NEUTRAL,,NEUTRAL,,44.569156757917455,0.0,-5.472804000000001,1.0,rookie_exemption,14.0,8.812404,-5.472804000000001,3.3396,252,55,Streamer,0,,,,False,,,1.0
00-0039792,Devontez Walker,WR,BAL,6.36,108.1,6.92,1,4.3,2025_only+rel[UNPROVEN*0.92],,none,2025_only+rel[UNPROVEN*0.92],UNPROVEN,0,6.396,,0.92,False,,,49.0,0.018050541516245487,,0.015384615384615385,0.017543859649122806,0.017857142857142856,99.5725053689254,59.32767737944676,0.014924283807114818,0.0,1.0,,48.89112903225801,0.9971774193548386,0.9971774193548386,1.0006048387096773,0.006172839506172839,0.7972121443574566,0.20278785564254345,NEUTRAL,,NEUTRAL,,54.37638534446686,0.0,-5.4767600000000005,0.95,,5.0,11.035400000000001,-5.4767600000000005,5.5586400000000005,253,77,Deep,0,,,,False,,,1.0
00-0037112,Jake Tonges,TE,SF,3.62,61.5,7.87,0,,2025_only+rel[UNPROVEN*0.92] [camp_notes:IR:0.5:Jake Tonges listed as IR. ],,none,2025_only+rel[UNPROVEN*0.92] [camp_notes:IR:0.5:Jake Tonges listed as IR. ],UNPROVEN,1,7.872727272727275,0.0,0.92,False,,,69.5,0.0951219512195122,0.038461538461538464,0.07042253521126761,0.10638297872340426,0.07368421052631578,90.6515228382126,85.86365482399324,0.057381847718389195,0.0,1.0,,46.774193548387075,0.9951612903225806,0.9951612903225806,0.9983870967741935,0.035,2.580485010502196,1.4195149894978043,TD_LUCK_FADE,,NEUTRAL,IR,44.75782421519167,0.0,-5.482004000000001,1.0,rookie_exemption,11.0,8.812404,-5.482004000000001,3.3304,254,56,Streamer,2,"Wk1, Wk11",2 international games — Melbourne (Wk1); Mexico City (Wk11),⚠ Melbourne Wk1; Mexico City Wk11,True,MULTIPLE_INTL_GAMES,Melbourne,0.853
00-0032394,Nick Vannett,TE,BAL,3.61,61.4,,9,3.33,2024_only*0.85+starter_floor_soft+rel[UNPROVEN*0.92],,none,2024_only*0.85+starter_floor_soft+rel[UNPROVEN*0.92],UNPROVEN,1,2.7467272727272722,0.0,0.92,False,,,49.0,,,,,,50.0,59.32767737944676,0.014924283807114818,,1.0,,48.89112903225801,0.9971774193548386,0.9971774193548386,1.0006048387096773,,,,NEUTRAL,,NEUTRAL,,43.44122755070203,0.0,-5.491204000000001,1.0,,,8.812404,-5.491204000000001,3.3212,255,57,Streamer,0,,,,False,,,1.0
00-0040170,Elic Ayomanor,WR,TEN,6.02,102.3,6.0,0,,2025_only+starter_floor_soft+rel[UNPROVEN*0.92],,none,2025_only+starter_floor_soft+rel[UNPROVEN*0.92],UNPROVEN,1,6.0,0.0,0.92,False,,,39.3,0.19838056680161945,,0.1676300578034682,0.2125,0.1568627450980392,91.00364930366676,43.59991239936847,-0.010240140161010448,0.278,1.0074,,51.008064516129046,1.0006048387096773,1.0006048387096773,1.0014112903225807,0.08333333333333333,2.3776971548596526,1.6223028451403476,TD_LUCK_FADE,,NEUTRAL,,37.801804074674536,0.0,-5.497000000000001,1.0,rookie_exemption,16.0,11.035400000000001,-5.497000000000001,5.5384,256,78,Deep,0,,,,False,,,1.0
00-0037664,Alec Pierce,WR,IND,6.0,102.0,10.65,14,8.93,2025*0.50+2024*0.30+2023*0.20+rel[VOLATILE*0.88] [adp_ecr_floor:12.0] [camp_research:IR:0.5:Official IR (heel). Minimum 4 games; earliest Week 7. Conservative lottery until designated to return — do not use stale Aug RETURNING/ramp note. STICKY: data-update must not restore RETURNING x0.90.],,none,2025*0.50+2024*0.30+2023*0.20+rel[VOLATILE*0.88] [adp_ecr_floor:12.0] [camp_research:IR:0.5:Official IR (heel). Minimum 4 games; earliest Week 7. Conservative lottery until designated to return — do not use stale Aug RETURNING/ramp note. STICKY: data-update must not restore RETURNING x0.90.],VOLATILE,4,7.563377814088598,0.3177586198511522,0.88,False,62.4,31.0,55.4,0.1511627906976744,0.2222222222222222,0.15517241379310345,0.19444444444444445,0.10843373493975904,84.38373486462838,48.981774097457205,-0.0016291614440684726,0.237,1.0063,,50.8064516129032,0.9993951612903226,0.9993951612903226,1.0022177419354839,0.04838709677419355,2.174909299217109,1.8250907007828912,TD_LUCK_FADE,62.4,NEUTRAL,IR,33.87614201661495,0.0,-5.5154000000000005,1.0,,15.0,11.035400000000001,-5.5154000000000005,5.5200000000000005,257,79,Deep,0,,,,False,,,1.0
sleeper:13285,Malachi Fields,WR,NYG,6.0,102.0,,0,,sleeper_roster+adp_prior,,none,sleeper_roster+adp_prior,UNPROVEN,0,,,1.0,False,155.4,69.0,59.5,,,,,,50.0,64.91503813917403,0.02386406102267845,,1.0,,51.41129032258074,1.0028225806451612,1.0028225806451612,1.0,,,,NEUTRAL,155.4,NEUTRAL,,44.938437508000725,0.0,-5.5154000000000005,1.0,,,11.035400000000001,-5.5154000000000005,5.5200000000000005,258,80,Deep,0,,,,False,,,1.0
sleeper:13296,Caleb Douglas,WR,MIA,6.0,102.0,,0,,sleeper_roster+adp_prior,,none,sleeper_roster+adp_prior,UNPROVEN,0,,,1.0,False,168.4,81.0,46.3,,,,,,50.0,39.49461048193906,-0.0168086232288975,,1.0,,53.326612903225936,1.0012096774193548,1.0012096774193548,1.0054435483870967,,,,NEUTRAL,168.4,NEUTRAL,,28.74564839688273,0.0,-5.5154000000000005,1.0,,,11.035400000000001,-5.5154000000000005,5.5200000000000005,259,81,Deep,0,,,,False,,,1.0
00-0033885,David Njoku,TE,LAC,3.69,62.7,6.35,11,10.59,2025*0.50+2024*0.30+2023*0.20+rel[VOLATILE*0.88] [camp_notes:IR:0.5:David Njoku listed as IR. ],,none,2025*0.50+2024*0.30+2023*0.20+rel[VOLATILE*0.88] [camp_notes:IR:0.5:David Njoku listed as IR. ],VOLATILE,6,7.696692965154504,0.3054608173250412,0.88,False,,,64.6,0.09121621621621621,,0.04504504504504504,0.17777777777777778,0.15789473684210525,78.82948449035997,52.96449543969547,0.00474319270351275,0.0,1.0,,45.36290322580649,0.9997983870967742,0.9997983870967742,0.9909274193548386,0.07627118644067797,2.174909299217109,1.8250907007828912,TD_LUCK_FADE,,NEUTRAL,IR,30.57336451605548,0.0,-5.519448000000001,0.97,,11.0,8.812404,-5.519448000000001,3.2929559999999998,260,58,Streamer,0,,,,False,,,1.0
00-0035500,Greg Dortch,WR,BUF,5.98,101.7,5.05,13,4.22,2025*0.50+2024*0.30+2023*0.20+starter_floor_soft+rel[BASELINE*1.00],,none,2025*0.50+2024*0.30+2023*0.20+starter_floor_soft+rel[BASELINE*1.00],BASELINE,3,5.539028944911299,0.3009707824870118,1.0,False,,,49.0,0.07430340557275542,0.03571428571428571,0.021739130434782608,0.05434782608695652,0.06666666666666667,92.2260759224804,58.025835662374284,0.012841337059798855,0.0,1.0,,43.85080645161299,0.9953629032258065,0.9953629032258065,0.9923387096774193,0.06369426751592357,0.9721214435745655,2.0278785564254345,NEUTRAL,,NEUTRAL,,44.19858922056675,0.0,-5.5338,1.0,,12.0,11.035400000000001,-5.5338,5.501600000000001,261,82,Deep,0,,,,False,,,1.0
00-0038685,Chris Brooks,RB,GB,4.63,78.7,1.96,10,3.22,2025*0.50+2024*0.30+starter_floor_soft+rel[UNPROVEN*0.92],,none,2025*0.50+2024*0.30+starter_floor_soft+rel[UNPROVEN*0.92],UNPROVEN,2,2.745757575757576,0.22883787661406021,0.92,False,,,54.5,0.030379746835443037,0.13333333333333333,,0.05263157894736842,0.04054054054054054,83.73122761273993,58.17024718521366,0.013072395496341857,-1.337,0.9643,,48.48790322580654,1.0014112903225807,0.9955645161290322,1.0014112903225807,0.034482758620689655,-1.2167271338552608,1.2167271338552608,TD_UNLUCKY_BUY,,NEUTRAL,,34.26499573608491,0.0,-5.5368666666666675,1.0,,15.0,9.796466666666667,-5.5368666666666675,4.2596,262,91,Handcuff,0,,,,False,,,1.0
00-0038046,Charlie Kolar,TE,LAC,3.66,62.2,2.84,5,3.4,2025*0.50+2024*0.30+2023*0.20+starter_floor_soft+rel[UNPROVEN*0.92],,none,2025*0.50+2024*0.30+2023*0.20+starter_floor_soft+rel[UNPROVEN*0.92],UNPROVEN,1,3.170198222829802,0.0,0.92,False,,,44.6,0.04332129963898917,0.1,,0.03508771929824561,0.05357142857142857,89.95201711671979,52.96449543969547,0.00474319270351275,-0.059,0.9984,,45.36290322580649,0.9997983870967742,0.9997983870967742,0.9909274193548386,0.018518518518518517,1.3916364330723696,0.6083635669276304,TD_LUCK_FADE,,NEUTRAL,,27.778299702268807,0.0,-5.54622,0.97,,11.0,8.812404,-5.54622,3.2661840000000004,263,59,Streamer,0,,,,False,,,1.0
00-0039458,Brenden Bates,TE,JAX,3.54,60.2,2.23,0,0.0,2025_small_sample(3g)_regressed+rel[UNPROVEN*0.92],,none,2025_small_sample(3g)_regressed+rel[UNPROVEN*0.92],UNPROVEN,0,1.8777777777777775,,0.92,False,,,50.3,0.010135135135135136,,,,0.017543859649122806,98.51825509720247,43.58248415247496,-0.010268025356040062,0.0,1.0,,50.907258064516235,1.0,1.0,1.0018145161290322,0.00847457627118644,-0.20278785564254345,0.20278785564254345,NEUTRAL,,NEUTRAL,,42.903654781156746,0.0,-5.555604000000001,1.0,rookie_exemption,4.0,8.812404,-5.555604000000001,3.2568,264,60,Streamer,2,"Wk6, Wk7","2 London games (Wk6, Wk7) — historically low scoring","⚠ London x2 (Wk6,7)",True,MULTIPLE_INTL_GAMES,London,0.853
00-0039165,Zach Charbonnet,RB,SEA,4.6,78.2,10.08,17,9.57,2025*0.50+2024*0.30+2023*0.20+rel[PROVEN_SOLID*1.06] [camp_research:PUP:0.45:ACL PUP — not a Week 1 back and likely misses the first 1–2 months. Price is the early-season SEA RB. Late-round stash only.],,none,2025*0.50+2024*0.30+2023*0.20+rel[PROVEN_SOLID*1.06] [camp_research:PUP:0.45:ACL PUP — not a Week 1 back and likely misses the first 1–2 months. Price is the early-season SEA RB. Late-round stash only.],PROVEN_SOLID,3,8.500367647058823,0.23567236806952377,1.06,False,133.4,43.0,60.5,0.0436046511627907,0.04938271604938271,,0.047058823529411764,0.037037037037037035,98.13800277364388,59.96730450368508,0.015947687205896125,2.513,1.067,SNAP_RISING,57.76209677419364,1.0076612903225806,1.0078629032258064,1.0076612903225806,0.28,-0.35611991598243264,11.356119915982434,NEUTRAL,133.4,NEUTRAL,PUP,40.6407875655621,0.0,-5.564466666666667,1.0,,17.0,9.796466666666667,-5.564466666666667,4.232,265,92,Handcuff,0,,,,False,,,1.0
00-0033246,Johnny Mundt,TE,PHI,3.63,61.7,1.42,12,2.82,2025*0.50+2024*0.30+2023*0.20+starter_floor_soft+rel[BASELINE*1.00],,none,2025*0.50+2024*0.30+2023*0.20+starter_floor_soft+rel[BASELINE*1.00],BASELINE,3,2.4792929292929298,0.2319867089268784,1.0,False,,,60.5,0.030136986301369864,0.03409090909090909,0.06666666666666667,,0.010638297872340425,91.94976213529958,86.51547671689036,0.05842476274702458,0.0,1.0,,60.88709677419346,1.0108870967741934,1.0108870967741934,1.0108870967741934,0.004629629629629629,-0.20278785564254345,0.20278785564254345,NEUTRAL,,NEUTRAL,,25.45701971293793,0.0,-5.572992000000001,0.97,,11.0,8.812404,-5.572992000000001,3.2394119999999997,266,61,Streamer,1,Wk6,London game (Wk6) — historically low scoring,⚠ London Wk6,True,,London,0.853
00-0040363,Keleki Latu,TE,BUF,3.52,59.8,2.75,0,,2025_small_sample(1g)_regressed+rel[UNPROVEN*0.92],,none,2025_small_sample(1g)_regressed+rel[UNPROVEN*0.92],UNPROVEN,0,2.75,,0.92,False,,,49.0,0.005633802816901409,0.046511627906976744,,,,91.82443498198494,58.025835662374284,0.012841337059798855,,1.0,,43.85080645161299,0.9953629032258065,0.9953629032258065,0.9923387096774193,,,,NEUTRAL,,NEUTRAL,,44.19858922056675,0.0,-5.574004,1.0,rookie_exemption,2.0,8.812404,-5.574004,3.2384,267,62,Streamer,0,,,,False,,,1.0
00-0037282,James Mitchell,TE,DAL,3.51,59.7,1.43,0,,2025_small_sample(2g)_regressed+rel[UNPROVEN*0.92],,none,2025_small_sample(2g)_regressed+rel[UNPROVEN*0.92],UNPROVEN,0,2.4716666666666667,,0.92,False,,,58.3,0.009009009009009009,,0.009900990099009901,,,99.82160378199983,69.90993593103083,0.03185589748964933,,1.0,,48.58870967741935,0.9997983870967742,0.9997983870967742,0.9973790322580645,,,,NEUTRAL,,NEUTRAL,,41.15906575160868,0.0,-5.583204,1.0,rookie_exemption,3.0,8.812404,-5.583204,3.2292,268,63,Streamer,0,,,,False,,,1.0
00-0037340,Zaire Mitchell-Paden,TE,HOU,3.49,59.3,1.15,0,,2025_small_sample(1g)_regressed+rel[UNPROVEN*0.92],,none,2025_small_sample(1g)_regressed+rel[UNPROVEN*0.92],UNPROVEN,0,1.9,,0.92,False,,,56.2,0.0036101083032490976,,0.015384615384615385,,0.017857142857142856,97.51366256802808,71.3884009595321,0.03422144153525137,,1.0,,53.124999999999865,1.001008064516129,1.001008064516129,1.0052419354838709,0.006172839506172839,-0.20278785564254345,0.20278785564254345,NEUTRAL,,NEUTRAL,,34.94449980723411,0.0,-5.601604,1.0,rookie_exemption,3.0,8.812404,-5.601604,3.2108000000000003,269,64,Streamer,1,Wk7,London game (Wk7) — historically low scoring,⚠ London Wk7,True,,London,0.853
00-0039686,Colson Yankoff,TE,WAS,3.49,59.3,0.93,0,,2025_small_sample(1g)_regressed+rel[UNPROVEN*0.92],,none,2025_small_sample(1g)_regressed+rel[UNPROVEN*0.92],UNPROVEN,0,0.9333333333333332,,0.92,False,,,66.7,0.012658227848101266,,,,,50.0,74.4380335679125,0.03910085370866,0.0,1.0,,50.60483870967736,0.995766129032258,0.995766129032258,1.0054435483870967,,,,NEUTRAL,,NEUTRAL,,36.08714065701578,0.0,-5.601604,1.0,rookie_exemption,3.0,8.812404,-5.601604,3.2108000000000003,270,65,Streamer,0,,,,False,,,1.0
00-0038547,Luke Schoonmaker,TE,DAL,3.43,58.3,1.44,7,4.36,2025*0.50+2024*0.30+2023*0.20+starter_floor_soft+rel[UNPROVEN*0.92],,none,2025*0.50+2024*0.30+2023*0.20+starter_floor_soft+rel[UNPROVEN*0.92],UNPROVEN,1,2.567278911564626,0.0,0.92,False,,,50.3,0.03611111111111111,0.030303030303030304,0.0392156862745098,0.027777777777777776,0.019230769230769232,97.21783521037644,69.90993593103083,0.03185589748964933,0.167,1.0045,,48.58870967741935,0.9997983870967742,0.9997983870967742,0.9973790322580645,0.010309278350515464,-0.4055757112850869,0.4055757112850869,NEUTRAL,,NEUTRAL,,39.02631684962656,0.0,-5.656804000000001,1.0,,14.0,8.812404,-5.656804000000001,3.1556,271,66,Streamer,0,,,,False,,,1.0
00-0036332,Josiah Deguara,TE,PHI,3.59,61.0,2.4,1,0.97,2025_small_sample(2g)_regressed+rel[UNPROVEN*0.92],,none,2025_small_sample(2g)_regressed+rel[UNPROVEN*0.92],UNPROVEN,1,2.8523225566703827,0.0,0.92,False,,,52.5,0.01238390092879257,,0.005434782608695652,,0.009523809523809525,98.8593139734034,86.51547671689036,0.05842476274702458,0.102,1.0027,,60.88709677419346,1.0108870967741934,1.0108870967741934,1.0108870967741934,0.006369426751592357,0.7972121443574566,0.20278785564254345,NEUTRAL,,NEUTRAL,,28.24362157627817,0.0,-5.6747440000000005,0.95,,4.0,8.812404,-5.6747440000000005,3.13766,272,67,Streamer,1,Wk6,London game (Wk6) — historically low scoring,⚠ London Wk6,True,,London,0.853
00-0039754,Devin Culp,TE,TB,3.54,60.2,7.1,2,5.65,2025_small_sample(1g)_regressed+rel[UNPROVEN*0.92],,none,2025_small_sample(1g)_regressed+rel[UNPROVEN*0.92],UNPROVEN,0,6.133333333333333,,0.92,False,,,62.6,0.0027548209366391185,,,,0.013157894736842105,97.9193852399594,36.25093968232914,-0.021998496508273378,0.0,1.0,,51.3104838709677,1.0004032258064515,1.0004032258064515,1.0022177419354839,0.006802721088435374,0.7972121443574566,0.20278785564254345,NEUTRAL,,NEUTRAL,,30.21184376181184,0.0,-5.718444000000001,0.95,,1.0,8.812404,-5.718444000000001,3.09396,273,68,Streamer,0,,,,False,,,1.0
00-0040238,LeQuint Allen Jr.,RB,JAX,4.39,74.6,1.43,0,,2025_only+starter_floor_soft+rel[UNPROVEN*0.92],,none,2025_only+starter_floor_soft+rel[UNPROVEN*0.92],UNPROVEN,1,1.4333333333333333,0.0,0.92,False,,,34.3,0.01643835616438356,0.011363636363636364,0.03333333333333333,0.057971014492753624,0.02127659574468085,93.34911447902088,43.58248415247496,-0.010268025356040062,0.373,1.01,,50.907258064516235,1.0018145161290322,1.0,1.0018145161290322,0.027777777777777776,-1.2167271338552608,1.2167271338552608,TD_UNLUCKY_BUY,,NEUTRAL,,42.86972765041921,0.0,-5.757666666666667,1.0,rookie_exemption,15.0,9.796466666666667,-5.757666666666667,4.0388,274,93,Handcuff,2,"Wk6, Wk7","2 London games (Wk6, Wk7) — historically low scoring","⚠ London x2 (Wk6,7)",True,MULTIPLE_INTL_GAMES,London,0.853
00-0039410,Ryan Flournoy,WR,DAL,5.73,97.4,7.23,4,1.89,2025*0.50+2024*0.30+starter_floor_soft+rel[UNPROVEN*0.92],,none,2025*0.50+2024*0.30+starter_floor_soft+rel[UNPROVEN*0.92],UNPROVEN,1,5.894505494505495,0.0,0.92,False,160.4,73.0,42.3,0.07777777777777778,0.12121212121212122,0.14705882352941177,0.06944444444444445,0.0673076923076923,87.22304450914109,69.90993593103083,0.03185589748964933,0.742,1.0198,,48.58870967741935,0.9997983870967742,0.9997983870967742,0.9973790322580645,0.03608247422680412,1.580485010502196,1.419514989497804,TD_LUCK_FADE,160.4,NEUTRAL,,45.0886033211703,0.0,-5.763800000000001,1.0,,13.0,11.035400000000001,-5.763800000000001,5.2716,275,83,Deep,0,,,,False,,,1.0
00-0036309,Darnell Mooney,WR,NYG,5.72,97.2,4.42,15,10.08,2025*0.50+2024*0.30+2023*0.20+starter_floor_soft+rel[VOLATILE*0.88],,none,2025*0.50+2024*0.30+2023*0.20+starter_floor_soft+rel[VOLATILE*0.88],VOLATILE,6,7.607750190985486,0.31374314952811333,0.88,False,,,51.5,0.13350125944584382,0.07142857142857142,0.16176470588235295,0.16666666666666666,0.125,86.36788485693664,64.91503813917403,0.02386406102267845,-0.41,0.9891,,51.41129032258074,1.0028225806451612,1.0028225806451612,1.0,0.058823529411764705,-1.6223028451403476,1.6223028451403476,TD_UNLUCKY_BUY,,NEUTRAL,,36.64471279558657,0.0,-5.773000000000001,1.0,,15.0,11.035400000000001,-5.773000000000001,5.2624,276,84,Deep,0,,,,False,,,1.0
00-0039631,Cam Grandy,TE,MIN,3.47,59.0,0.85,3,1.33,2025_small_sample(1g)_regressed+rel[UNPROVEN*0.92],,none,2025_small_sample(1g)_regressed+rel[UNPROVEN*0.92],UNPROVEN,0,1.2062500000000003,,0.92,False,,,33.7,,0.05,0.008695652173913044,,,91.73913043478261,58.576588592797,0.013722541748475203,0.0,1.0,,58.0645161290323,1.0088709677419354,1.0088709677419354,1.007258064516129,,,,NEUTRAL,,NEUTRAL,,30.02523121085289,0.0,-5.779624000000001,0.95,,2.0,8.812404,-5.779624000000001,3.03278,277,69,Streamer,1,Wk11,Mexico City game (Wk11) — mild scoring impact historically,⚠ Mexico City Wk11,True,,Mexico City,0.9
00-0031484,Chris Manhertz,TE,NYG,3.47,59.0,0.6,3,2.62,2025_small_sample(1g)_regressed+rel[UNPROVEN*0.92],,none,2025_small_sample(1g)_regressed+rel[UNPROVEN*0.92],UNPROVEN,0,1.565357142857143,,0.92,False,,,59.5,0.003215434083601286,,,,0.014705882352941176,97.70191034613202,64.91503813917403,0.02386406102267845,,1.0,,51.41129032258074,1.0028225806451612,1.0028225806451612,1.0,0.006024096385542169,-0.20278785564254345,0.20278785564254345,NEUTRAL,,NEUTRAL,,36.46995821443882,0.0,-5.779624000000001,0.95,,2.0,8.812404,-5.779624000000001,3.03278,278,70,Streamer,0,,,,False,,,1.0
00-0037291,Jalen Nailor,WR,LV,5.71,97.1,4.95,12,5.99,2025*0.50+2024*0.30+starter_floor_soft+rel[UNPROVEN*0.92],,none,2025*0.50+2024*0.30+starter_floor_soft+rel[UNPROVEN*0.92],UNPROVEN,2,5.280176470588235,0.09796631128638754,0.92,False,152.1,68.0,51.7,0.11552346570397112,0.15151515151515152,0.08823529411764706,0.13636363636363635,0.16883116883116883,88.76690720019373,61.7300322798174,0.018768051647707843,0.27,1.0072,,44.455645161290306,0.9937499999999999,0.9937499999999999,0.9951612903225806,0.0962962962962963,1.3637578766469352,2.636242123353065,TD_LUCK_FADE,152.1,NEUTRAL,,39.148918656779415,0.0,-5.7822000000000005,1.0,,17.0,11.035400000000001,-5.7822000000000005,5.2532000000000005,279,85,Deep,0,,,,False,,,1.0
00-0039424,Devaughn Vele,WR,NO,5.97,101.5,5.98,12,6.14,2025*0.50+2024*0.30+starter_floor_soft+rel[UNPROVEN*0.92],,none,2025*0.50+2024*0.30+starter_floor_soft+rel[UNPROVEN*0.92],UNPROVEN,2,6.072108843537415,0.013593248188811809,0.92,False,160.5,74.0,43.6,0.05387205387205387,,0.07079646017699115,0.07766990291262135,0.09615384615384616,93.93995008052171,62.22868616277322,0.019565897860437158,-0.21,0.9944,,54.83870967741944,1.0048387096774194,1.0048387096774194,1.0048387096774194,0.04201680672268908,0.9860607217872828,1.0139392782127172,NEUTRAL,160.5,NEUTRAL,,52.75463079904672,0.0,-5.817620000000002,0.95,,9.0,11.035400000000001,-5.817620000000002,5.217779999999999,280,86,Deep,0,,,,False,,,1.0
00-0033307,Kendrick Bourne,WR,ARI,5.67,96.4,4.91,11,4.26,2025*0.50+2024*0.30+2023*0.20+starter_floor_soft+rel[VOLATILE*0.88],,none,2025*0.50+2024*0.30+2023*0.20+starter_floor_soft+rel[VOLATILE*0.88],VOLATILE,6,6.808888888888889,0.36276968348775723,0.88,False,,,48.1,0.08048780487804878,0.15384615384615385,0.056338028169014086,0.10638297872340426,0.021052631578947368,82.00563812990589,63.84792616237692,0.022156681859803077,0.387,1.0103,,46.975806451612925,0.9979838709677419,0.9979838709677419,0.9959677419354839,0.01,-0.4055757112850869,0.4055757112850869,NEUTRAL,,NEUTRAL,,38.134134893150126,0.0,-5.819000000000001,1.0,,15.0,11.035400000000001,-5.819000000000001,5.2164,281,87,Deep,0,,,,False,,,1.0
00-0040466,Raheim Sanders,RB,CLE,4.32,73.4,4.7,0,,2025_only+rel[UNPROVEN*0.92],,none,2025_only+rel[UNPROVEN*0.92],UNPROVEN,0,4.7,,0.92,False,,,41.5,0.010135135135135136,,,,,50.0,30.787804878048778,-0.030739512195121957,0.0,1.0,,51.51209677419355,0.996774193548387,1.0062499999999999,0.996774193548387,0.059322033898305086,-0.4195149894978041,1.419514989497804,NEUTRAL,,NEUTRAL,,36.0138856823374,0.0,-5.822066666666666,1.0,rookie_exemption,4.0,9.796466666666667,-5.822066666666666,3.9744000000000006,282,94,Handcuff,0,,,,False,,,1.0
00-0026158,Joe Flacco,QB,CIN,13.53,230.0,10.34,7,14.15,2025*0.50+2024*0.30+2023*0.20+starter_floor_soft+rel[UNPROVEN*0.92],,none,2025*0.50+2024*0.30+2023*0.20+starter_floor_soft+rel[UNPROVEN*0.92],UNPROVEN,0,13.007908496732027,,0.92,False,,,56.8,,,,,,50.0,68.34794241910284,0.02935670787056454,0.477,1.0127,,47.27822580645169,0.9972782258064516,1.0012096774193548,0.9933467741935483,0.034722222222222224,-0.013939278212717232,1.0139392782127172,NEUTRAL,,NEUTRAL,,13.96479879298838,0.0,-5.828016000000003,1.0,,13.0,18.275616000000003,-5.828016000000003,12.4476,283,32,Avoid,0,,,,False,,,1.0
00-0037085,Tyler Badie,RB,DEN,4.3,73.1,1.72,2,2.18,2025_only+starter_floor_soft+rel[UNPROVEN*0.92],,none,2025_only+starter_floor_soft+rel[UNPROVEN*0.92],UNPROVEN,1,2.3413461538461537,0.0,0.92,False,,,49.8,0.05070993914807302,,0.08695652173913043,0.14285714285714285,0.042105263157894736,84.13607285365339,76.00929064261045,0.04161486502817672,-1.434,0.9618,SNAP_FALLING,49.596774193548356,0.9981854838709677,1.001008064516129,0.9981854838709677,0.03296703296703297,-1.2167271338552608,1.2167271338552608,TD_UNLUCKY_BUY,,NEUTRAL,,37.837511529171,0.0,-5.840466666666668,1.0,,16.0,9.796466666666667,-5.840466666666668,3.956,284,95,Handcuff,0,,,,False,,,1.0
00-0040669,Isaac TeSlaa,WR,DET,5.64,95.9,4.85,0,,2025_only+starter_floor_soft+rel[UNPROVEN*0.92],,none,2025_only+starter_floor_soft+rel[UNPROVEN*0.92],UNPROVEN,1,4.8500000000000005,0.0,0.92,False,171.2,82.0,53.9,0.05177993527508091,0.02702702702702703,0.05405405405405406,0.12048192771084337,0.12222222222222222,84.42793236020039,71.6413052933654,0.03462608846938465,1.247,1.0332,,54.737903225806626,1.0034274193548387,1.0034274193548387,1.0060483870967742,0.06043956043956044,3.7693335879320222,2.2306664120679778,TD_LUCK_FADE,171.2,NEUTRAL,,52.67119918089497,0.0,-5.846600000000001,1.0,rookie_exemption,14.0,11.035400000000001,-5.846600000000001,5.1888,285,88,Deep,1,Wk8,Munich game (Wk8) — lowest scoring international venue,⚠ Munich Wk8,True,,Munich,0.674
00-0033217,Mo Alie-Cox,TE,IND,3.32,56.4,2.2,6,2.23,2025*0.50+2024*0.30+2023*0.20+starter_floor_soft+rel[VOLATILE*0.88],,none,2025*0.50+2024*0.30+2023*0.20+starter_floor_soft+rel[VOLATILE*0.88],VOLATILE,5,3.464142898724942,0.23955610076865463,0.88,False,,,55.4,0.03488372093023256,,0.05172413793103448,0.027777777777777776,0.07228915662650602,93.1364209788009,48.981774097457205,-0.0016291614440684726,0.666,1.0178,,50.8064516129032,0.9993951612903226,0.9993951612903226,1.0022177419354839,0.03225806451612903,-0.21672713385526077,1.2167271338552608,NEUTRAL,,NEUTRAL,,31.911447216204078,0.0,-5.849636000000001,0.97,,11.0,8.812404,-5.849636000000001,2.9627679999999996,286,71,Streamer,0,,,,False,,,1.0
00-0040705,Chimere Dike,WR,TEN,5.63,95.7,5.42,0,,2025_only+starter_floor_soft+rel[UNPROVEN*0.92],,none,2025_only+starter_floor_soft+rel[UNPROVEN*0.92],UNPROVEN,1,5.417647058823529,0.0,0.92,False,,,39.3,0.14979757085020243,,0.13872832369942195,0.125,0.27450980392156865,76.06908954055824,43.59991239936847,-0.010240140161010448,-0.549,0.9853,,51.008064516129046,1.0006048387096773,1.0006048387096773,1.0014112903225807,0.16666666666666666,-0.24460569028069523,3.2446056902806952,NEUTRAL,,NEUTRAL,,28.801683989298176,0.0,-5.855800000000001,1.0,rookie_exemption,17.0,11.035400000000001,-5.855800000000001,5.1796,287,89,Deep,0,,,,False,,,1.0
00-0031236,Brandin Cooks,WR,SF,5.6,95.2,3.46,10,5.66,2025*0.50+2024*0.30+2023*0.20+starter_floor_soft+rel[VOLATILE*0.88],,none,2025*0.50+2024*0.30+2023*0.20+starter_floor_soft+rel[VOLATILE*0.88],VOLATILE,5,9.013443072702332,0.2738438261766896,0.88,False,,,53.5,0.056338028169014086,,,0.06451612903225806,0.010869565217391304,90.56039900461414,85.86365482399324,0.057381847718389195,1.49,1.0397,SNAP_RISING,46.774193548387075,0.9951612903225806,0.9951612903225806,0.9983870967741935,0.004484304932735426,-0.20278785564254345,0.20278785564254345,NEUTRAL,,NEUTRAL,,43.94723705606108,0.0,-5.883400000000001,1.0,,15.0,11.035400000000001,-5.883400000000001,5.152,288,90,Deep,2,"Wk1, Wk11",2 international games — Melbourne (Wk1); Mexico City (Wk11),⚠ Melbourne Wk1; Mexico City Wk11,True,MULTIPLE_INTL_GAMES,Melbourne,0.853
00-0037197,Isiah Pacheco,RB,DET,4.25,72.2,5.98,10,5.78,"2025*0.50+2024*0.30+2023*0.20+starter_floor_soft+rel[VOLATILE*0.88] [adp_ecr_floor:8.5] [camp_notes:IR:0.5:Isiah Pacheco , DET (knee/back) — placed on IR]",,none,"2025*0.50+2024*0.30+2023*0.20+starter_floor_soft+rel[VOLATILE*0.88] [adp_ecr_floor:8.5] [camp_notes:IR:0.5:Isiah Pacheco , DET (knee/back) — placed on IR]",VOLATILE,4,9.068017241379309,0.3640233955613819,0.88,False,152.8,50.0,61.9,0.0392156862745098,0.08108108108108109,,0.03614457831325301,0.04938271604938271,92.88323430323192,71.6413052933654,0.03462608846938465,5.3,1.08,SNAP_RISING,54.737903225806626,1.0060483870967742,1.0034274193548387,1.0060483870967742,0.14201183431952663,-2.866908535421043,4.866908535421043,BUY,152.8,BUY,IR,45.84593234828718,0.0,-5.886466666666667,1.0,,13.0,9.796466666666667,-5.886466666666667,3.91,289,96,Handcuff,1,Wk8,Munich game (Wk8) — lowest scoring international venue,⚠ Munich Wk8,True,,Munich,0.674
00-0039890,Adonai Mitchell,WR,NYJ,5.52,93.8,4.59,11,2.49,2025*0.50+2024*0.30+starter_floor_soft+rel[UNPROVEN*0.92] [adp_ecr_floor:5.5],,none,2025*0.50+2024*0.30+starter_floor_soft+rel[UNPROVEN*0.92] [adp_ecr_floor:5.5],UNPROVEN,1,3.767161125319693,0.0,0.92,False,161.5,76.0,39.6,0.029069767441860465,0.06349206349206349,,0.027777777777777776,,93.38409471149137,51.435893228452784,0.002297429165524454,-0.402,0.9893,,47.58064516129035,0.9959677419354839,0.9959677419354839,0.9991935483870967,0.06451612903225806,-0.6223028451403476,1.6223028451403476,NEUTRAL,161.5,NEUTRAL,,50.97077795652877,0.0,-5.957000000000001,1.0,,16.0,11.035400000000001,-5.957000000000001,5.0784,290,91,Deep,0,,,,False,,,1.0
00-0040138,Jaylin Noel,WR,HOU,5.52,93.8,3.46,0,,2025_only+starter_floor_soft+rel[UNPROVEN*0.92] [adp_ecr_floor:5.5],,none,2025_only+starter_floor_soft+rel[UNPROVEN*0.92] [adp_ecr_floor:5.5],UNPROVEN,1,3.4625,0.0,0.92,False,164.2,79.0,48.2,0.037383177570093455,0.07894736842105263,0.16981132075471697,0.06666666666666667,0.056818181818181816,69.59998724719064,71.3884009595321,0.03422144153525137,0.884,1.0236,,53.124999999999865,1.001008064516129,1.001008064516129,1.0052419354838709,0.03977272727272727,-0.4195149894978041,1.419514989497804,NEUTRAL,164.2,NEUTRAL,,42.22821836627712,0.0,-5.957000000000001,1.0,rookie_exemption,16.0,11.035400000000001,-5.957000000000001,5.0784,291,92,Deep,1,Wk7,London game (Wk7) — historically low scoring,⚠ London Wk7,True,,London,0.853
00-0036754,Brock Wright,TE,DET,3.26,55.4,4.26,6,2.85,2025*0.50+2024*0.30+2023*0.20+rel[UNPROVEN*0.92],,none,2025*0.50+2024*0.30+2023*0.20+rel[UNPROVEN*0.92],UNPROVEN,2,3.6594104308390025,0.19432395588053056,0.92,False,,,53.9,0.042071197411003236,0.10810810810810811,,,0.022222222222222223,85.3144117297925,71.6413052933654,0.03462608846938465,0.0,1.0,,54.737903225806626,1.0034274193548387,1.0034274193548387,1.0060483870967742,0.01098901098901099,1.5944242887149132,0.4055757112850869,TD_LUCK_FADE,,NEUTRAL,,41.16756820725088,0.0,-5.963164000000001,0.95,,7.0,8.812404,-5.963164000000001,2.84924,292,72,Streamer,1,Wk8,Munich game (Wk8) — lowest scoring international venue,⚠ Munich Wk8,True,,Munich,0.674
00-0040134,Pat Bryant,WR,DEN,5.5,93.5,4.63,0,,2025_only+starter_floor_soft+rel[UNPROVEN*0.92],,none,2025_only+starter_floor_soft+rel[UNPROVEN*0.92],UNPROVEN,1,4.628571428571428,0.0,0.92,False,,,49.8,0.07707910750507099,0.038461538461538464,0.15217391304347827,0.06593406593406594,0.08421052631578947,84.93232514264814,76.00929064261045,0.04161486502817672,1.078,1.0288,,49.596774193548356,1.001008064516129,1.001008064516129,0.9981854838709677,0.04945054945054945,-1.8250907007828912,1.8250907007828912,TD_UNLUCKY_BUY,,NEUTRAL,,45.231921755591294,0.0,-5.9754000000000005,1.0,rookie_exemption,14.0,11.035400000000001,-5.9754000000000005,5.0600000000000005,293,93,Deep,0,,,,False,,,1.0
00-0034981,Foster Moreau,TE,HOU,3.24,55.1,1.34,12,5.82,2025*0.50+2024*0.30+2023*0.20+rel[PROVEN_SOLID*1.06],,none,2025*0.50+2024*0.30+2023*0.20+rel[PROVEN_SOLID*1.06],PROVEN_SOLID,4,4.606991044669615,0.21235462187631912,1.06,False,,,48.2,0.026936026936026935,,,,0.019230769230769232,98.45894845894846,71.3884009595321,0.03422144153525137,-0.142,0.9962,,53.124999999999865,1.001008064516129,1.001008064516129,1.0052419354838709,0.008403361344537815,-0.20278785564254345,0.20278785564254345,NEUTRAL,,NEUTRAL,,39.14432723667465,0.0,-5.980644000000001,0.95,,7.0,8.812404,-5.980644000000001,2.83176,294,73,Streamer,1,Wk7,London game (Wk7) — historically low scoring,⚠ London Wk7,True,,London,0.853
00-0040237,Tez Johnson,WR,TB,5.44,92.5,5.23,0,,2025_only+starter_floor_soft+rel[UNPROVEN*0.92],,none,2025_only+starter_floor_soft+rel[UNPROVEN*0.92],UNPROVEN,1,5.226666666666668,0.0,0.92,False,,,46.6,0.06060606060606061,0.25,0.13432835820895522,0.09302325581395349,0.09210526315789473,73.49231241446246,36.25093968232914,-0.021998496508273378,-1.222,0.9674,,51.3104838709677,1.0004032258064515,1.0004032258064515,1.0022177419354839,0.061224489795918366,1.1749092992171088,1.8250907007828912,TD_LUCK_FADE,,NEUTRAL,,39.43581985535193,0.0,-6.030600000000001,1.0,rookie_exemption,15.0,11.035400000000001,-6.030600000000001,5.0048,295,94,Deep,0,,,,False,,,1.0
00-0036345,K.J. Osborn,WR,TEN,5.43,92.3,,3,2.53,2023_old*0.80+rel[PROVEN_SOLID*1.06],,none,2023_old*0.80+rel[PROVEN_SOLID*1.06],PROVEN_SOLID,3,6.971636710239653,0.08833584947867114,1.06,False,,,39.3,,,,,,50.0,43.59991239936847,-0.010240140161010448,,1.0,,51.008064516129046,1.0006048387096773,1.0006048387096773,1.0014112903225807,,,,NEUTRAL,,NEUTRAL,,31.10959296618522,0.0,-6.039800000000001,1.0,,,11.035400000000001,-6.039800000000001,4.9956,296,95,Deep,0,,,,False,,,1.0
00-0039021,Roschon Johnson,RB,CHI,4.25,72.2,0.85,9,5.78,2024*0.30+2023*0.20+no_2025*0.72+rel[EMERGING*1.03],,none,2024*0.30+2023*0.20+no_2025*0.72+rel[EMERGING*1.03],EMERGING,2,5.513611111111111,0.009975313617814369,1.03,False,,,34.9,,,,,,50.0,46.724480763023614,-0.0052408307791622175,,1.0,,46.27016129032258,0.9981854838709677,0.9943548387096773,0.9981854838709677,,,,NEUTRAL,,NEUTRAL,,40.74668936833391,0.0,-6.081966666666667,0.95,,2.0,9.796466666666667,-6.081966666666667,3.7145,297,97,Handcuff,0,,,,False,,,1.0
00-0038551,Kendre Miller,RB,NO,4.25,72.2,4.4,6,4.43,2025*0.50+2024*0.30+2023*0.20+rel[UNPROVEN*0.92],,none,2025*0.50+2024*0.30+2023*0.20+rel[UNPROVEN*0.92],UNPROVEN,0,4.805263157894737,,0.92,False,,,51.6,0.010101010101010102,,0.017699115044247787,,,98.48037901135245,62.22868616277322,0.019565897860437158,,1.0,,54.83870967741944,1.0048387096774194,1.0048387096774194,1.0048387096774194,0.04201680672268908,-0.013939278212717232,1.0139392782127172,NEUTRAL,,NEUTRAL,,41.853128494436895,0.0,-6.081966666666667,0.95,,7.0,9.796466666666667,-6.081966666666667,3.7145,298,98,Handcuff,0,,,,False,,,1.0
00-0036906,Khalil Herbert,RB,ATL,4.09,69.5,2.03,5,3.25,2024*0.30+2023*0.20+no_2025*0.72+rel[PROVEN_SOLID*1.06],,none,2024*0.30+2023*0.20+no_2025*0.72+rel[PROVEN_SOLID*1.06],PROVEN_SOLID,3,6.987515262515262,0.23585690276894156,1.06,False,,,45.3,,,0.0182648401826484,0.011235955056179775,0.01639344262295082,98.8111104493955,74.65614168324744,0.039449826693195904,0.0,1.0,,48.38709677419351,0.9927419354838709,1.004032258064516,0.9927419354838709,0.03225806451612903,-0.8111514225701738,0.8111514225701738,NEUTRAL,,NEUTRAL,,35.46297547226753,0.0,-6.221806666666668,0.95,,3.0,9.796466666666667,-6.221806666666668,3.5746599999999997,299,99,Handcuff,0,,,,False,,,1.0
00-0040737,Terrance Ferguson,TE,LAR,2.75,46.8,3.77,0,,2025_only+starter_floor_soft+rel[UNPROVEN*0.92] [adp_ecr_floor:5.5] [availability:0.50],,none,2025_only+starter_floor_soft+rel[UNPROVEN*0.92] [adp_ecr_floor:5.5] [availability:0.50],UNPROVEN,1,3.769230769230769,0.0,0.92,False,179.2,23.0,37.8,0.03389830508474576,0.08860759493670886,0.16,0.01098901098901099,0.031746031746031744,66.4054557310817,71.38184056603394,0.03421094490565431,0.83,1.0221,,55.94758064516125,1.0070564516129032,1.0070564516129032,1.0048387096774194,0.021834061135371178,-0.013939278212717232,1.0139392782127172,NEUTRAL,179.2,NEUTRAL,,42.284007912826574,0.0,-6.2824040000000005,1.0,rookie_exemption,13.0,8.812404,-6.2824040000000005,2.5300000000000002,300,74,Streamer,1,Wk1,Melbourne game (Wk1) — historically low scoring,⚠ Melbourne Wk1,True,,Melbourne,0.853
00-0040277,Jahdae Walker,WR,CHI,5.15,87.6,7.9,0,,2025_small_sample(3g)_regressed+rel[UNPROVEN*0.92],,none,2025_small_sample(3g)_regressed+rel[UNPROVEN*0.92],UNPROVEN,0,7.8999999999999995,,0.92,False,,,34.9,0.014388489208633094,,0.022222222222222223,0.018018018018018018,0.023529411764705882,98.55827583774105,46.724480763023614,-0.0052408307791622175,0.0,1.0,,46.27016129032258,0.9943548387096773,0.9943548387096773,0.9981854838709677,0.010050251256281407,0.5944242887149132,0.4055757112850869,NEUTRAL,,NEUTRAL,,42.38788613852893,0.0,-6.2974000000000006,1.0,rookie_exemption,3.0,11.035400000000001,-6.2974000000000006,4.738,301,96,Deep,0,,,,False,,,1.0
00-0040311,Theo Wease Jr.,WR,LAC,5.14,87.4,7.63,0,,2025_small_sample(3g)_regressed+rel[UNPROVEN*0.92],,none,2025_small_sample(3g)_regressed+rel[UNPROVEN*0.92],UNPROVEN,0,7.633333333333333,,0.92,False,,,44.6,0.012195121951219513,,0.05454545454545454,0.04,0.014925373134328358,92.94013158969406,52.96449543969547,0.00474319270351275,0.0,1.0,,45.36290322580649,0.9997983870967742,0.9997983870967742,0.9909274193548386,0.0072992700729927005,-0.20278785564254345,0.20278785564254345,NEUTRAL,,NEUTRAL,,27.27690125999692,0.0,-6.306600000000001,1.0,rookie_exemption,3.0,11.035400000000001,-6.306600000000001,4.7288,302,97,Deep,0,,,,False,,,1.0
00-0039923,J.J. McCarthy,QB,NYG,12.98,220.7,12.74,0,,2025_only+starter_floor_soft+rel[UNPROVEN*0.92],,none,2025_only+starter_floor_soft+rel[UNPROVEN*0.92],UNPROVEN,1,12.738000000000001,0.0,0.92,False,,,67.5,,,,,,50.0,64.91503813917403,0.02386406102267845,-0.254,0.9932,,51.41129032258074,1.0014112903225807,1.0028225806451612,1.0,0.044444444444444446,2.7832728661447392,1.2167271338552608,TD_LUCK_FADE,,NEUTRAL,,18.9024970357751,8.0,-6.334016000000002,1.0,rookie_exemption,10.0,18.275616000000003,-6.334016000000002,11.941600000000001,303,33,Avoid,0,,,,False,,,1.0
00-0039917,Michael Penix Jr.,QB,ATL,13.66,232.2,13.59,3,8.82,2025_only+starter_floor_soft+rel[UNPROVEN*0.92],,none,2025_only+starter_floor_soft+rel[UNPROVEN*0.92],UNPROVEN,1,12.395000000000001,0.0,0.92,False,,,61.3,,,,,,50.0,74.65614168324744,0.039449826693195904,,1.0,,48.38709677419351,0.9983870967741935,1.004032258064516,0.9927419354838709,0.022058823529411766,0.3916364330723696,0.6083635669276304,NEUTRAL,,NEUTRAL,,23.7854837405812,0.0,-6.336776000000002,0.95,,9.0,18.275616000000003,-6.336776000000002,11.93884,304,34,Avoid,0,,,,False,,,1.0
00-0039912,Ben Sinnott,TE,WAS,2.82,47.9,2.86,4,2.82,2025*0.50+2024*0.30+rel[UNPROVEN*0.92],,none,2025*0.50+2024*0.30+rel[UNPROVEN*0.92],UNPROVEN,0,2.8470454545454547,,0.92,False,,,58.7,0.02109704641350211,,0.030927835051546393,,0.0196078431372549,97.99111153527458,74.4380335679125,0.03910085370866,2.782,1.0742,SNAP_RISING,50.60483870967736,0.995766129032258,0.995766129032258,1.0054435483870967,0.006896551724137931,0.7972121443574566,0.20278785564254345,NEUTRAL,,NEUTRAL,,37.07839757401187,0.0,-6.347724000000001,0.95,,8.0,8.812404,-6.347724000000001,2.4646799999999995,305,75,Streamer,0,,,,False,,,1.0
00-0040563,Efton Chism III,WR,NE,5.07,86.2,5.83,0,,2025_small_sample(3g)_regressed+rel[UNPROVEN*0.92],,none,2025_small_sample(3g)_regressed+rel[UNPROVEN*0.92],UNPROVEN,0,5.833333333333333,,0.92,False,,,37.2,0.006896551724137931,0.013513513513513514,,,0.0136986301369863,98.73447966102033,66.2210769855281,0.02595372317684496,0.0,1.0,,49.899193548387125,0.9961693548387096,0.9961693548387096,1.0036290322580645,0.005681818181818182,0.7972121443574566,0.20278785564254345,NEUTRAL,,NEUTRAL,,32.62910502535436,0.0,-6.371,1.0,rookie_exemption,3.0,11.035400000000001,-6.371,4.6644000000000005,306,98,Deep,0,,,,False,,,1.0
00-0036755,Jaret Patterson,RB,CLE,3.71,63.1,4.03,0,,2025_only+rel[UNPROVEN*0.92],,none,2025_only+rel[UNPROVEN*0.92],UNPROVEN,1,4.046768707482994,0.0,0.92,False,,,41.5,,,0.024096385542168676,0.012987012987012988,,97.77812548896885,30.787804878048778,-0.030739512195121957,0.0,1.0,,51.51209677419355,0.996774193548387,1.0062499999999999,0.996774193548387,0.037037037037037035,-0.21672713385526077,1.2167271338552608,NEUTRAL,,NEUTRAL,,35.636861674624726,0.0,-6.3832666666666675,1.0,rookie_exemption,6.0,9.796466666666667,-6.3832666666666675,3.4132000000000002,307,100,Handcuff,0,,,,False,,,1.0
00-0036020,Salvon Ahmed,RB,CHI,3.67,62.4,,0,,2023_old*0.80+rel[UNPROVEN*0.92],,none,2023_old*0.80+rel[UNPROVEN*0.92],UNPROVEN,1,4.955835497835498,0.0,0.92,False,,,34.9,,,,,,50.0,46.724480763023614,-0.0052408307791622175,,1.0,,46.27016129032258,0.9981854838709677,0.9943548387096773,0.9981854838709677,,,,NEUTRAL,,NEUTRAL,,39.19634934786036,0.0,-6.420066666666667,1.0,,,9.796466666666667,-6.420066666666667,3.3764000000000003,308,101,Handcuff,0,,,,False,,,1.0
00-0036959,Michael Bandy,WR,DEN,5.01,85.2,4.33,0,,2025_small_sample(3g)_regressed+rel[UNPROVEN*0.92],,none,2025_small_sample(3g)_regressed+rel[UNPROVEN*0.92],UNPROVEN,0,3.1595238095238094,,0.92,False,,,49.8,0.008113590263691683,,,,0.010526315789473684,99.51745489484361,76.00929064261045,0.04161486502817672,0.0,1.0,,49.596774193548356,1.001008064516129,1.001008064516129,0.9981854838709677,0.005494505494505495,0.7972121443574566,0.20278785564254345,NEUTRAL,,NEUTRAL,,35.620922792345894,0.0,-6.426200000000001,1.0,rookie_exemption,3.0,11.035400000000001,-6.426200000000001,4.6092,309,99,Deep,0,,,,False,,,1.0
00-0038359,Xavier Smith,WR,SF,5.15,87.6,3.93,2,1.73,2025_only+starter_floor_soft+rel[UNPROVEN*0.92],,none,2025_only+starter_floor_soft+rel[UNPROVEN*0.92],UNPROVEN,1,3.5638888888888896,0.0,0.92,False,,,53.5,0.02824858757062147,0.0379746835443038,0.16,0.04395604395604396,0.023809523809523808,67.56223179537105,85.86365482399324,0.057381847718389195,0.973,1.026,,46.774193548387075,0.9951612903225806,0.9951612903225806,0.9983870967741935,0.013100436681222707,-0.6083635669276304,0.6083635669276304,NEUTRAL,,NEUTRAL,,46.11115942914604,0.0,-6.439540000000001,0.97,,10.0,11.035400000000001,-6.439540000000001,4.59586,310,100,Deep,2,"Wk1, Wk11",2 international games — Melbourne (Wk1); Mexico City (Wk11),⚠ Melbourne Wk1; Mexico City Wk11,True,MULTIPLE_INTL_GAMES,Melbourne,0.853
00-0039050,Payne Durham,TE,TB,2.7,45.9,0.4,5,5.8,2024*0.30+2023*0.20+no_2025*0.72+rel[UNPROVEN*0.92],,none,2024*0.30+2023*0.20+no_2025*0.72+rel[UNPROVEN*0.92],UNPROVEN,0,3.3610389610389606,,0.92,False,,,54.6,0.011019283746556474,,,,0.013157894736842105,99.57227780194287,36.25093968232914,-0.021998496508273378,0.0,1.0,,51.3104838709677,1.0004032258064515,1.0004032258064515,1.0022177419354839,0.006802721088435374,-0.20278785564254345,0.20278785564254345,NEUTRAL,,NEUTRAL,,27.30129394109704,0.0,-6.452604000000001,0.95,,4.0,8.812404,-6.452604000000001,2.3598000000000003,311,76,Streamer,0,,,,False,,,1.0
00-0039814,Erick All,TE,CIN,2.52,42.8,,7,3.23,2024_only*0.85+rel[UNPROVEN*0.92],,none,2024_only*0.85+rel[UNPROVEN*0.92],UNPROVEN,0,3.2250000000000005,,0.92,False,,,48.8,,,,,,50.0,68.34794241910284,0.02935670787056454,,1.0,,47.27822580645169,1.0012096774193548,1.0012096774193548,0.9933467741935483,,,,NEUTRAL,,NEUTRAL,,40.0689736523301,0.0,-6.494004,1.0,,,8.812404,-6.494004,2.3184,312,77,Streamer,0,,,,False,,,1.0
00-0035544,Tom Kennedy,WR,DET,4.91,83.5,5.6,0,0.0,2025_small_sample(1g)_regressed+rel[UNPROVEN*0.92],,none,2025_small_sample(1g)_regressed+rel[UNPROVEN*0.92],UNPROVEN,0,3.396666666666667,,0.92,False,,,45.9,0.003236245954692557,,,0.024096385542168676,,95.82797208250477,71.6413052933654,0.03462608846938465,0.0,1.0,,54.737903225806626,1.0034274193548387,1.0034274193548387,1.0060483870967742,,,,NEUTRAL,,NEUTRAL,,42.75772014346751,0.0,-6.5182,1.0,rookie_exemption,1.0,11.035400000000001,-6.5182,4.517200000000001,313,101,Deep,1,Wk8,Munich game (Wk8) — lowest scoring international venue,⚠ Munich Wk8,True,,Munich,0.674
00-0037093,Dareke Young,WR,LV,4.91,83.5,1.93,0,0.0,2025_small_sample(2g)_regressed+rel[UNPROVEN*0.92],,none,2025_small_sample(2g)_regressed+rel[UNPROVEN*0.92],UNPROVEN,0,2.216666666666667,,0.92,False,,,35.7,0.005813953488372093,0.012345679012345678,,,,98.69365489520528,61.7300322798174,0.018768051647707843,0.0,1.0,,44.455645161290306,0.9937499999999999,0.9937499999999999,0.9951612903225806,,,,NEUTRAL,,NEUTRAL,,36.94148167699795,0.0,-6.5182,1.0,rookie_exemption,3.0,11.035400000000001,-6.5182,4.517200000000001,314,102,Deep,0,,,,False,,,1.0
00-0036590,Quintin Morris,TE,JAX,2.62,44.5,2.9,3,2.42,2025_only+rel[UNPROVEN*0.92],,none,2025_only+rel[UNPROVEN*0.92],UNPROVEN,0,2.8573333333333335,,0.92,False,,,42.3,0.00821917808219178,0.06818181818181818,,0.028985507246376812,0.02127659574468085,91.05956780124619,43.58248415247496,-0.010268025356040062,-0.653,0.9826,,50.907258064516235,1.0,1.0,1.0018145161290322,0.009259259259259259,0.5944242887149132,0.4055757112850869,NEUTRAL,,NEUTRAL,,43.46134274586015,0.0,-6.522524000000001,0.95,,5.0,8.812404,-6.522524000000001,2.28988,315,78,Streamer,2,"Wk6, Wk7","2 London games (Wk6, Wk7) — historically low scoring","⚠ London x2 (Wk6,7)",True,MULTIPLE_INTL_GAMES,London,0.853
00-0040522,Xavier Restrepo,WR,TEN,4.9,83.3,2.8,0,,2025_small_sample(2g)_regressed+rel[UNPROVEN*0.92],,none,2025_small_sample(2g)_regressed+rel[UNPROVEN*0.92],UNPROVEN,0,2.8,,0.92,False,,,39.3,,,0.011560693641618497,0.0125,0.0196078431372549,98.5629638804271,43.59991239936847,-0.010240140161010448,0.0,1.0,,51.008064516129046,1.0006048387096773,1.0006048387096773,1.0014112903225807,0.010416666666666666,-0.20278785564254345,0.20278785564254345,NEUTRAL,,NEUTRAL,,31.10959296618522,0.0,-6.5274,1.0,rookie_exemption,2.0,11.035400000000001,-6.5274,4.508000000000001,316,103,Deep,0,,,,False,,,1.0
00-0040154,Tai Felton,WR,MIN,4.89,83.1,1.33,0,,2025_small_sample(3g)_regressed+rel[UNPROVEN*0.92],,none,2025_small_sample(3g)_regressed+rel[UNPROVEN*0.92],UNPROVEN,0,1.3333333333333333,,0.92,False,,,33.7,0.0036101083032490976,0.06060606060606061,,,,88.60080953943769,58.576588592797,0.013722541748475203,0.0,1.0,,58.0645161290323,1.0088709677419354,1.0088709677419354,1.007258064516129,,,,NEUTRAL,,NEUTRAL,,29.39339786883982,0.0,-6.536600000000001,1.0,rookie_exemption,3.0,11.035400000000001,-6.536600000000001,4.4988,317,104,Deep,1,Wk11,Mexico City game (Wk11) — mild scoring impact historically,⚠ Mexico City Wk11,True,,Mexico City,0.9
00-0038728,Jared Wayne,WR,HOU,4.87,82.8,3.0,0,0.0,2025_small_sample(1g)_regressed+rel[UNPROVEN*0.92],,none,2025_small_sample(1g)_regressed+rel[UNPROVEN*0.92],UNPROVEN,0,3.0,,0.92,False,,,48.2,0.002336448598130841,,,,,50.0,71.3884009595321,0.03422144153525137,,1.0,,53.124999999999865,1.001008064516129,1.001008064516129,1.0052419354838709,,,,NEUTRAL,,NEUTRAL,,41.49895801686775,0.0,-6.555000000000001,1.0,rookie_exemption,1.0,11.035400000000001,-6.555000000000001,4.4804,318,105,Deep,1,Wk7,London game (Wk7) — historically low scoring,⚠ London Wk7,True,,London,0.853
00-0040172,Jordan Watkins,WR,SF,4.87,82.8,1.8,0,,2025_small_sample(2g)_regressed+rel[UNPROVEN*0.92],,none,2025_small_sample(2g)_regressed+rel[UNPROVEN*0.92],UNPROVEN,0,1.7999999999999998,,0.92,False,,,53.5,0.0024390243902439024,,,0.010638297872340425,,98.3601453035807,85.86365482399324,0.057381847718389195,,1.0,,46.774193548387075,0.9951612903225806,0.9951612903225806,0.9983870967741935,,,,NEUTRAL,,NEUTRAL,,54.27965678805373,0.0,-6.555000000000001,1.0,rookie_exemption,2.0,11.035400000000001,-6.555000000000001,4.4804,319,106,Deep,2,"Wk1, Wk11",2 international games — Melbourne (Wk1); Mexico City (Wk11),⚠ Melbourne Wk1; Mexico City Wk11,True,MULTIPLE_INTL_GAMES,Melbourne,0.853
00-0035249,Josh Oliver,TE,MIN,2.44,41.5,3.96,8,4.65,2025*0.50+2024*0.30+2023*0.20+starter_floor_soft+rel[PROVEN_SOLID*1.06] [availability:0.50],,none,2025*0.50+2024*0.30+2023*0.20+starter_floor_soft+rel[PROVEN_SOLID*1.06] [availability:0.50],PROVEN_SOLID,3,3.4173414304993246,0.13557264801345434,1.06,False,,,49.7,0.061371841155234655,0.030303030303030304,0.014705882352941176,0.015151515151515152,0.09090909090909091,88.17622131117093,58.576588592797,0.013722541748475203,0.497,1.0132,,58.0645161290323,1.0088709677419354,1.0088709677419354,1.007258064516129,0.05185185185185185,1.580485010502196,1.419514989497804,TD_LUCK_FADE,,NEUTRAL,,28.96555190090357,0.0,-6.567604000000001,1.0,,12.0,8.812404,-6.567604000000001,2.2448,320,79,Streamer,1,Wk11,Mexico City game (Wk11) — mild scoring impact historically,⚠ Mexico City Wk11,True,,Mexico City,0.9
00-0040646,Jalen Royals,WR,KC,4.85,82.4,1.4,0,,2025_small_sample(1g)_regressed+rel[UNPROVEN*0.92],,none,2025_small_sample(1g)_regressed+rel[UNPROVEN*0.92],UNPROVEN,0,1.4,,0.92,False,,,42.9,0.007352941176470588,,,0.012048192771084338,,99.06094968107725,67.49565411893563,0.027993046590297013,,1.0,,49.69758064516139,0.9981854838709677,0.9981854838709677,1.0012096774193548,,,,NEUTRAL,,NEUTRAL,,50.64597028454994,0.0,-6.573400000000001,1.0,rookie_exemption,1.0,11.035400000000001,-6.573400000000001,4.462,321,107,Deep,0,,,,False,,,1.0
00-0034272,Marquez Valdes-Scantling,WR,LAC,4.98,84.7,2.67,8,4.82,2025*0.50+2024*0.30+2023*0.20+starter_floor_soft+rel[VOLATILE*0.88],,none,2025*0.50+2024*0.30+2023*0.20+starter_floor_soft+rel[VOLATILE*0.88],VOLATILE,4,5.92784090909091,0.33905269171169305,0.88,False,,,36.6,0.06015037593984962,,,0.07142857142857142,0.06329113924050633,98.09898324183932,52.96449543969547,0.00474319270351275,4.118,1.08,SNAP_RISING,45.36290322580649,0.9997983870967742,0.9997983870967742,0.9909274193548386,0.03125,-0.013939278212717232,1.0139392782127172,NEUTRAL,,NEUTRAL,,32.46309289830057,0.0,-6.591248,0.97,,10.0,11.035400000000001,-6.591248,4.444152000000001,322,108,Deep,0,,,,False,,,1.0
00-0039751,Jordan Whittington,WR,LAR,4.82,81.9,2.27,7,6.17,2025*0.50+2024*0.30+starter_floor_soft+rel[UNPROVEN*0.92],,none,2025*0.50+2024*0.30+starter_floor_soft+rel[UNPROVEN*0.92],UNPROVEN,1,3.877310924369748,0.0,0.92,False,,,45.8,0.030131826741996232,0.08860759493670886,0.08,0.01098901098901099,0.007936507936507936,86.29759249139354,71.38184056603394,0.03421094490565431,-0.961,0.9744,,55.94758064516125,1.0070564516129032,1.0070564516129032,1.0048387096774194,0.008733624454148471,-0.4055757112850869,0.4055757112850869,NEUTRAL,,NEUTRAL,,39.56486849522661,0.0,-6.601000000000001,1.0,,14.0,11.035400000000001,-6.601000000000001,4.4344,323,109,Deep,1,Wk1,Melbourne game (Wk1) — historically low scoring,⚠ Melbourne Wk1,True,,Melbourne,0.853
00-0039648,David Martin-Robinson,TE,TEN,2.53,43.0,2.75,1,0.55,2025_only+rel[UNPROVEN*0.92],,none,2025_only+rel[UNPROVEN*0.92],UNPROVEN,0,2.31,,0.92,False,,,47.3,0.012145748987854251,,0.017341040462427744,,0.0196078431372549,98.75055712350114,43.59991239936847,-0.010240140161010448,0.0,1.0,,51.008064516129046,1.0006048387096773,1.0006048387096773,1.0014112903225807,0.010416666666666666,0.7972121443574566,0.20278785564254345,NEUTRAL,,NEUTRAL,,31.10959296618522,0.0,-6.601184000000001,0.95,,4.0,8.812404,-6.601184000000001,2.21122,324,80,Streamer,0,,,,False,,,1.0
00-0036626,Dyami Brown,WR,WAS,4.96,84.3,3.79,15,4.79,2025*0.50+2024*0.30+2023*0.20+starter_floor_soft+rel[UNPROVEN*0.92],,none,2025*0.50+2024*0.30+2023*0.20+starter_floor_soft+rel[UNPROVEN*0.92],UNPROVEN,2,3.7996570929070925,0.13205604203188182,0.92,False,,,58.7,0.0684931506849315,0.056818181818181816,0.06666666666666667,0.10144927536231885,0.09574468085106383,92.99805939636062,74.4380335679125,0.03910085370866,0.0,1.0,,50.60483870967736,0.995766129032258,0.995766129032258,1.0054435483870967,0.046296296296296294,-1.0278785564254345,2.0278785564254345,TD_UNLUCKY_BUY,,NEUTRAL,,40.059530073278,0.0,-6.609096000000001,0.97,,11.0,11.035400000000001,-6.609096000000001,4.426304,325,110,Deep,0,,,,False,,,1.0
00-0038953,Dylan Drummond,WR,ATL,4.81,81.8,1.92,0,,2025_small_sample(2g)_regressed+rel[UNPROVEN*0.92],,none,2025_small_sample(2g)_regressed+rel[UNPROVEN*0.92],UNPROVEN,0,1.9249999999999998,,0.92,False,,,53.3,0.017632241813602016,,0.07352941176470588,0.05128205128205128,0.0625,91.62601984941584,74.65614168324744,0.039449826693195904,-0.96,0.9744,,48.38709677419351,1.004032258064516,1.004032258064516,0.9927419354838709,0.029411764705882353,-0.8111514225701738,0.8111514225701738,NEUTRAL,,NEUTRAL,,34.60073531829371,0.0,-6.610200000000001,1.0,rookie_exemption,4.0,11.035400000000001,-6.610200000000001,4.4252,326,111,Deep,0,,,,False,,,1.0
00-0036133,James Proche,WR,CLE,5.05,85.8,1.58,1,1.8,2025_small_sample(2g)_regressed+rel[UNPROVEN*0.92],,none,2025_small_sample(2g)_regressed+rel[UNPROVEN*0.92],UNPROVEN,0,2.4380952380952383,,0.92,False,,,41.5,0.008097165991902834,,0.011560693641618497,0.05,,92.40418384751887,30.787804878048778,-0.030739512195121957,0.688,1.0183,,51.51209677419355,1.0062499999999999,1.0062499999999999,0.996774193548387,,,,NEUTRAL,,NEUTRAL,,36.469077622616176,0.0,-6.6217000000000015,0.95,,6.0,11.035400000000001,-6.6217000000000015,4.4136999999999995,327,112,Deep,0,,,,False,,,1.0
00-0035891,Cody White,WR,LV,5.05,85.8,5.5,1,5.4,2025_small_sample(3g)_regressed+rel[UNPROVEN*0.92],,none,2025_small_sample(3g)_regressed+rel[UNPROVEN*0.92],UNPROVEN,0,4.294444444444444,,0.92,False,,,43.7,0.005813953488372093,0.024691358024691357,,,,96.22451909273614,61.7300322798174,0.018768051647707843,0.0,1.0,,44.455645161290306,0.9937499999999999,0.9937499999999999,0.9951612903225806,,,,NEUTRAL,,NEUTRAL,,45.522903021163806,0.0,-6.6217000000000015,0.95,,3.0,11.035400000000001,-6.6217000000000015,4.4136999999999995,328,113,Deep,0,,,,False,,,1.0
00-0039589,Kameron Johnson,WR,TB,5.04,85.7,3.14,1,0.37,2025_small_sample(2g)_regressed+rel[UNPROVEN*0.92],,none,2025_small_sample(2g)_regressed+rel[UNPROVEN*0.92],UNPROVEN,0,2.2155555555555555,,0.92,False,,,46.6,0.008264462809917356,,0.014925373134328358,0.011627906976744186,,98.91226011219088,36.25093968232914,-0.021998496508273378,0.0,1.0,,51.3104838709677,1.0004032258064515,1.0004032258064515,1.0022177419354839,,,,NEUTRAL,,NEUTRAL,,31.92246013134569,0.0,-6.630440000000001,0.95,,5.0,11.035400000000001,-6.630440000000001,4.40496,329,114,Deep,0,,,,False,,,1.0
00-0039299,George Holani,RB,SEA,3.41,58.0,3.7,0,0.7,2025_only+rel[UNPROVEN*0.92],,none,2025_only+rel[UNPROVEN*0.92],UNPROVEN,0,3.6999999999999997,,0.92,False,,,44.5,0.014534883720930232,0.024691358024691357,,0.03529411764705882,,96.60977018126134,59.96730450368508,0.015947687205896125,,1.0,,57.76209677419364,1.0076612903225806,1.0078629032258064,1.0076612903225806,0.03,-0.21672713385526077,1.2167271338552608,NEUTRAL,,NEUTRAL,,45.16071238504778,0.0,-6.659266666666667,1.0,rookie_exemption,6.0,9.796466666666667,-6.659266666666667,3.1372000000000004,330,102,Handcuff,0,,,,False,,,1.0
00-0039146,Jayden Reed,WR,GB,5.0,85.0,8.78,17,9.78,2025*0.50+2024*0.30+2023*0.20+rel[UNPROVEN*0.92] [adp_ecr_floor:10.0] [availability:0.50],,none,2025*0.50+2024*0.30+2023*0.20+rel[UNPROVEN*0.92] [adp_ecr_floor:10.0] [availability:0.50],UNPROVEN,2,9.999305555555555,0.04305854573234259,0.92,False,88.5,43.0,54.5,0.053164556962025315,,,0.05263157894736842,0.08108108108108109,94.68504741342765,58.17024718521366,0.013072395496341857,-1.276,0.966,,48.48790322580654,0.9955645161290322,0.9955645161290322,1.0014112903225807,0.034482758620689655,0.7832728661447392,1.2167271338552608,NEUTRAL,88.5,NEUTRAL,,30.619082200514484,0.0,-6.665400000000001,0.95,,6.0,11.035400000000001,-6.665400000000001,4.37,331,115,Deep,0,,,,False,,,1.0
00-0040727,Tre Harris,WR,LAC,4.75,80.8,3.38,0,,2025_only+starter_floor_soft+rel[UNPROVEN*0.92],,none,2025_only+starter_floor_soft+rel[UNPROVEN*0.92],UNPROVEN,1,3.3764705882352946,0.0,0.92,False,,,36.6,0.08333333333333333,0.1111111111111111,0.0963855421686747,0.07792207792207792,0.06172839506172839,93.30706411427772,52.96449543969547,0.00474319270351275,-0.167,0.9955,,45.36290322580649,0.9997983870967742,0.9997983870967742,0.9909274193548386,0.037037037037037035,-0.21672713385526077,1.2167271338552608,NEUTRAL,,NEUTRAL,,37.73989486560287,0.0,-6.665400000000001,1.0,rookie_exemption,17.0,11.035400000000001,-6.665400000000001,4.37,332,116,Deep,0,,,,False,,,1.0
00-0036415,Van Jefferson,WR,WAS,4.72,80.2,3.96,11,3.89,2025*0.50+2024*0.30+2023*0.20+starter_floor_soft+rel[VOLATILE*0.88],,none,2025*0.50+2024*0.30+2023*0.20+starter_floor_soft+rel[VOLATILE*0.88],VOLATILE,5,5.056397619047619,0.3259641659050132,0.88,False,,,50.7,0.10121457489878542,0.3333333333333333,0.10404624277456648,0.125,0.058823529411764705,61.26443761718532,74.4380335679125,0.03910085370866,0.118,1.0032,,50.60483870967736,0.995766129032258,0.995766129032258,1.0054435483870967,0.03125,0.3916364330723696,0.6083635669276304,NEUTRAL,,NEUTRAL,,32.744590236817885,0.0,-6.693000000000001,1.0,,14.0,11.035400000000001,-6.693000000000001,4.3424,333,117,Deep,0,,,,False,,,1.0
00-0037382,Brandon Johnson,WR,PIT,4.7,79.9,,1,1.4,2023_old*0.80+rel[UNPROVEN*0.92],,none,2023_old*0.80+rel[UNPROVEN*0.92],UNPROVEN,1,5.374545454545455,0.0,0.92,False,,,32.4,,,,,,50.0,57.575124955459145,0.012120199928734633,,1.0,,42.13709677419364,0.9923387096774193,0.9923387096774193,0.9919354838709677,,,,NEUTRAL,,NEUTRAL,,28.9139564092471,0.0,-6.7114,1.0,,,11.035400000000001,-6.7114,4.324000000000001,334,118,Deep,0,,,,False,,,1.0
00-0038783,Nate Adkins,TE,DEN,2.38,40.5,2.06,9,3.04,2024_only*0.85+rel[UNPROVEN*0.92],,none,2024_only*0.85+rel[UNPROVEN*0.92],UNPROVEN,1,2.5461734693877554,0.0,0.92,False,,,57.8,0.012170385395537525,0.07692307692307693,,,0.021052631578947368,88.53541722790499,76.00929064261045,0.04161486502817672,0.0,1.0,,49.596774193548356,1.001008064516129,1.001008064516129,0.9981854838709677,0.01098901098901099,0.5944242887149132,0.4055757112850869,NEUTRAL,,NEUTRAL,,41.16399638069364,0.0,-6.732284000000001,0.95,,7.0,8.812404,-6.732284000000001,2.08012,335,81,Streamer,0,,,,False,,,1.0
00-0036849,Tutu Atwell,WR,LAR,4.92,83.6,3.52,16,5.01,2025*0.50+2024*0.30+2023*0.20+rel[PROVEN_SOLID*1.06],,none,2025*0.50+2024*0.30+2023*0.20+rel[PROVEN_SOLID*1.06],PROVEN_SOLID,3,5.378372093023256,0.18919374033398745,1.06,False,,,37.8,0.02448210922787194,,,0.04395604395604396,0.007936507936507936,94.1115585447005,71.38184056603394,0.03421094490565431,0.0,1.0,,55.94758064516125,1.0070564516129032,1.0070564516129032,1.0048387096774194,0.004366812227074236,-0.20278785564254345,0.20278785564254345,NEUTRAL,,NEUTRAL,,39.170106984876426,0.0,-6.7353200000000015,0.95,,8.0,11.035400000000001,-6.7353200000000015,4.3000799999999995,336,119,Deep,1,Wk1,Melbourne game (Wk1) — historically low scoring,⚠ Melbourne Wk1,True,,Melbourne,0.853
00-0036841,Austin Trammell,WR,JAX,4.91,83.5,1.22,1,5.0,2025_small_sample(2g)_regressed+rel[UNPROVEN*0.92],,none,2025_small_sample(2g)_regressed+rel[UNPROVEN*0.92],UNPROVEN,0,2.2483333333333335,,0.92,False,,,34.3,0.00821917808219178,0.056818181818181816,,0.028985507246376812,0.010638297872340425,92.22644529283338,43.58248415247496,-0.010268025356040062,0.0,1.0,,50.907258064516235,1.0,1.0,1.0018145161290322,0.004629629629629629,-0.20278785564254345,0.20278785564254345,NEUTRAL,,NEUTRAL,,42.903654781156746,0.0,-6.74406,0.95,,5.0,11.035400000000001,-6.74406,4.291340000000001,337,120,Deep,2,"Wk6, Wk7","2 London games (Wk6, Wk7) — historically low scoring","⚠ London x2 (Wk6,7)",True,MULTIPLE_INTL_GAMES,London,0.853
00-0033555,Mack Hollins,WR,NE,4.66,79.2,7.02,16,5.38,"2025*0.50+2024*0.30+2023*0.20+starter_floor_soft+rel[PROVEN_SOLID*1.06] [camp_notes:SEVERE:0.65:Mack Hollins Ruled out for Sunday's game WR New England Patriots Calf October 9, 2026 Hollins (calf) is ruled out for Sunday's game against the Raiders. ANALYSIS Subscribe now to instantly reveal our take on this news.]",,none,"2025*0.50+2024*0.30+2023*0.20+starter_floor_soft+rel[PROVEN_SOLID*1.06] [camp_notes:SEVERE:0.65:Mack Hollins Ruled out for Sunday's game WR New England Patriots Calf October 9, 2026 Hollins (calf) is ruled out for Sunday's game against the Raiders. ANALYSIS Subscribe now to instantly reveal our take on this news.]",PROVEN_SOLID,3,5.70378070048969,0.1532834239238924,1.06,False,,,45.2,0.12183908045977011,0.13513513513513514,0.19230769230769232,0.06593406593406594,0.0821917808219178,82.28031637662295,66.2210769855281,0.02595372317684496,1.918,1.0512,SNAP_RISING,49.899193548387125,0.9961693548387096,0.9961693548387096,1.0036290322580645,0.03409090909090909,0.7832728661447392,1.2167271338552608,NEUTRAL,,NEUTRAL,SEVERE,48.33256372419335,0.0,-6.748200000000001,1.0,,16.0,11.035400000000001,-6.748200000000001,4.2872,338,121,Deep,0,,,,False,,,1.0
00-0037487,Deven Thompkins,WR,LV,4.89,83.1,2.35,2,1.18,2025_small_sample(1g)_regressed+rel[UNPROVEN*0.92],,none,2025_small_sample(1g)_regressed+rel[UNPROVEN*0.92],UNPROVEN,1,2.228061224489796,0.0,0.92,False,,,35.7,0.007556675062972292,,,,,50.0,61.7300322798174,0.018768051647707843,0.0,1.0,,44.455645161290306,0.9937499999999999,0.9937499999999999,0.9951612903225806,,,,NEUTRAL,,NEUTRAL,,38.10462969018401,0.0,-6.761540000000001,0.95,,2.0,11.035400000000001,-6.761540000000001,4.27386,339,122,Deep,0,,,,False,,,1.0
00-0040739,Elijah Arroyo,TE,SEA,2.22,37.7,2.42,0,,2025_only+rel[UNPROVEN*0.92],,none,2025_only+rel[UNPROVEN*0.92],UNPROVEN,0,2.4153846153846152,,0.92,False,,,60.5,0.046511627906976744,0.07407407407407407,,0.03529411764705882,0.06172839506172839,94.10751087317065,59.96730450368508,0.015947687205896125,-0.218,0.9942,,57.76209677419364,1.0078629032258064,1.0078629032258064,1.0076612903225806,0.025,-1.0139392782127172,1.0139392782127172,TD_UNLUCKY_BUY,,NEUTRAL,,37.21461482388342,0.0,-6.770004,1.0,rookie_exemption,13.0,8.812404,-6.770004,2.0424,340,82,Streamer,0,,,,False,,,1.0
00-0038519,Nikko Remigio,WR,KC,4.88,83.0,1.85,1,5.8,2025_small_sample(2g)_regressed+rel[UNPROVEN*0.92],,none,2025_small_sample(2g)_regressed+rel[UNPROVEN*0.92],UNPROVEN,0,3.1666666666666665,,0.92,False,,,42.9,,,,,,50.0,67.49565411893563,0.027993046590297013,,1.0,,49.69758064516139,0.9981854838709677,0.9981854838709677,1.0012096774193548,,,,NEUTRAL,,NEUTRAL,,42.21704239069462,0.0,-6.7702800000000005,0.95,,2.0,11.035400000000001,-6.7702800000000005,4.2651200000000005,341,123,Deep,0,,,,False,,,1.0
00-0037524,Tay Martin,WR,DET,4.88,83.0,1.65,1,11.4,2025_small_sample(2g)_regressed+rel[UNPROVEN*0.92],,none,2025_small_sample(2g)_regressed+rel[UNPROVEN*0.92],UNPROVEN,0,4.8999999999999995,,0.92,False,,,45.9,0.004219409282700422,,0.010309278350515464,,,98.782026186437,71.6413052933654,0.03462608846938465,,1.0,,54.737903225806626,1.0034274193548387,1.0034274193548387,1.0060483870967742,,,,NEUTRAL,,NEUTRAL,,42.75772014346751,0.0,-6.7702800000000005,0.95,,2.0,11.035400000000001,-6.7702800000000005,4.2651200000000005,342,124,Deep,1,Wk8,Munich game (Wk8) — lowest scoring international venue,⚠ Munich Wk8,True,,Munich,0.674
00-0037132,Britain Covey,WR,PHI,4.87,82.8,3.0,2,2.3,2025_small_sample(1g)_regressed+rel[UNPROVEN*0.92],,none,2025_small_sample(1g)_regressed+rel[UNPROVEN*0.92],UNPROVEN,0,2.7600000000000002,,0.92,False,,,52.5,0.010582010582010581,,,0.014492753623188406,,99.21785139176443,86.51547671689036,0.05842476274702458,,1.0,,60.88709677419346,1.0108870967741934,1.0108870967741934,1.0108870967741934,,,,NEUTRAL,,NEUTRAL,,28.167569139601245,0.0,-6.779020000000001,0.95,,1.0,11.035400000000001,-6.779020000000001,4.25638,343,125,Deep,1,Wk6,London game (Wk6) — historically low scoring,⚠ London Wk6,True,,London,0.853
00-0035602,Alex Bachman,WR,LAR,4.86,82.6,0.73,1,4.6,2025_small_sample(1g)_regressed+rel[UNPROVEN*0.92],,none,2025_small_sample(1g)_regressed+rel[UNPROVEN*0.92],UNPROVEN,0,2.6666666666666665,,0.92,False,,,37.8,0.007326007326007326,,0.006622516556291391,,,99.85930184605681,71.38184056603394,0.03421094490565431,0.0,1.0,,55.94758064516125,1.0070564516129032,1.0070564516129032,1.0048387096774194,,,,NEUTRAL,,NEUTRAL,,39.24475174860568,0.0,-6.7877600000000005,0.95,,3.0,11.035400000000001,-6.7877600000000005,4.2476400000000005,344,126,Deep,1,Wk1,Melbourne game (Wk1) — historically low scoring,⚠ Melbourne Wk1,True,,Melbourne,0.853
00-0036497,Tim Jones,WR,JAX,4.86,82.6,2.0,3,1.87,2025_small_sample(1g)_regressed+rel[UNPROVEN*0.92],,none,2025_small_sample(1g)_regressed+rel[UNPROVEN*0.92],UNPROVEN,0,1.5924242424242423,,0.92,False,,,34.3,0.0027397260273972603,,,0.014492753623188406,,97.64939448084176,43.58248415247496,-0.010268025356040062,,1.0,,50.907258064516235,1.0,1.0,1.0018145161290322,,,,NEUTRAL,,NEUTRAL,,42.903654781156746,0.0,-6.7877600000000005,0.95,,1.0,11.035400000000001,-6.7877600000000005,4.2476400000000005,345,127,Deep,2,"Wk6, Wk7","2 London games (Wk6, Wk7) — historically low scoring","⚠ London x2 (Wk6,7)",True,MULTIPLE_INTL_GAMES,London,0.853
00-0037091,Bo Melton,WR,GB,4.61,78.4,,8,1.72,2024*0.30+2023*0.20+no_2025*0.72+starter_floor_soft+rel[UNPROVEN*0.92],,none,2024*0.30+2023*0.20+no_2025*0.72+starter_floor_soft+rel[UNPROVEN*0.92],UNPROVEN,1,4.373809523809524,0.0,0.92,False,,,38.5,0.015189873417721518,,0.16666666666666666,0.05263157894736842,,62.23142260224657,58.17024718521366,0.013072395496341857,,1.0,,48.48790322580654,0.9955645161290322,0.9955645161290322,1.0014112903225807,,,,NEUTRAL,,NEUTRAL,,34.26357190858192,0.0,-6.794200000000001,1.0,,,11.035400000000001,-6.794200000000001,4.2412,346,128,Deep,0,,,,False,,,1.0
00-0038618,Xavier Hutchinson,WR,HOU,4.6,78.2,5.0,9,1.8,2025*0.50+2024*0.30+2023*0.20+starter_floor_soft+rel[VOLATILE*0.88],,none,2025*0.50+2024*0.30+2023*0.20+starter_floor_soft+rel[VOLATILE*0.88],VOLATILE,3,3.152941176470588,0.4940708073987928,0.88,False,,,48.2,0.12149532710280374,0.05263157894736842,0.07547169811320754,0.12222222222222222,0.09090909090909091,89.25776340704196,71.3884009595321,0.03422144153525137,0.323,1.0086,,53.124999999999865,1.001008064516129,1.001008064516129,1.0052419354838709,0.05113636363636364,0.17490929921710885,1.8250907007828912,NEUTRAL,,NEUTRAL,,45.66608657593128,0.0,-6.803400000000001,1.0,,18.0,11.035400000000001,-6.803400000000001,4.232,347,129,Deep,1,Wk7,London game (Wk7) — historically low scoring,⚠ London Wk7,True,,London,0.853
sleeper:13345,Jonah Coleman,RB,DEN,3.25,55.2,,0,,sleeper_roster+adp_prior [availability:0.50],,none,sleeper_roster+adp_prior [availability:0.50],UNPROVEN,0,,,1.0,False,161.8,58.0,57.8,,,,,,50.0,76.00929064261045,0.04161486502817672,,1.0,,49.596774193548356,0.9981854838709677,1.001008064516129,0.9981854838709677,,,,NEUTRAL,161.8,NEUTRAL,,37.86905257814205,0.0,-6.806466666666667,1.0,,,9.796466666666667,-6.806466666666667,2.99,348,103,Handcuff,0,,,,False,,,1.0
00-0032385,Sterling Shepard,WR,NYJ,4.58,77.9,4.96,13,4.95,2025*0.50+2024*0.30+2023*0.20+starter_floor_soft+rel[VOLATILE*0.88],,none,2025*0.50+2024*0.30+2023*0.20+starter_floor_soft+rel[VOLATILE*0.88],VOLATILE,3,6.75739064856712,0.40725515092900644,0.88,False,,,47.6,0.09366391184573003,0.08333333333333333,0.1791044776119403,0.12790697674418605,0.10526315789473684,74.39053335903327,51.435893228452784,0.002297429165524454,-3.42,0.92,SNAP_FALLING,47.58064516129035,0.9959677419354839,0.9959677419354839,0.9991935483870967,0.05442176870748299,-0.6223028451403476,1.6223028451403476,NEUTRAL,,NEUTRAL,,34.62069332742053,0.0,-6.8218000000000005,1.0,,13.0,11.035400000000001,-6.8218000000000005,4.2136000000000005,349,130,Deep,0,,,,False,,,1.0
00-0036165,Isaiah Hodgins,WR,PIT,4.82,81.9,3.75,1,1.1,2025_small_sample(3g)_regressed+rel[VOLATILE*0.88],,none,2025_small_sample(3g)_regressed+rel[VOLATILE*0.88],VOLATILE,2,5.977453416149068,0.5147916082172138,0.88,False,,,40.4,0.04823151125401929,,0.05357142857142857,0.025974025974025976,0.058823529411764705,94.99560964145873,57.575124955459145,0.012120199928734633,-0.642,0.9829,,42.13709677419364,0.9923387096774193,0.9923387096774193,0.9919354838709677,0.024096385542168676,0.1888485774298262,0.8111514225701738,NEUTRAL,,NEUTRAL,,28.41952775464897,0.0,-6.822720000000001,0.95,,6.0,11.035400000000001,-6.822720000000001,4.21268,350,131,Deep,0,,,,False,,,1.0
00-0037304,Connor Heyward,TE,LV,2.22,37.7,2.35,2,2.6,2025*0.50+2023*0.20+rel[UNPROVEN*0.92],,none,2025*0.50+2023*0.20+rel[UNPROVEN*0.92],UNPROVEN,2,2.8613636363636368,0.2257082340481864,0.92,False,,,43.7,0.007518796992481203,,0.02564102564102564,0.011904761904761904,0.02531645569620253,96.7858557403678,61.7300322798174,0.018768051647707843,0.527,1.0141,,44.455645161290306,0.9937499999999999,0.9937499999999999,0.9951612903225806,0.05,1.3776971548596524,1.6223028451403476,TD_LUCK_FADE,,NEUTRAL,,37.575684974488176,0.0,-6.831276000000001,0.97,,11.0,8.812404,-6.831276000000001,1.9811280000000002,351,83,Streamer,0,,,,False,,,1.0
00-0038589,Josh Whyle,TE,GB,2.26,38.4,1.9,9,3.34,2025*0.50+2024*0.30+2023*0.20+rel[UNPROVEN*0.92],,none,2025*0.50+2024*0.30+2023*0.20+rel[UNPROVEN*0.92],UNPROVEN,1,2.7549107142857143,0.0,0.92,False,,,38.5,0.012658227848101266,0.06666666666666667,0.16666666666666666,0.02631578947368421,0.013513513513513514,64.73190992023,58.17024718521366,0.013072395496341857,0.195,1.0052,,48.48790322580654,0.9955645161290322,0.9955645161290322,1.0014112903225807,0.005747126436781609,0.7972121443574566,0.20278785564254345,NEUTRAL,,NEUTRAL,,30.32317526783521,0.0,-6.837164000000001,0.95,,7.0,8.812404,-6.837164000000001,1.9752399999999997,352,84,Streamer,0,,,,False,,,1.0
00-0037741,Jahan Dotson,WR,ATL,4.56,77.5,2.75,11,2.82,2025*0.50+2024*0.30+2023*0.20+starter_floor_soft+rel[VOLATILE*0.88],,none,2025*0.50+2024*0.30+2023*0.20+starter_floor_soft+rel[VOLATILE*0.88],VOLATILE,4,5.379333333333332,0.5090798986239492,0.88,False,,,45.3,0.07671957671957672,0.05714285714285714,0.14285714285714285,0.08695652173913043,0.078125,88.42530619962335,74.65614168324744,0.039449826693195904,-0.127,0.9966,,48.38709677419351,1.004032258064516,1.004032258064516,0.9927419354838709,0.031055900621118012,-1.0139392782127172,1.0139392782127172,TD_UNLUCKY_BUY,,NEUTRAL,,49.49431385005302,0.0,-6.840200000000001,1.0,,15.0,11.035400000000001,-6.840200000000001,4.1952,353,132,Deep,0,,,,False,,,1.0
00-0037120,Tyler Goodson,RB,DAL,3.38,57.5,0.6,5,4.32,2024_only*0.85+rel[UNPROVEN*0.92],,none,2024_only*0.85+rel[UNPROVEN*0.92],UNPROVEN,0,3.3067901234567905,,0.92,False,,,50.3,0.0029069767441860465,,0.017241379310344827,0.013888888888888888,0.012048192771084338,97.87576869811994,69.90993593103083,0.03185589748964933,0.0,1.0,,48.58870967741935,0.9973790322580645,0.9997983870967742,0.9973790322580645,0.005376344086021506,-0.20278785564254345,0.20278785564254345,NEUTRAL,,NEUTRAL,,35.928876147462326,0.0,-6.842346666666668,0.95,,7.0,9.796466666666667,-6.842346666666668,2.9541199999999996,354,104,Handcuff,0,,,,False,,,1.0
00-0035631,Drew Sample,TE,CIN,2.2,37.4,2.22,7,2.41,2025*0.50+2024*0.30+2023*0.20+rel[UNPROVEN*0.92],,none,2025*0.50+2024*0.30+2023*0.20+rel[UNPROVEN*0.92],UNPROVEN,2,2.7486071516559325,0.15900910800048787,0.92,False,,,40.8,0.032663316582914576,,0.043478260869565216,0.01020408163265306,0.012195121951219513,94.4052727752104,68.34794241910284,0.02935670787056454,-0.062,0.9983,,47.27822580645169,1.0012096774193548,1.0012096774193548,0.9933467741935483,0.006944444444444444,0.7972121443574566,0.20278785564254345,NEUTRAL,,NEUTRAL,,40.42548339033536,0.0,-6.849124000000001,0.97,,11.0,8.812404,-6.849124000000001,1.9632800000000004,355,85,Streamer,0,,,,False,,,1.0
00-0039363,Isaac Guerendo,RB,SF,3.17,53.9,,9,6.82,2024_only*0.85+starter_floor_soft+rel[UNPROVEN*0.92] [camp_notes:PUP:0.5:STICKY: Sleeper PUP. Conservative x0.50 until activated. Not a weekly starter.],,none,2024_only*0.85+starter_floor_soft+rel[UNPROVEN*0.92] [camp_notes:PUP:0.5:STICKY: Sleeper PUP. Conservative x0.50 until activated. Not a weekly starter.],UNPROVEN,1,6.823076923076925,0.0,0.92,False,,,61.5,,,,,,50.0,85.86365482399324,0.057381847718389195,,1.0,,46.774193548387075,0.9983870967741935,0.9951612903225806,0.9983870967741935,,,,NEUTRAL,,NEUTRAL,PUP,44.68115098162239,0.0,-6.880066666666668,1.0,,,9.796466666666667,-6.880066666666668,2.9164,356,105,Handcuff,2,"Wk1, Wk11",2 international games — Melbourne (Wk1); Mexico City (Wk11),⚠ Melbourne Wk1; Mexico City Wk11,True,MULTIPLE_INTL_GAMES,Melbourne,0.853
00-0040162,Dylan Sampson,RB,CLE,3.17,53.9,4.87,0,,2025_only+starter_floor_soft+rel[UNPROVEN*0.92] [availability:0.50],,none,2025_only+starter_floor_soft+rel[UNPROVEN*0.92] [availability:0.50],UNPROVEN,1,4.873333333333334,0.0,0.92,False,163.5,59.0,49.5,0.07094594594594594,0.15384615384615385,0.08108108108108109,0.06666666666666667,0.10526315789473684,87.17285071402215,30.787804878048778,-0.030739512195121957,2.556,1.0682,SNAP_RISING,51.51209677419355,0.996774193548387,1.0062499999999999,0.996774193548387,0.11016949152542373,-1.6362421233530648,2.636242123353065,BUY,163.5,BUY,,38.06729564083413,0.0,-6.880066666666668,1.0,rookie_exemption,15.0,9.796466666666667,-6.880066666666668,2.9164,357,106,Handcuff,0,,,,False,,,1.0
00-0037475,Stone Smartt,TE,NO,2.2,37.4,2.9,6,3.83,2024*0.30+2023*0.20+no_2025*0.72+rel[UNPROVEN*0.92],,none,2024*0.30+2023*0.20+no_2025*0.72+rel[UNPROVEN*0.92],UNPROVEN,0,2.7042016806722686,,0.92,False,,,43.6,,,0.0410958904109589,0.056179775280898875,,96.98322302601201,62.22868616277322,0.019565897860437158,1.385,1.0369,SNAP_RISING,54.83870967741944,1.0048387096774194,1.0048387096774194,1.0048387096774194,,,,NEUTRAL,,NEUTRAL,,38.811449158453065,0.0,-6.889604,0.95,,3.0,8.812404,-6.889604,1.9228000000000003,358,86,Streamer,0,,,,False,,,1.0
00-0040782,Isaiah Bond,WR,CLE,4.49,76.3,2.91,0,,2025_only+starter_floor_soft+rel[UNPROVEN*0.92],,none,2025_only+starter_floor_soft+rel[UNPROVEN*0.92],UNPROVEN,1,2.9066666666666667,0.0,0.92,False,,,41.5,0.08108108108108109,,0.11711711711711711,0.07777777777777778,0.07017543859649122,92.76305236517315,30.787804878048778,-0.030739512195121957,-0.509,0.9864,,51.51209677419355,1.0062499999999999,1.0062499999999999,0.996774193548387,0.03389830508474576,-0.8111514225701738,0.8111514225701738,NEUTRAL,,NEUTRAL,,32.45464143795264,0.0,-6.9046,1.0,rookie_exemption,15.0,11.035400000000001,-6.9046,4.130800000000001,359,133,Deep,0,,,,False,,,1.0
00-0032268,Marcus Mariota,QB,WAS,12.74,216.6,12.95,2,9.17,2025_only+starter_floor_soft+rel[UNPROVEN*0.92],,none,2025_only+starter_floor_soft+rel[UNPROVEN*0.92],UNPROVEN,2,12.178884792626729,0.08908861677194584,0.92,False,,,66.7,,,,,,50.0,74.4380335679125,0.03910085370866,-1.737,0.9537,SNAP_FALLING,50.60483870967736,1.0006048387096773,0.995766129032258,1.0054435483870967,0.05517241379310345,-0.6223028451403476,1.6223028451403476,NEUTRAL,,NEUTRAL,,54.49601956052689,0.0,-6.9064400000000035,0.97,,10.0,18.275616000000003,-6.9064400000000035,11.369176,360,35,Avoid,0,,,,False,,,1.0
00-0038128,Malik Willis,QB,MIA,13.0,221.0,13.29,5,8.63,2024_only*0.85+rel[UNPROVEN*0.92] [adp_ecr_floor:13.0],,none,2024_only*0.85+rel[UNPROVEN*0.92] [adp_ecr_floor:13.0],UNPROVEN,0,7.02828231292517,,0.92,False,165.0,24.0,58.3,,,,,,50.0,39.49461048193906,-0.0168086232288975,3.667,1.08,SNAP_RISING,53.326612903225936,1.003326612903226,1.0012096774193548,1.0054435483870967,0.028735632183908046,-0.013939278212717232,1.0139392782127172,NEUTRAL,165.0,NEUTRAL,,39.76261277000244,0.0,-6.913616000000003,0.95,,4.0,18.275616000000003,-6.913616000000003,11.362,361,36,Avoid,0,,,,False,,,1.0
00-0034365,Ian Thomas,TE,LV,2.12,36.0,2.56,1,0.73,2025*0.50+2023*0.20+rel[BASELINE*1.00],,none,2025*0.50+2023*0.20+rel[BASELINE*1.00],BASELINE,3,2.1363798802823193,0.07711323186723784,1.0,False,,,35.7,0.018315018315018316,,0.046357615894039736,,,94.39148048419571,61.7300322798174,0.018768051647707843,-0.675,0.982,,44.455645161290306,0.9937499999999999,0.9937499999999999,0.9951612903225806,,,,NEUTRAL,,NEUTRAL,,36.642905556998905,0.0,-6.959524000000001,0.95,,7.0,8.812404,-6.959524000000001,1.85288,362,87,Streamer,0,,,,False,,,1.0
00-0036331,Devin Duvernay,WR,ARI,4.66,79.2,1.2,3,1.37,2025_small_sample(1g)_regressed+rel[VOLATILE*0.88],,none,2025_small_sample(1g)_regressed+rel[VOLATILE*0.88],VOLATILE,3,4.164097452934663,0.3974011509873303,0.88,False,,,40.1,0.004796163069544364,,0.044444444444444446,0.02702702702702703,0.011764705882352941,93.90161635684039,63.84792616237692,0.022156681859803077,0.0,1.0,,46.975806451612925,0.9979838709677419,0.9979838709677419,0.9959677419354839,0.005025125628140704,-0.20278785564254345,0.20278785564254345,NEUTRAL,,NEUTRAL,,34.780891721556564,0.0,-6.962560000000001,0.95,,3.0,11.035400000000001,-6.962560000000001,4.07284,363,134,Deep,0,,,,False,,,1.0
00-0029738,Darren Fells,TE,TB,2.01,34.2,,0,,2020_ancient*0.40+rel[UNPROVEN*0.92],,none,2020_ancient*0.40+rel[UNPROVEN*0.92],UNPROVEN,1,4.912499999999999,0.0,0.92,False,,,46.6,,,,,,50.0,36.25093968232914,-0.021998496508273378,,1.0,,51.3104838709677,1.0004032258064515,1.0004032258064515,1.0022177419354839,,,,NEUTRAL,,NEUTRAL,,50.0,0.0,-6.963204000000001,1.0,,,8.812404,-6.963204000000001,1.8492,364,88,Streamer,0,,,,False,,,1.0
00-0033576,Eric Saubert,TE,SEA,2.11,35.9,1.02,5,2.65,2024_only*0.85+rel[UNPROVEN*0.92],,none,2024_only*0.85+rel[UNPROVEN*0.92],UNPROVEN,0,2.151068181818182,,0.92,False,,,52.5,0.020348837209302327,0.012345679012345678,,,0.04938271604938271,93.63515380427239,59.96730450368508,0.015947687205896125,0.704,1.0188,,57.76209677419364,1.0078629032258064,1.0078629032258064,1.0076612903225806,0.02,-0.8111514225701738,0.8111514225701738,NEUTRAL,,NEUTRAL,,37.80922491552269,0.0,-6.968264000000001,0.95,,5.0,8.812404,-6.968264000000001,1.84414,365,89,Streamer,0,,,,False,,,1.0
00-0036182,Nick Westbrook-Ikhine,WR,IND,4.65,79.1,1.6,13,9.21,2025*0.50+2024*0.30+2023*0.20+rel[BASELINE*1.00],,none,2025*0.50+2024*0.30+2023*0.20+rel[BASELINE*1.00],BASELINE,4,5.410541666666668,0.32461501917159885,1.0,False,,,47.4,0.028455284552845527,0.02857142857142857,0.09090909090909091,0.08,0.029850746268656716,88.84182307509278,48.981774097457205,-0.0016291614440684726,0.0,1.0,,50.8064516129032,0.9993951612903226,0.9993951612903226,1.0022177419354839,0.014598540145985401,-0.4055757112850869,0.4055757112850869,NEUTRAL,,NEUTRAL,,31.95899466371267,0.0,-6.971300000000001,0.95,,9.0,11.035400000000001,-6.971300000000001,4.0641,366,135,Deep,0,,,,False,,,1.0
00-0033955,Jeremy McNichols,RB,WAS,3.04,51.7,3.76,11,4.14,2025*0.50+2024*0.30+starter_floor_soft+rel[BASELINE*1.00] [availability:0.50],,none,2025*0.50+2024*0.30+starter_floor_soft+rel[BASELINE*1.00] [availability:0.50],BASELINE,4,3.8483333333333336,0.21280221526543328,1.0,False,,,50.7,0.0759493670886076,,0.07216494845360824,0.12280701754385964,0.058823529411764705,90.33575925172242,74.4380335679125,0.03910085370866,0.715,1.0191,,50.60483870967736,1.0054435483870967,0.995766129032258,1.0054435483870967,0.06206896551724138,-1.8250907007828912,1.8250907007828912,TD_UNLUCKY_BUY,,NEUTRAL,,33.31709932687655,0.0,-6.999666666666667,1.0,,16.0,9.796466666666667,-6.999666666666667,2.7968,367,107,Handcuff,0,,,,False,,,1.0
00-0039144,Luke Musgrave,TE,GB,1.95,33.2,2.76,3,1.14,2025*0.50+2023*0.20+starter_floor_soft+rel[VOLATILE*0.88] [camp_notes:PUP:0.5:STICKY: Sleeper PUP. Conservative x0.50 until activated. Not a weekly starter.],,none,2025*0.50+2023*0.20+starter_floor_soft+rel[VOLATILE*0.88] [camp_notes:PUP:0.5:STICKY: Sleeper PUP. Conservative x0.50 until activated. Not a weekly starter.],VOLATILE,2,3.9184699915469148,0.37256636213610056,0.88,False,,,46.5,0.07088607594936709,0.13333333333333333,,0.11842105263157894,0.013513513513513514,81.28220045395183,58.17024718521366,0.013072395496341857,1.18,1.0315,,48.48790322580654,0.9955645161290322,0.9955645161290322,1.0014112903225807,0.005747126436781609,-0.20278785564254345,0.20278785564254345,NEUTRAL,,NEUTRAL,PUP,31.11654923276166,0.0,-7.018404,1.0,,14.0,8.812404,-7.018404,1.794,368,90,Streamer,0,,,,False,,,1.0
00-0039359,Cade Stover,TE,HOU,2.05,34.8,2.24,8,2.26,2025*0.50+2024*0.30+rel[UNPROVEN*0.92],,none,2025*0.50+2024*0.30+rel[UNPROVEN*0.92],UNPROVEN,1,2.2479761904761904,0.0,0.92,False,,,48.2,0.03271028037383177,0.02631578947368421,,0.022222222222222223,0.045454545454545456,96.4841853202715,71.3884009595321,0.03422144153525137,-0.141,0.9962,,53.124999999999865,1.001008064516129,1.001008064516129,1.0052419354838709,0.05113636363636364,-1.8250907007828912,1.8250907007828912,TD_UNLUCKY_BUY,,NEUTRAL,,32.93311752355388,0.0,-7.020704000000001,0.95,,8.0,8.812404,-7.020704000000001,1.7916999999999998,369,91,Streamer,1,Wk7,London game (Wk7) — historically low scoring,⚠ London Wk7,True,,London,0.853
00-0037614,John Metchie III,WR,CAR,4.36,74.1,3.5,11,4.23,2025*0.50+2024*0.30+2023*0.20+starter_floor_soft+rel[VOLATILE*0.88],,none,2025*0.50+2024*0.30+2023*0.20+starter_floor_soft+rel[VOLATILE*0.88],VOLATILE,2,3.560677083333333,0.303079060922987,0.88,False,,,30.9,0.10734463276836158,,0.0958904109589041,0.10112359550561797,0.08196721311475409,96.25550727711709,37.364597196445956,-0.02021664448568647,-1.873,0.9501,SNAP_FALLING,39.51612903225809,0.9917338709677419,0.9917338709677419,0.9872983870967742,0.04032258064516129,-0.013939278212717232,1.0139392782127172,NEUTRAL,,NEUTRAL,,45.647714478876814,0.0,-7.0242,1.0,,12.0,11.035400000000001,-7.0242,4.0112000000000005,370,136,Deep,0,,,,False,,,1.0
00-0038555,Tank Bigsby,RB,PHI,2.99,50.8,3.01,13,8.37,2025*0.50+2024*0.30+2023*0.20+starter_floor_soft+rel[UNPROVEN*0.92] [adp_ecr_floor:6.0] [camp_notes:IR:0.5:Tank Bigsby listed as IR. ],,none,2025*0.50+2024*0.30+2023*0.20+starter_floor_soft+rel[UNPROVEN*0.92] [adp_ecr_floor:6.0] [camp_notes:IR:0.5:Tank Bigsby listed as IR. ],UNPROVEN,2,5.7045537795537795,0.3110221224667303,0.92,False,156.6,53.0,60.5,0.005291005291005291,,,0.014492753623188406,0.015625,98.14889534062775,86.51547671689036,0.05842476274702458,1.374,1.0366,SNAP_RISING,60.88709677419346,1.0108870967741934,1.0108870967741934,1.0108870967741934,0.004629629629629629,-0.20278785564254345,0.20278785564254345,NEUTRAL,156.6,NEUTRAL,IR,32.29655614131199,0.0,-7.045666666666667,1.0,,12.0,9.796466666666667,-7.045666666666667,2.7508000000000004,371,108,Handcuff,1,Wk6,London game (Wk6) — historically low scoring,⚠ London Wk6,True,,London,0.853
00-0037755,Jelani Woods,TE,NYJ,1.89,32.1,0.45,0,,2022_ancient*0.40+rel[UNPROVEN*0.92],,none,2022_ancient*0.40+rel[UNPROVEN*0.92],UNPROVEN,1,5.141666666666667,0.0,0.92,False,,,39.6,0.005649717514124294,,0.0045662100456621,,0.01639344262295082,97.86464658939391,51.435893228452784,0.002297429165524454,0.0,1.0,,47.58064516129035,0.9959677419354839,0.9959677419354839,0.9991935483870967,0.008064516129032258,-0.20278785564254345,0.20278785564254345,NEUTRAL,,NEUTRAL,,38.1346343431145,0.0,-7.073604000000001,1.0,rookie_exemption,2.0,8.812404,-7.073604000000001,1.7388,372,92,Streamer,0,,,,False,,,1.0
00-0039920,Malachi Corley,WR,CLE,4.29,72.9,2.17,2,1.14,2025_only+starter_floor_soft+rel[UNPROVEN*0.92],,none,2025_only+starter_floor_soft+rel[UNPROVEN*0.92],UNPROVEN,1,1.968,0.0,0.92,False,,,41.5,0.033783783783783786,0.07692307692307693,0.009009009009009009,,0.017543859649122806,89.53597641738544,30.787804878048778,-0.030739512195121957,0.555,1.0148,,51.51209677419355,1.0062499999999999,1.0062499999999999,0.996774193548387,0.025423728813559324,-0.6083635669276304,0.6083635669276304,NEUTRAL,,NEUTRAL,,36.34372971759883,0.0,-7.088600000000001,1.0,,12.0,11.035400000000001,-7.088600000000001,3.9468,373,137,Deep,0,,,,False,,,1.0
00-0036887,Luke Farrell,TE,SF,1.91,32.5,2.42,4,1.27,2025*0.50+2024*0.30+2023*0.20+rel[UNPROVEN*0.92],,none,2025*0.50+2024*0.30+2023*0.20+rel[UNPROVEN*0.92],UNPROVEN,0,1.875508080808081,,0.92,False,,,61.5,0.02926829268292683,,0.056338028169014086,,0.042105263157894736,95.57757233059854,85.86365482399324,0.057381847718389195,0.0,1.0,,46.774193548387075,0.9951612903225806,0.9951612903225806,0.9983870967741935,0.02,1.1888485774298263,0.8111514225701738,TD_LUCK_FADE,,NEUTRAL,,44.42248008581174,0.0,-7.107920000000001,0.97,,11.0,8.812404,-7.107920000000001,1.704484,374,93,Streamer,2,"Wk1, Wk11",2 international games — Melbourne (Wk1); Mexico City (Wk11),⚠ Melbourne Wk1; Mexico City Wk11,True,MULTIPLE_INTL_GAMES,Melbourne,0.853
00-0036876,Kylen Granson,TE,TEN,1.95,33.2,1.88,7,1.8,2024*0.30+2023*0.20+no_2025*0.72+rel[EMERGING*1.03],,none,2024*0.30+2023*0.20+no_2025*0.72+rel[EMERGING*1.03],EMERGING,2,2.9315285996055227,0.059914484772436064,1.03,False,,,39.3,0.023809523809523808,,,0.028985507246376812,0.015625,97.79987722198065,43.59991239936847,-0.010240140161010448,,1.0,,51.008064516129046,1.0006048387096773,1.0006048387096773,1.0014112903225807,0.006211180124223602,-0.20278785564254345,0.20278785564254342,NEUTRAL,,NEUTRAL,,31.10959296618522,0.0,-7.108104000000001,0.95,,4.0,8.812404,-7.108104000000001,1.7043,375,94,Streamer,0,,,,False,,,1.0
00-0040218,Jimmy Horn Jr.,WR,CLE,4.21,71.6,2.11,0,,2025_only+starter_floor_soft+rel[UNPROVEN*0.92],,none,2025_only+starter_floor_soft+rel[UNPROVEN*0.92],UNPROVEN,1,2.109090909090909,0.0,0.92,False,,,41.5,0.04504504504504504,,0.009900990099009901,0.0379746835443038,0.038461538461538464,94.58473326337909,30.787804878048778,-0.030739512195121957,0.225,1.006,,51.51209677419355,1.0062499999999999,1.0062499999999999,0.996774193548387,0.0196078431372549,-0.6083635669276304,0.6083635669276304,NEUTRAL,,NEUTRAL,,37.59739138521422,0.0,-7.1622,1.0,rookie_exemption,11.0,11.035400000000001,-7.1622,3.8732,376,138,Deep,0,,,,False,,,1.0
00-0037306,John FitzPatrick,TE,CLE,1.79,30.4,1.92,0,0.7,2025_only+rel[UNPROVEN*0.92],,none,2025_only+rel[UNPROVEN*0.92],UNPROVEN,0,1.8833333333333335,,0.92,False,,,49.5,0.03291139240506329,0.06666666666666667,,,0.05405405405405406,94.42942862855467,30.787804878048778,-0.030739512195121957,0.539,1.0144,,51.51209677419355,1.0062499999999999,1.0062499999999999,0.996774193548387,0.022988505747126436,0.1888485774298262,0.8111514225701738,NEUTRAL,,NEUTRAL,,36.329404242739706,0.0,-7.165604000000001,1.0,rookie_exemption,10.0,8.812404,-7.165604000000001,1.6468,377,95,Streamer,0,,,,False,,,1.0
00-0037329,Brittain Brown,RB,CHI,2.83,48.1,9.7,0,,2025_small_sample(1g)_regressed+rel[UNPROVEN*0.92] [availability:0.50],,none,2025_small_sample(1g)_regressed+rel[UNPROVEN*0.92] [availability:0.50],UNPROVEN,0,9.7,,0.92,False,,,42.9,0.002398081534772182,,,0.009009009009009009,,98.67781450515264,46.724480763023614,-0.0052408307791622175,,1.0,,46.27016129032258,0.9981854838709677,0.9943548387096773,0.9981854838709677,,,,NEUTRAL,,NEUTRAL,,39.19634934786036,0.0,-7.192866666666667,1.0,rookie_exemption,1.0,9.796466666666667,-7.192866666666667,2.6036,378,109,Handcuff,0,,,,False,,,1.0
00-0040509,Ben Yurosek,TE,MIN,1.75,29.8,1.2,0,,2025_small_sample(1g)_regressed+rel[UNPROVEN*0.92] [availability:0.50],,none,2025_small_sample(1g)_regressed+rel[UNPROVEN*0.92] [availability:0.50],UNPROVEN,0,1.2,,0.92,False,,,41.7,,,0.029411764705882353,0.015151515151515152,,97.14795008912655,58.576588592797,0.013722541748475203,,1.0,,58.0645161290323,1.0088709677419354,1.0088709677419354,1.007258064516129,,,,NEUTRAL,,NEUTRAL,,30.02523121085289,0.0,-7.2024040000000005,1.0,rookie_exemption,2.0,8.812404,-7.2024040000000005,1.61,379,96,Streamer,1,Wk11,Mexico City game (Wk11) — mild scoring impact historically,⚠ Mexico City Wk11,True,,Mexico City,0.9
00-0039530,Brevyn Spann-Ford,TE,DAL,1.8,30.6,1.95,3,2.22,2025_only+rel[UNPROVEN*0.92],,none,2025_only+rel[UNPROVEN*0.92],UNPROVEN,0,2.05,,0.92,False,,,42.3,0.027777777777777776,0.030303030303030304,0.00980392156862745,,0.019230769230769232,96.78416162805318,69.90993593103083,0.03185589748964933,0.197,1.0053,,48.58870967741935,0.9997983870967742,0.9997983870967742,0.9973790322580645,0.010309278350515464,0.5944242887149132,0.4055757112850869,NEUTRAL,,NEUTRAL,,37.42524269381071,0.0,-7.206084000000001,0.97,,10.0,8.812404,-7.206084000000001,1.6063200000000002,380,97,Streamer,0,,,,False,,,1.0
00-0039603,British Brooks,RB,HOU,2.81,47.8,2.6,0,0.2,2025_small_sample(2g)_regressed+rel[UNPROVEN*0.92] [availability:0.50],,none,2025_small_sample(2g)_regressed+rel[UNPROVEN*0.92] [availability:0.50],UNPROVEN,0,2.6,,0.92,False,,,48.2,,,,,,50.0,71.3884009595321,0.03422144153525137,,1.0,,53.124999999999865,1.0052419354838709,1.001008064516129,1.0052419354838709,0.011363636363636364,-0.4055757112850869,0.4055757112850869,NEUTRAL,,NEUTRAL,,35.02973779942862,0.0,-7.211266666666667,1.0,rookie_exemption,3.0,9.796466666666667,-7.211266666666667,2.5852,381,110,Handcuff,1,Wk7,London game (Wk7) — historically low scoring,⚠ London Wk7,True,,London,0.853
00-0040244,Moliki Matavao,TE,NO,1.74,29.6,2.0,0,,2025_small_sample(1g)_regressed+rel[UNPROVEN*0.92] [availability:0.50],,none,2025_small_sample(1g)_regressed+rel[UNPROVEN*0.92] [availability:0.50],UNPROVEN,0,2.0,,0.92,False,,,51.6,0.006734006734006734,,,,,50.0,62.22868616277322,0.019565897860437158,0.0,1.0,,54.83870967741944,1.0048387096774194,1.0048387096774194,1.0048387096774194,,,,NEUTRAL,,NEUTRAL,,37.43027211732382,0.0,-7.211604000000001,1.0,rookie_exemption,1.0,8.812404,-7.211604000000001,1.6008,382,98,Streamer,0,,,,False,,,1.0
00-0036265,AJ Dillon,RB,CAR,2.79,47.4,1.6,0,,2025*0.50+2023*0.20+rel[VOLATILE*0.88],,none,2025*0.50+2023*0.20+rel[VOLATILE*0.88],VOLATILE,4,7.598199739328773,0.28903973538876787,0.88,False,,,38.9,0.0026455026455026454,,0.09523809523809523,,0.015625,71.62652525143413,37.364597196445956,-0.02021664448568647,,1.0,,39.51612903225809,0.9872983870967742,0.9917338709677419,0.9872983870967742,0.018633540372670808,-0.6083635669276304,0.6083635669276304,NEUTRAL,,NEUTRAL,,36.08289699663441,0.0,-7.229666666666667,1.0,rookie_exemption,6.0,9.796466666666667,-7.229666666666667,2.5668,383,111,Handcuff,0,,,,False,,,1.0
00-0037258,Dameon Pierce,RB,PHI,2.93,49.8,1.15,5,4.09,2024*0.30+2023*0.20+no_2025*0.72+rel[VOLATILE*0.88],,none,2024*0.30+2023*0.20+no_2025*0.72+rel[VOLATILE*0.88],VOLATILE,2,7.692542940930037,0.40320195486271276,0.88,False,,,52.5,0.002336448598130841,,,,,50.0,86.51547671689036,0.05842476274702458,,1.0,,60.88709677419346,1.0108870967741934,1.0108870967741934,1.0108870967741934,0.005681818181818182,-0.20278785564254345,0.20278785564254345,NEUTRAL,,NEUTRAL,,28.125265784489624,0.0,-7.235646666666668,0.95,,3.0,9.796466666666667,-7.235646666666668,2.56082,384,112,Handcuff,1,Wk6,London game (Wk6) — historically low scoring,⚠ London Wk6,True,,London,0.853
00-0040676,Cam Ward,QB,TEN,11.98,203.7,11.8,0,,2025_only+starter_floor_soft+rel[UNPROVEN*0.92],,none,2025_only+starter_floor_soft+rel[UNPROVEN*0.92],UNPROVEN,1,11.803529411764705,0.0,0.92,False,,,67.3,,,,,,50.0,43.59991239936847,-0.010240140161010448,-0.671,0.9821,,51.008064516129046,1.001008064516129,1.0006048387096773,1.0014112903225807,0.10416666666666667,-0.027878556425434464,2.0278785564254345,NEUTRAL,,NEUTRAL,,45.93321975574181,8.0,-7.254016000000002,1.0,rookie_exemption,17.0,18.275616000000003,-7.254016000000002,11.021600000000001,385,37,Avoid,0,,,,False,,,1.0
00-0037348,Tanner Conner,TE,NE,1.78,30.3,1.94,1,1.55,2025_only+rel[UNPROVEN*0.92],,none,2025_only+rel[UNPROVEN*0.92],UNPROVEN,0,1.886734693877551,,0.92,False,,,53.2,0.016260162601626018,0.02857142857142857,0.06363636363636363,0.04,0.04477611940298507,93.63370721263516,66.2210769855281,0.02595372317684496,,1.0,,49.899193548387125,0.9961693548387096,0.9961693548387096,1.0036290322580645,0.021897810218978103,-0.6083635669276304,0.6083635669276304,NEUTRAL,,NEUTRAL,,32.01029284698966,0.0,-7.256684000000001,0.95,,7.0,8.812404,-7.256684000000001,1.55572,386,99,Streamer,0,,,,False,,,1.0
00-0039737,Tip Reiman,TE,ARI,1.75,29.8,1.1,3,1.34,2025_small_sample(2g)_regressed+rel[UNPROVEN*0.92] [camp_notes:PUP:0.5:STICKY: Sleeper PUP. Conservative x0.50 until activated. Not a weekly starter.],,none,2025_small_sample(2g)_regressed+rel[UNPROVEN*0.92] [camp_notes:PUP:0.5:STICKY: Sleeper PUP. Conservative x0.50 until activated. Not a weekly starter.],UNPROVEN,0,1.2440000000000002,,0.92,False,,,48.1,0.009287925696594427,0.03571428571428571,,,,94.71472799646175,63.84792616237692,0.022156681859803077,,1.0,,46.975806451612925,0.9979838709677419,0.9979838709677419,0.9959677419354839,,,,NEUTRAL,,NEUTRAL,PUP,34.780891721556564,0.0,-7.282904,0.95,,3.0,8.812404,-7.282904,1.5295,387,100,Streamer,0,,,,False,,,1.0
00-0038394,Will Mallory,TE,IND,1.74,29.6,2.1,3,0.7,2025_small_sample(1g)_regressed+rel[UNPROVEN*0.92] [availability:0.50],,none,2025_small_sample(1g)_regressed+rel[UNPROVEN*0.92] [availability:0.50],UNPROVEN,1,2.1500000000000004,0.0,0.92,False,,,63.4,0.0029069767441860465,,,,,50.0,48.981774097457205,-0.0016291614440684726,0.0,1.0,,50.8064516129032,0.9993951612903226,0.9993951612903226,1.0022177419354839,,,,NEUTRAL,,NEUTRAL,,31.95899466371267,0.0,-7.291644000000001,0.95,,1.0,8.812404,-7.291644000000001,1.52076,388,101,Streamer,0,,,,False,,,1.0
00-0039355,Luke McCaffrey,WR,WAS,4.28,72.8,6.26,9,1.98,2025*0.50+2024*0.30+rel[UNPROVEN*0.92],,none,2025*0.50+2024*0.30+rel[UNPROVEN*0.92],UNPROVEN,1,3.6936263736263735,0.0,0.92,False,,,50.7,0.03375527426160337,0.2857142857142857,0.030927835051546393,0.017543859649122806,0.058823529411764705,59.57388526452516,74.4380335679125,0.03910085370866,,1.0,,50.60483870967736,0.995766129032258,0.995766129032258,1.0054435483870967,0.020689655172413793,0.3916364330723696,0.6083635669276304,NEUTRAL,,NEUTRAL,,32.64014178311193,0.0,-7.294680000000001,0.95,,7.0,11.035400000000001,-7.294680000000001,3.74072,389,139,Deep,0,,,,False,,,1.0
00-0040668,Shedeur Sanders,QB,CLE,11.91,202.5,10.86,0,,2025_only+starter_floor_soft+rel[UNPROVEN*0.92],,none,2025_only+starter_floor_soft+rel[UNPROVEN*0.92],UNPROVEN,1,10.8625,0.0,0.92,False,,,69.5,,,,,,50.0,30.787804878048778,-0.030739512195121957,1.239,1.0331,,51.51209677419355,1.0015120967741935,1.0062499999999999,0.996774193548387,0.01694915254237288,0.5944242887149132,0.4055757112850869,NEUTRAL,,NEUTRAL,,18.303171841758655,0.0,-7.318416000000003,1.0,rookie_exemption,8.0,18.275616000000003,-7.318416000000003,10.9572,390,38,Avoid,0,,,,False,,,1.0
00-0034959,Andrew Beck,RB,NYJ,2.66,45.2,2.86,0,,2025_only+rel[UNPROVEN*0.92],,none,2025_only+rel[UNPROVEN*0.92],UNPROVEN,0,2.857142857142857,,0.92,False,,,31.6,0.005649717514124294,,0.0273972602739726,,0.03278688524590164,95.30782297211465,51.435893228452784,0.002297429165524454,0.365,1.0097,,47.58064516129035,0.9991935483870967,0.9959677419354839,0.9991935483870967,0.024193548387096774,1.3916364330723696,0.6083635669276304,TD_LUCK_FADE,,NEUTRAL,,38.936096530210506,0.0,-7.349266666666667,1.0,rookie_exemption,7.0,9.796466666666667,-7.349266666666667,2.4472,391,113,Handcuff,0,,,,False,,,1.0
00-0030181,Jack Doyle,TE,IND,1.59,27.0,,0,,2021_ancient*0.40+rel[UNPROVEN*0.92],,none,2021_ancient*0.40+rel[UNPROVEN*0.92],UNPROVEN,2,4.695952380952381,0.0814784769051361,0.92,False,,,47.4,,,,,,50.0,48.981774097457205,-0.0016291614440684726,,1.0,,50.8064516129032,0.9993951612903226,0.9993951612903226,1.0022177419354839,,,,NEUTRAL,,NEUTRAL,,50.0,0.0,-7.349604000000001,1.0,,,8.812404,-7.349604000000001,1.4628,392,102,Streamer,0,,,,False,,,1.0
00-0036628,John Bates,TE,WAS,1.67,28.4,2.42,7,1.15,2025*0.50+2024*0.30+2023*0.20+rel[VOLATILE*0.88],,none,2025*0.50+2024*0.30+2023*0.20+rel[VOLATILE*0.88],VOLATILE,2,2.3657465657465657,0.41446513955312664,0.88,False,,,50.7,0.04219409282700422,,0.041237113402061855,,0.0392156862745098,99.50338241238093,74.4380335679125,0.03910085370866,-0.161,0.9957,,50.60483870967736,0.995766129032258,0.995766129032258,1.0054435483870967,0.013793103448275862,0.5944242887149132,0.4055757112850869,NEUTRAL,,NEUTRAL,,33.79866545911016,0.0,-7.352824000000001,0.95,,9.0,8.812404,-7.352824000000001,1.4595799999999999,393,103,Streamer,0,,,,False,,,1.0
00-0037557,Ronnie Rivers,RB,LAR,2.79,47.4,1.53,3,2.77,2025_small_sample(1g)_regressed+rel[UNPROVEN*0.92] [availability:0.50],,none,2025_small_sample(1g)_regressed+rel[UNPROVEN*0.92] [availability:0.50],UNPROVEN,0,2.9109848484848486,,0.92,False,,,45.8,0.0018832391713747645,,,0.01098901098901099,,98.17884563647276,71.38184056603394,0.03421094490565431,0.0,1.0,,55.94758064516125,1.0048387096774194,1.0070564516129032,1.0048387096774194,,,,NEUTRAL,,NEUTRAL,,40.873370859355816,0.0,-7.358006666666667,0.95,,3.0,9.796466666666667,-7.358006666666667,2.43846,394,114,Handcuff,1,Wk1,Melbourne game (Wk1) — historically low scoring,⚠ Melbourne Wk1,True,,Melbourne,0.853
00-0037539,Lucas Krull,TE,DEN,1.66,28.2,1.25,7,2.31,2024*0.30+2023*0.20+no_2025*0.72+rel[UNPROVEN*0.92],,none,2024*0.30+2023*0.20+no_2025*0.72+rel[UNPROVEN*0.92],UNPROVEN,0,2.2928071928071927,,0.92,False,,,49.8,0.008113590263691683,,,0.01098901098901099,,99.42491585493613,76.00929064261045,0.04161486502817672,,1.0,,49.596774193548356,1.001008064516129,1.001008064516129,0.9981854838709677,,,,NEUTRAL,,NEUTRAL,,35.620922792345894,0.0,-7.361564000000001,0.95,,2.0,8.812404,-7.361564000000001,1.45084,395,104,Streamer,0,,,,False,,,1.0
00-0036741,Jack Stoll,TE,SF,1.58,26.9,1.7,1,1.0,2025_only+rel[UNPROVEN*0.92],,none,2025_only+rel[UNPROVEN*0.92],UNPROVEN,0,1.607777777777778,,0.92,False,,,53.5,0.016835016835016835,,0.035398230088495575,0.009708737864077669,0.019230769230769232,96.24084816681963,85.86365482399324,0.057381847718389195,0.291,1.0078,,46.774193548387075,0.9951612903225806,0.9951612903225806,0.9983870967741935,0.008403361344537815,0.7972121443574566,0.20278785564254345,NEUTRAL,,NEUTRAL,,45.10693524407017,0.0,-7.431484000000001,0.95,,8.0,8.812404,-7.431484000000001,1.3809200000000001,396,105,Streamer,2,"Wk1, Wk11",2 international games — Melbourne (Wk1); Mexico City (Wk11),⚠ Melbourne Wk1; Mexico City Wk11,True,MULTIPLE_INTL_GAMES,Melbourne,0.853
00-0037666,Jalen Tolbert,WR,MIA,4.02,68.3,3.21,16,7.5,2025*0.50+2024*0.30+2023*0.20+rel[VOLATILE*0.88],,none,2025*0.50+2024*0.30+2023*0.20+rel[VOLATILE*0.88],VOLATILE,2,5.268678380443086,0.37417895515246413,0.88,False,,,38.3,0.06666666666666667,0.030303030303030304,0.06862745098039216,0.06944444444444445,0.04807692307692308,93.86773058844524,39.49461048193906,-0.0168086232288975,0.0,1.0,,53.326612903225936,1.0012096774193548,1.0012096774193548,1.0054435483870967,0.02577319587628866,-1.0139392782127172,1.0139392782127172,TD_UNLUCKY_BUY,,NEUTRAL,,25.44497112931471,0.0,-7.447952000000001,0.97,,11.0,11.035400000000001,-7.447952000000001,3.5874479999999997,397,140,Deep,0,,,,False,,,1.0
00-0038040,Zamir White,RB,NO,2.66,45.2,1.52,6,3.29,2024*0.30+2023*0.20+no_2025*0.72+rel[UNPROVEN*0.92],,none,2024*0.30+2023*0.20+no_2025*0.72+rel[UNPROVEN*0.92],UNPROVEN,1,3.4957508281192493,0.0,0.92,False,,,43.6,0.01098901098901099,,0.013245033112582781,,,99.54879557528564,62.22868616277322,0.019565897860437158,0.0,1.0,,54.83870967741944,1.0048387096774194,1.0048387096774194,1.0048387096774194,,,,NEUTRAL,,NEUTRAL,,37.380365652444,0.0,-7.471626666666667,0.95,,5.0,9.796466666666667,-7.471626666666667,2.32484,398,115,Handcuff,0,,,,False,,,1.0
00-0037231,Kevin Austin Jr.,WR,NO,4.03,68.5,5.3,7,2.69,2025*0.50+2024*0.30+rel[UNPROVEN*0.92],,none,2025*0.50+2024*0.30+rel[UNPROVEN*0.92],UNPROVEN,0,3.6374999999999997,,0.92,False,,,43.6,0.06734006734006734,,0.008849557522123894,0.02912621359223301,0.038461538461538464,91.57944878635071,62.22868616277322,0.019565897860437158,0.536,1.0143,,54.83870967741944,1.0048387096774194,1.0048387096774194,1.0048387096774194,0.01680672268907563,0.5944242887149132,0.4055757112850869,NEUTRAL,,NEUTRAL,,34.76461344675424,0.0,-7.513180000000001,0.95,,5.0,11.035400000000001,-7.513180000000001,3.52222,399,141,Deep,0,,,,False,,,1.0
00-0037277,Teagan Quitoriano,TE,ARI,1.41,24.0,,0,,2022_ancient*0.40+rel[UNPROVEN*0.92],,none,2022_ancient*0.40+rel[UNPROVEN*0.92],UNPROVEN,0,3.0301587301587305,,0.92,False,,,40.1,,,,,,50.0,63.84792616237692,0.022156681859803077,,1.0,,46.975806451612925,0.9979838709677419,0.9979838709677419,0.9959677419354839,,,,NEUTRAL,,NEUTRAL,,34.780891721556564,0.0,-7.515204000000001,1.0,,,8.812404,-7.515204000000001,1.2972,400,106,Streamer,0,,,,False,,,1.0
00-0037004,Hunter Long,TE,ARI,1.47,25.0,3.79,5,2.16,2025*0.50+2024*0.30+rel[UNPROVEN*0.92] [availability:0.50],,none,2025*0.50+2024*0.30+rel[UNPROVEN*0.92] [availability:0.50],UNPROVEN,0,2.8300099206349203,,0.92,False,,,40.1,0.03287671232876712,,0.06666666666666667,0.028985507246376812,0.0425531914893617,94.13830378115932,63.84792616237692,0.022156681859803077,,1.0,,46.975806451612925,0.9979838709677419,0.9979838709677419,0.9959677419354839,0.018518518518518517,1.1888485774298263,0.8111514225701738,TD_LUCK_FADE,,NEUTRAL,,32.243826774626584,0.0,-7.527624000000001,0.95,,7.0,8.812404,-7.527624000000001,1.28478,401,107,Streamer,0,,,,False,,,1.0
00-0036427,Tyler Johnson,WR,NYJ,3.95,67.2,3.52,9,4.37,2025*0.50+2024*0.30+rel[EMERGING*1.03],,none,2025*0.50+2024*0.30+rel[EMERGING*1.03],EMERGING,3,3.7408841997077293,0.1503172596318866,1.03,False,,,31.6,0.02824858757062147,,0.0365296803652968,0.0449438202247191,0.04918032786885246,96.78405585867385,51.435893228452784,0.002297429165524454,0.0,1.0,,47.58064516129035,0.9959677419354839,0.9959677419354839,0.9991935483870967,0.024193548387096774,0.3916364330723696,0.6083635669276304,NEUTRAL,,NEUTRAL,,38.5996403713204,0.0,-7.583100000000001,0.95,,9.0,11.035400000000001,-7.583100000000001,3.4523,402,142,Deep,0,,,,False,,,1.0
sleeper:13417,De'Zhaun Stribling,WR,SF,3.75,63.8,,0,,sleeper_roster+adp_prior [availability:0.50],,none,sleeper_roster+adp_prior [availability:0.50],UNPROVEN,0,,,1.0,False,126.2,56.0,61.5,,,,,,50.0,85.86365482399324,0.057381847718389195,,1.0,,46.774193548387075,0.9951612903225806,0.9951612903225806,0.9983870967741935,,,,NEUTRAL,126.2,NEUTRAL,,44.75782421519167,0.0,-7.585400000000001,1.0,,,11.035400000000001,-7.585400000000001,3.45,403,143,Deep,2,"Wk1, Wk11",2 international games — Melbourne (Wk1); Mexico City (Wk11),⚠ Melbourne Wk1; Mexico City Wk11,True,MULTIPLE_INTL_GAMES,Melbourne,0.853
00-0036271,Quez Watkins,WR,IND,3.73,63.4,,0,,2023_old*0.80+rel[UNPROVEN*0.92],,none,2023_old*0.80+rel[UNPROVEN*0.92],UNPROVEN,2,4.867792792792793,0.16948133068060892,0.92,False,,,47.4,,,,,,50.0,48.981774097457205,-0.0016291614440684726,,1.0,,50.8064516129032,0.9993951612903226,0.9993951612903226,1.0022177419354839,,,,NEUTRAL,,NEUTRAL,,31.95899466371267,0.0,-7.6038000000000014,1.0,,,11.035400000000001,-7.6038000000000014,3.4316,404,144,Deep,0,,,,False,,,1.0
00-0032398,Chris Moore,WR,BAL,3.72,63.2,4.14,0,,2025*0.50+2023*0.20+rel[UNPROVEN*0.92],,none,2025*0.50+2023*0.20+rel[UNPROVEN*0.92],UNPROVEN,2,4.930791666666667,0.22849610018675154,0.92,False,,,33.0,0.05907172995780591,0.14285714285714285,0.030927835051546393,0.03508771929824561,0.0392156862745098,83.2632480432597,59.32767737944676,0.014924283807114818,0.0,1.0,,48.89112903225801,0.9971774193548386,0.9971774193548386,1.0006048387096773,0.013793103448275862,-0.4055757112850869,0.4055757112850869,NEUTRAL,,NEUTRAL,,59.6407936887822,0.0,-7.613000000000001,1.0,rookie_exemption,8.0,11.035400000000001,-7.613000000000001,3.4224,405,145,Deep,0,,,,False,,,1.0
00-0039746,Will Shipley,RB,PHI,2.37,40.3,1.34,4,4.57,2025*0.50+2024*0.30+rel[UNPROVEN*0.92],,none,2025*0.50+2024*0.30+rel[UNPROVEN*0.92],UNPROVEN,0,2.631666666666667,,0.92,False,,,52.5,0.026455026455026454,0.05714285714285714,,0.028985507246376812,0.015625,93.86770212140267,86.51547671689036,0.05842476274702458,0.414,1.011,,60.88709677419346,1.0108870967741934,1.0108870967741934,1.0108870967741934,0.006211180124223602,-0.20278785564254345,0.20278785564254342,NEUTRAL,,NEUTRAL,,36.14323644963041,0.0,-7.616066666666667,1.0,,12.0,9.796466666666667,-7.616066666666667,2.1804,406,116,Handcuff,1,Wk6,London game (Wk6) — historically low scoring,⚠ London Wk6,True,,London,0.853
00-0033439,Pharaoh Brown,TE,IND,1.34,22.8,1.1,5,1.06,2024*0.30+2023*0.20+no_2025*0.72+rel[UNPROVEN*0.92],,none,2024*0.30+2023*0.20+no_2025*0.72+rel[UNPROVEN*0.92],UNPROVEN,1,2.678577441077441,0.0,0.92,False,,,47.4,,,0.010869565217391304,,0.009523809523809525,99.73084886128365,48.981774097457205,-0.0016291614440684726,0.0,1.0,,50.8064516129032,0.9993951612903226,0.9993951612903226,1.0022177419354839,0.006369426751592357,-0.20278785564254345,0.20278785564254345,NEUTRAL,,NEUTRAL,,31.95899466371267,0.0,-7.641244,0.95,,1.0,8.812404,-7.641244,1.17116,407,108,Streamer,0,,,,False,,,1.0
00-0036984,Trey Sermon,RB,ATL,2.32,39.4,,10,3.27,2024*0.30+2023*0.20+no_2025*0.72+starter_floor_soft+rel[UNPROVEN*0.92] [availability:0.50],,none,2024*0.30+2023*0.20+no_2025*0.72+starter_floor_soft+rel[UNPROVEN*0.92] [availability:0.50],UNPROVEN,1,3.338571428571429,0.0,0.92,False,,,53.3,,,,,,50.0,74.65614168324744,0.039449826693195904,,1.0,,48.38709677419351,0.9927419354838709,1.004032258064516,0.9927419354838709,,,,NEUTRAL,,NEUTRAL,,35.46297547226753,0.0,-7.662066666666668,1.0,,,9.796466666666667,-7.662066666666668,2.1344,408,117,Handcuff,0,,,,False,,,1.0
00-0035567,Craig Reynolds,RB,WAS,2.44,41.5,0.4,5,2.77,2024*0.30+2023*0.20+no_2025*0.72+rel[UNPROVEN*0.92],,none,2024*0.30+2023*0.20+no_2025*0.72+rel[UNPROVEN*0.92],UNPROVEN,0,4.405011337868482,,0.92,False,,,50.7,,,,,,50.0,74.4380335679125,0.03910085370866,,1.0,,50.60483870967736,1.0054435483870967,0.995766129032258,1.0054435483870967,,,,NEUTRAL,,NEUTRAL,,32.69266934243603,0.0,-7.6639066666666675,0.95,,1.0,9.796466666666667,-7.6639066666666675,2.1325600000000002,409,118,Handcuff,0,,,,False,,,1.0
00-0039451,Isaiah Williams,WR,NYJ,3.83,65.1,3.97,1,1.6,2025_only+rel[UNPROVEN*0.92],,none,2025_only+rel[UNPROVEN*0.92],UNPROVEN,0,3.6708333333333334,,0.92,False,,,31.6,0.04519774011299435,,0.1095890410958904,0.0898876404494382,0.01639344262295082,85.35483825129732,51.435893228452784,0.002297429165524454,1.823,1.0486,SNAP_RISING,47.58064516129035,0.9959677419354839,0.9959677419354839,0.9991935483870967,0.008064516129032258,-0.20278785564254345,0.20278785564254345,NEUTRAL,,NEUTRAL,,43.59386746222457,0.0,-7.687980000000001,0.95,,9.0,11.035400000000001,-7.687980000000001,3.34742,410,146,Deep,0,,,,False,,,1.0
00-0031387,Eric Ebron,TE,PIT,1.21,20.6,,0,,2021_ancient*0.40+rel[UNPROVEN*0.92],,none,2021_ancient*0.40+rel[UNPROVEN*0.92],UNPROVEN,1,6.727678571428571,0.0,0.92,False,,,40.4,,,,,,50.0,57.575124955459145,0.012120199928734633,,1.0,,42.13709677419364,0.9923387096774193,0.9923387096774193,0.9919354838709677,,,,NEUTRAL,,NEUTRAL,,50.0,0.0,-7.699204000000001,1.0,,,8.812404,-7.699204000000001,1.1132,411,109,Streamer,0,,,,False,,,1.0
00-0037077,Sam Howell,QB,DAL,11.48,195.2,,0,-0.84,2023_old*0.80+rel[UNPROVEN*0.92],,none,2023_old*0.80+rel[UNPROVEN*0.92],UNPROVEN,1,15.31625,0.0,0.92,False,,,58.3,,,,,,50.0,69.90993593103083,0.03185589748964933,,1.0,,48.58870967741935,0.9985887096774193,0.9997983870967742,0.9973790322580645,,,,NEUTRAL,,NEUTRAL,,17.07997426938272,0.0,-7.714016000000003,1.0,,,18.275616000000003,-7.714016000000003,10.5616,412,39,Avoid,0,,,,False,,,1.0
00-0023500,Frank Gore,RB,BUF,2.26,38.4,,0,,2020_ancient*0.40+rel[UNPROVEN*0.92],,none,2020_ancient*0.40+rel[UNPROVEN*0.92],UNPROVEN,1,6.146666666666666,0.0,0.92,False,,,49.0,,,,,,50.0,58.025835662374284,0.012841337059798855,,1.0,,43.85080645161299,0.9923387096774193,0.9953629032258065,0.9923387096774193,,,,NEUTRAL,,NEUTRAL,,50.0,0.0,-7.717266666666667,1.0,,,9.796466666666667,-7.717266666666667,2.0791999999999997,413,119,Handcuff,0,,,,False,,,1.0
00-0039376,Spencer Rattler,QB,NO,12.08,205.4,11.4,7,9.61,2025*0.50+2024*0.30+starter_floor_soft+rel[UNPROVEN*0.92],,none,2025*0.50+2024*0.30+starter_floor_soft+rel[UNPROVEN*0.92],UNPROVEN,1,10.567703703703703,0.0,0.92,False,,,59.6,0.006734006734006734,,,0.009708737864077669,0.019230769230769232,97.86797048365247,62.22868616277322,0.019565897860437158,0.0,1.0,,54.83870967741944,1.0048387096774194,1.0048387096774194,1.0048387096774194,0.05042016806722689,-1.2167271338552608,1.2167271338552608,TD_UNLUCKY_BUY,,NEUTRAL,,18.8852051089998,0.0,-7.717696000000004,0.95,,9.0,18.275616000000003,-7.717696000000004,10.55792,414,40,Avoid,0,,,,False,,,1.0
00-0037086,Grant Calcaterra,TE,PHI,1.25,21.2,2.26,10,3.48,2025*0.50+2024*0.30+rel[UNPROVEN*0.92] [availability:0.50],,none,2025*0.50+2024*0.30+rel[UNPROVEN*0.92] [availability:0.50],UNPROVEN,1,2.917910714285714,0.0,0.92,False,,,52.5,0.021164021164021163,0.05714285714285714,,,0.046875,93.94696041622832,86.51547671689036,0.05842476274702458,0.034,1.0009,,60.88709677419346,1.0108870967741934,1.0108870967741934,1.0108870967741934,0.018633540372670808,0.3916364330723696,0.6083635669276304,NEUTRAL,,NEUTRAL,,28.192919951826884,0.0,-7.7199040000000005,0.95,,8.0,8.812404,-7.7199040000000005,1.0925,415,110,Streamer,1,Wk6,London game (Wk6) — historically low scoring,⚠ London Wk6,True,,London,0.853
00-0037563,Malik Davis,RB,DAL,2.19,37.2,4.4,0,,2025_only+rel[UNPROVEN*0.92] [availability:0.50],,none,2025_only+rel[UNPROVEN*0.92] [availability:0.50],UNPROVEN,0,4.816666666666666,,0.92,False,,,58.3,0.005555555555555556,,,0.013888888888888888,,98.33333333333333,69.90993593103083,0.03185589748964933,4.498,1.08,SNAP_RISING,48.58870967741935,0.9973790322580645,0.9997983870967742,0.9973790322580645,0.041237113402061855,-0.6223028451403476,1.6223028451403476,NEUTRAL,,NEUTRAL,,44.256879571745976,0.0,-7.781666666666667,1.0,rookie_exemption,9.0,9.796466666666667,-7.781666666666667,2.0148,416,120,Handcuff,0,,,,False,,,1.0
00-0039739,Roman Wilson,WR,PIT,3.53,60.0,3.84,0,,2025_only+rel[UNPROVEN*0.92],,none,2025_only+rel[UNPROVEN*0.92],UNPROVEN,0,3.8444444444444446,,0.92,False,,,32.4,0.020050125313283207,0.0625,0.1282051282051282,0.03571428571428571,0.012658227848101266,71.26573486520384,57.575124955459145,0.012120199928734633,0.0,1.0,,42.13709677419364,0.9923387096774193,0.9923387096774193,0.9919354838709677,0.00625,-0.20278785564254345,0.20278785564254345,NEUTRAL,,NEUTRAL,,37.39454378465803,0.0,-7.787800000000001,1.0,rookie_exemption,9.0,11.035400000000001,-7.787800000000001,3.2476,417,147,Deep,0,,,,False,,,1.0
00-0033757,Robert Tonyan,TE,PIT,1.11,18.9,0.6,0,,2023_old*0.80+rel[UNPROVEN*0.92],,none,2023_old*0.80+rel[UNPROVEN*0.92],UNPROVEN,3,6.199328706337467,0.3671918147466585,0.92,False,,,32.4,0.0024509803921568627,,,,,50.0,57.575124955459145,0.012120199928734633,,1.0,,42.13709677419364,0.9923387096774193,0.9923387096774193,0.9919354838709677,,,,NEUTRAL,,NEUTRAL,,29.37719254439672,0.0,-7.7912040000000005,1.0,rookie_exemption,1.0,8.812404,-7.7912040000000005,1.0212,418,111,Streamer,0,,,,False,,,1.0
00-0035406,Lil'Jordan Humphrey,WR,DEN,3.65,62.0,4.15,11,3.49,2025*0.50+2024*0.30+2023*0.20+rel[UNPROVEN*0.92],,none,2025*0.50+2024*0.30+2023*0.20+rel[UNPROVEN*0.92],UNPROVEN,2,4.158880308880309,0.02576242863110989,0.92,False,,,49.8,0.038539553752535496,0.038461538461538464,0.021739130434782608,0.03296703296703297,0.031578947368421054,97.54232435745502,76.00929064261045,0.04161486502817672,1.016,1.0271,,49.596774193548356,1.001008064516129,1.001008064516129,0.9981854838709677,0.016483516483516484,0.3916364330723696,0.6083635669276304,NEUTRAL,,NEUTRAL,,35.02999881624484,0.0,-7.845300000000001,0.95,,9.0,11.035400000000001,-7.845300000000001,3.1901,419,148,Deep,0,,,,False,,,1.0
00-0028097,Lee Smith,TE,ATL,1.04,17.7,,0,,2021_ancient*0.40+rel[UNPROVEN*0.92],,none,2021_ancient*0.40+rel[UNPROVEN*0.92],UNPROVEN,0,3.023809523809524,,0.92,False,,,45.3,,,,,,50.0,74.65614168324744,0.039449826693195904,,1.0,,48.38709677419351,1.004032258064516,1.004032258064516,0.9927419354838709,,,,NEUTRAL,,NEUTRAL,,50.0,0.0,-7.8556040000000005,1.0,,,8.812404,-7.8556040000000005,0.9568000000000001,420,112,Streamer,0,,,,False,,,1.0
00-0039796,Rasheen Ali,RB,BAL,2.21,37.6,2.46,1,0.78,2025_only+rel[UNPROVEN*0.92],,none,2025_only+rel[UNPROVEN*0.92],UNPROVEN,0,2.221428571428571,,0.92,False,,,33.0,0.032490974729241874,,,0.07017543859649122,0.017857142857142856,91.18438564939807,59.32767737944676,0.014924283807114818,-0.887,0.9763,,48.89112903225801,1.0006048387096773,0.9971774193548386,1.0006048387096773,0.018518518518518517,-0.6083635669276304,0.6083635669276304,NEUTRAL,,NEUTRAL,,42.46623498254366,0.0,-7.864926666666667,0.95,,8.0,9.796466666666667,-7.864926666666667,1.9315399999999998,421,121,Handcuff,0,,,,False,,,1.0
00-0033854,Dare Ogunbowale,RB,HOU,2.14,36.4,2.34,10,2.85,2025*0.50+2024*0.30+2023*0.20+rel[UNPROVEN*0.92],,none,2025*0.50+2024*0.30+2023*0.20+rel[UNPROVEN*0.92],UNPROVEN,2,3.0994508530685,0.10826482278110419,0.92,False,,,48.2,0.016355140186915886,0.05263157894736842,,0.03333333333333333,0.03409090909090909,94.86623998047428,71.3884009595321,0.03422144153525137,0.805,1.0215,,53.124999999999865,1.0052419354838709,1.001008064516129,1.0052419354838709,0.05113636363636364,-0.8250907007828912,1.8250907007828912,NEUTRAL,,NEUTRAL,,35.782877162116336,0.0,-7.9261066666666675,0.95,,9.0,9.796466666666667,-7.9261066666666675,1.87036,422,122,Handcuff,1,Wk7,London game (Wk7) — historically low scoring,⚠ London Wk7,True,,London,0.853
00-0036898,Davis Mills,QB,HOU,11.83,201.1,11.1,2,2.4,2025_only+rel[EMERGING*1.03],,none,2025_only+rel[EMERGING*1.03],EMERGING,2,11.148004273504275,0.001232829608457768,1.03,False,,,64.2,,,,,,50.0,71.3884009595321,0.03422144153525137,0.0,1.0,,53.124999999999865,1.0031249999999998,1.001008064516129,1.0052419354838709,0.017045454545454544,0.3916364330723696,0.6083635669276304,NEUTRAL,,NEUTRAL,,18.292612150483706,0.0,-7.9361960000000025,0.95,,6.0,18.275616000000003,-7.9361960000000025,10.33942,423,41,Avoid,1,Wk7,London game (Wk7) — historically low scoring,⚠ London Wk7,True,,London,0.853
00-0037078,Cole Turner,TE,MIA,0.92,15.6,,0,,2023_old*0.80+rel[UNPROVEN*0.92] [availability:0.50],,none,2023_old*0.80+rel[UNPROVEN*0.92] [availability:0.50],UNPROVEN,0,2.2371428571428575,,0.92,False,,,46.3,,,,,,50.0,39.49461048193906,-0.0168086232288975,,1.0,,53.326612903225936,1.0012096774193548,1.0012096774193548,1.0054435483870967,,,,NEUTRAL,,NEUTRAL,,28.10175666358891,0.0,-7.966004000000001,1.0,,,8.812404,-7.966004000000001,0.8464,424,113,Streamer,0,,,,False,,,1.0
00-0039855,Jalen McMillan,WR,TB,3.48,59.2,5.97,13,8.71,2025*0.50+2024*0.30+rel[UNPROVEN*0.92] [availability:0.50],,none,2025*0.50+2024*0.30+rel[UNPROVEN*0.92] [availability:0.50],UNPROVEN,1,8.069747899159664,0.0,0.92,False,135.9,60.0,54.6,0.024793388429752067,,,0.046511627906976744,0.013157894736842105,94.4710247590396,36.25093968232914,-0.021998496508273378,5.682,1.08,SNAP_RISING,51.3104838709677,1.0004032258064515,1.0004032258064515,1.0022177419354839,0.013605442176870748,-0.4055757112850869,0.4055757112850869,NEUTRAL,135.9,NEUTRAL,,31.2454534199367,0.0,-7.993880000000001,0.95,,4.0,11.035400000000001,-7.993880000000001,3.04152,425,149,Deep,0,,,,False,,,1.0
00-0035345,Chris Myarick,TE,LV,0.84,14.3,,0,,2022_ancient*0.40+rel[UNPROVEN*0.92],,none,2022_ancient*0.40+rel[UNPROVEN*0.92],UNPROVEN,0,2.2897959183673464,,0.92,False,,,35.7,,,,,,50.0,61.7300322798174,0.018768051647707843,,1.0,,44.455645161290306,0.9937499999999999,0.9937499999999999,0.9951612903225806,,,,NEUTRAL,,NEUTRAL,,38.10462969018401,0.0,-8.039604,1.0,,,8.812404,-8.039604,0.7728,426,114,Streamer,0,,,,False,,,1.0
00-0038720,Julian Hill,TE,NE,0.82,13.9,1.95,6,1.45,2025*0.50+2024*0.30+rel[UNPROVEN*0.92] [availability:0.50],,none,2025*0.50+2024*0.30+rel[UNPROVEN*0.92] [availability:0.50],UNPROVEN,0,1.622828282828283,,0.92,False,,,45.2,0.04065040650406504,,0.045454545454545456,0.04,0.05970149253731343,96.82616472668319,66.2210769855281,0.02595372317684496,0.481,1.0128,,49.899193548387125,0.9961693548387096,0.9961693548387096,1.0036290322580645,0.029197080291970802,-0.8111514225701738,0.8111514225701738,NEUTRAL,,NEUTRAL,,32.42002459543112,0.0,-8.080636,0.97,,11.0,8.812404,-8.080636,0.731768,427,115,Streamer,0,,,,False,,,1.0
00-0038098,Pierre Strong,RB,GB,1.84,31.3,,6,2.56,2024*0.30+2023*0.20+no_2025*0.72+rel[UNPROVEN*0.92],,none,2024*0.30+2023*0.20+no_2025*0.72+rel[UNPROVEN*0.92],UNPROVEN,1,3.392045454545455,0.0,0.92,False,,,38.5,,,,,,50.0,58.17024718521366,0.013072395496341857,,1.0,,48.48790322580654,1.0014112903225807,0.9955645161290322,1.0014112903225807,,,,NEUTRAL,,NEUTRAL,,30.152962803636093,0.0,-8.103666666666667,1.0,,,9.796466666666667,-8.103666666666667,1.6928,428,123,Handcuff,0,,,,False,,,1.0
00-0036980,Elijah Moore,WR,PHI,3.28,55.8,1.79,14,5.32,2025*0.50+2024*0.30+2023*0.20+rel[VOLATILE*0.88],,none,2025*0.50+2024*0.30+2023*0.20+rel[VOLATILE*0.88],VOLATILE,4,6.021713952038495,0.3754802862702086,0.88,False,,,52.5,0.022535211267605635,0.06976744186046512,0.05084745762711865,0.06451612903225806,,92.67385570381475,86.51547671689036,0.05842476274702458,0.0,1.0,,60.88709677419346,1.0108870967741934,1.0108870967741934,1.0108870967741934,0.004484304932735426,0.7972121443574566,0.20278785564254345,NEUTRAL,,NEUTRAL,,28.167569139601245,0.0,-8.108328,0.97,,10.0,11.035400000000001,-8.108328,2.927072,429,150,Deep,1,Wk6,London game (Wk6) — historically low scoring,⚠ London Wk6,True,,London,0.853
00-0034798,Durham Smythe,TE,BAL,0.79,13.4,1.1,5,0.75,2024*0.30+2023*0.20+no_2025*0.72+rel[PROVEN_SOLID*1.06] [availability:0.50],,none,2024*0.30+2023*0.20+no_2025*0.72+rel[PROVEN_SOLID*1.06] [availability:0.50],PROVEN_SOLID,4,3.1244403744403746,0.15638625491796987,1.06,False,,,41.0,0.014388489208633094,,0.044444444444444446,,,93.98880895283773,59.32767737944676,0.014924283807114818,-0.033,0.9991,,48.89112903225801,0.9971774193548386,0.9971774193548386,1.0006048387096773,,,,NEUTRAL,,NEUTRAL,,43.826568523799686,0.0,-8.121944000000001,0.95,,6.0,8.812404,-8.121944000000001,0.6904600000000001,430,116,Streamer,0,,,,False,,,1.0
00-0038389,Israel Abanikanda,RB,DAL,1.81,30.8,,0,,2023_old*0.80+rel[UNPROVEN*0.92],,none,2023_old*0.80+rel[UNPROVEN*0.92],UNPROVEN,0,2.4666666666666663,,0.92,False,,,42.3,,,,,,50.0,69.90993593103083,0.03185589748964933,,1.0,,48.58870967741935,0.9973790322580645,0.9997983870967742,0.9973790322580645,,,,NEUTRAL,,NEUTRAL,,40.978592196061086,0.0,-8.131266666666667,1.0,,,9.796466666666667,-8.131266666666667,1.6652,431,124,Handcuff,0,,,,False,,,1.0
00-0036429,Charlie Woerner,TE,ATL,0.77,13.1,1.47,4,1.01,2024_only*0.85+rel[UNPROVEN*0.92],,none,2024_only*0.85+rel[UNPROVEN*0.92],UNPROVEN,0,1.3771794871794871,,0.92,False,,,45.3,0.017632241813602016,,0.014705882352941176,,0.015625,99.5112396335325,74.65614168324744,0.039449826693195904,-1.1,0.9707,,48.38709677419351,1.004032258064516,1.004032258064516,0.9927419354838709,0.007352941176470588,-0.20278785564254345,0.20278785564254345,NEUTRAL,,NEUTRAL,,33.84053503840386,0.0,-8.139424,0.95,,6.0,8.812404,-8.139424,0.67298,432,117,Streamer,0,,,,False,,,1.0
00-0037311,Ko Kieft,TE,TB,0.72,12.2,,0,,2022_ancient*0.40+rel[UNPROVEN*0.92],,none,2022_ancient*0.40+rel[UNPROVEN*0.92],UNPROVEN,0,1.9805555555555556,,0.92,False,,,46.6,,,,,,50.0,36.25093968232914,-0.021998496508273378,,1.0,,51.3104838709677,1.0004032258064515,1.0004032258064515,1.0022177419354839,,,,NEUTRAL,,NEUTRAL,,30.21184376181184,0.0,-8.150004000000001,1.0,,,8.812404,-8.150004000000001,0.6624,433,118,Streamer,0,,,,False,,,1.0
00-0034775,Christian Kirk,WR,SF,3.11,52.9,5.95,7,7.18,"2025*0.50+2024*0.30+2023*0.20+rel[VOLATILE*0.88] [camp_research:IR:0.5:IR designated to return — 4-game minimum, not done for the year. Calf kept him out of camp/preseason. Conservative lottery when activated; Evans / Samuel / Stribling hold the early targets.]",,none,"2025*0.50+2024*0.30+2023*0.20+rel[VOLATILE*0.88] [camp_research:IR:0.5:IR designated to return — 4-game minimum, not done for the year. Calf kept him out of camp/preseason. Conservative lottery when activated; Evans / Samuel / Stribling hold the early targets.]",VOLATILE,5,9.558907362478791,0.22095628733841308,0.88,False,,,53.5,0.1191588785046729,0.15789473684210525,0.018867924528301886,0.13333333333333333,0.11363636363636363,81.04286373134335,85.86365482399324,0.057381847718389195,-0.357,0.9905,,46.774193548387075,0.9951612903225806,0.9951612903225806,0.9983870967741935,0.056818181818181816,0.9721214435745655,2.0278785564254345,NEUTRAL,,NEUTRAL,IR,44.33262488514736,0.0,-8.1742,1.0,,13.0,11.035400000000001,-8.1742,2.8612,434,151,Deep,2,"Wk1, Wk11",2 international games — Melbourne (Wk1); Mexico City (Wk11),⚠ Melbourne Wk1; Mexico City Wk11,True,MULTIPLE_INTL_GAMES,Melbourne,0.853
00-0037837,Calvin Austin III,WR,NYG,3.02,51.3,4.87,15,5.88,2025*0.50+2024*0.30+2023*0.20+starter_floor_soft+rel[PROVEN_SOLID*1.06] [availability:0.50],,none,2025*0.50+2024*0.30+2023*0.20+starter_floor_soft+rel[PROVEN_SOLID*1.06] [availability:0.50],PROVEN_SOLID,3,4.8873873873873865,0.20578585271416688,1.06,False,,,67.5,0.11528822055137844,0.125,0.20512820512820512,0.17857142857142858,0.05063291139240506,66.51678559047764,64.91503813917403,0.02386406102267845,-1.515,0.9596,SNAP_FALLING,51.41129032258074,1.0028225806451612,1.0028225806451612,1.0,0.025,1.1888485774298263,0.8111514225701738,TD_LUCK_FADE,,NEUTRAL,,31.92778757410812,0.0,-8.257000000000001,1.0,,15.0,11.035400000000001,-8.257000000000001,2.7784,435,152,Deep,0,,,,False,,,1.0
00-0036425,DeeJay Dallas,RB,MIN,1.76,29.9,1.05,4,2.25,2024_only*0.85+rel[UNPROVEN*0.92],,none,2024_only*0.85+rel[UNPROVEN*0.92],UNPROVEN,2,3.7978977272727277,0.16576156067202244,0.92,False,,,41.7,0.0027397260273972603,,,,,50.0,58.576588592797,0.013722541748475203,0.0,1.0,,58.0645161290323,1.007258064516129,1.0088709677419354,1.007258064516129,0.006535947712418301,-0.20278785564254345,0.20278785564254345,NEUTRAL,,NEUTRAL,,28.93860551122968,0.0,-8.258226666666667,0.95,,2.0,9.796466666666667,-8.258226666666667,1.5382399999999998,436,125,Handcuff,1,Wk11,Mexico City game (Wk11) — mild scoring impact historically,⚠ Mexico City Wk11,True,,Mexico City,0.9
sleeper:13281,Jordyn Tyson,WR,NO,3.0,51.0,,0,,sleeper_roster+adp_prior [availability:0.50],,none,sleeper_roster+adp_prior [availability:0.50],UNPROVEN,0,,,1.0,False,157.7,70.0,51.6,,,,,,50.0,62.22868616277322,0.019565897860437158,,1.0,,54.83870967741944,1.0048387096774194,1.0048387096774194,1.0048387096774194,,,,NEUTRAL,157.7,NEUTRAL,,37.43027211732382,0.0,-8.275400000000001,1.0,,,11.035400000000001,-8.275400000000001,2.7600000000000002,437,153,Deep,0,,,,False,,,1.0
sleeper:13293,Ja'Kobi Lane,WR,BAL,3.0,51.0,,0,,sleeper_roster+adp_prior [availability:0.50],,none,sleeper_roster+adp_prior [availability:0.50],UNPROVEN,0,,,1.0,False,165.8,80.0,41.0,,,,,,50.0,59.32767737944676,0.014924283807114818,,1.0,,48.89112903225801,0.9971774193548386,0.9971774193548386,1.0006048387096773,,,,NEUTRAL,165.8,NEUTRAL,,45.48219743818676,0.0,-8.275400000000001,1.0,,,11.035400000000001,-8.275400000000001,2.7600000000000002,438,154,Deep,0,,,,False,,,1.0
00-0030443,Levine Toilolo,TE,NYG,0.52,8.8,,0,,2020_ancient*0.40+rel[UNPROVEN*0.92],,none,2020_ancient*0.40+rel[UNPROVEN*0.92],UNPROVEN,0,1.42,,0.92,False,,,51.5,,,,,,50.0,64.91503813917403,0.02386406102267845,,1.0,,51.41129032258074,1.0028225806451612,1.0028225806451612,1.0,,,,NEUTRAL,,NEUTRAL,,50.0,0.0,-8.334004,1.0,,,8.812404,-8.334004,0.47840000000000005,439,119,Streamer,0,,,,False,,,1.0
00-0033589,David Moore,WR,CAR,3.05,51.8,1.1,13,4.94,2024*0.30+2023*0.20+no_2025*0.72+rel[UNPROVEN*0.92],,none,2024*0.30+2023*0.20+no_2025*0.72+rel[UNPROVEN*0.92],UNPROVEN,2,5.1005665902724715,0.10606005763875809,0.92,False,,,30.9,0.003003003003003003,,,,,50.0,37.364597196445956,-0.02021664448568647,,1.0,,39.51612903225809,0.9917338709677419,0.9917338709677419,0.9872983870967742,,,,NEUTRAL,,NEUTRAL,,46.797643556769714,0.0,-8.369700000000002,0.95,,2.0,11.035400000000001,-8.369700000000002,2.6656999999999997,440,155,Deep,0,,,,False,,,1.0
00-0035594,Travis Homer,RB,PIT,1.61,27.4,-0.2,1,1.22,2022_ancient*0.40+rel[UNPROVEN*0.92],,none,2022_ancient*0.40+rel[UNPROVEN*0.92],UNPROVEN,1,3.933101851851852,0.0,0.92,False,,,40.4,,,,,,50.0,57.575124955459145,0.012120199928734633,,1.0,,42.13709677419364,0.9919354838709677,0.9923387096774193,0.9919354838709677,,,,NEUTRAL,,NEUTRAL,,31.065307550027203,0.0,-8.389326666666667,0.95,,1.0,9.796466666666667,-8.389326666666667,1.40714,441,126,Handcuff,0,,,,False,,,1.0
00-0038824,Ryan Miller,WR,MIA,3.01,51.2,2.6,7,3.85,2024_only*0.85+rel[UNPROVEN*0.92],,none,2024_only*0.85+rel[UNPROVEN*0.92],UNPROVEN,0,3.572222222222222,,0.92,False,,,30.3,0.005509641873278237,,0.014925373134328358,,0.013157894736842105,98.36550655115191,39.49461048193906,-0.0168086232288975,,1.0,,53.326612903225936,1.0012096774193548,1.0012096774193548,1.0054435483870967,0.006802721088435374,0.7972121443574566,0.20278785564254345,NEUTRAL,,NEUTRAL,,33.14719469219935,0.0,-8.404660000000002,0.95,,4.0,11.035400000000001,-8.404660000000002,2.63074,442,156,Deep,0,,,,False,,,1.0
00-0037742,Treylon Burks,WR,WAS,2.98,50.7,3.0,3,1.1,2025*0.50+2023*0.20+rel[UNPROVEN*0.92],,none,2025*0.50+2023*0.20+rel[UNPROVEN*0.92],UNPROVEN,1,4.359670781893005,0.0,0.92,False,,,50.7,0.06329113924050633,0.14285714285714285,0.041237113402061855,,0.0784313725490196,84.86491531851267,74.4380335679125,0.03910085370866,0.9,1.024,,50.60483870967736,0.995766129032258,0.995766129032258,1.0054435483870967,0.027586206896551724,0.1888485774298262,0.8111514225701738,NEUTRAL,,NEUTRAL,,43.99414659535309,0.0,-8.430880000000002,0.95,,8.0,11.035400000000001,-8.430880000000002,2.60452,443,157,Deep,0,,,,False,,,1.0
00-0035645,Gunner Olszewski,WR,NYG,2.83,48.1,6.16,0,,2025_only+rel[UNPROVEN*0.92] [availability:0.50],,none,2025_only+rel[UNPROVEN*0.92] [availability:0.50],UNPROVEN,0,3.714238095238095,,0.92,False,,,51.5,0.028938906752411574,0.2,0.017857142857142856,0.09090909090909091,0.029411764705882353,72.67622973731494,64.91503813917403,0.02386406102267845,0.0,1.0,,51.41129032258074,1.0028225806451612,1.0028225806451612,1.0,0.012048192771084338,-0.4055757112850869,0.4055757112850869,NEUTRAL,,NEUTRAL,,33.271975379437386,0.0,-8.4318,1.0,rookie_exemption,5.0,11.035400000000001,-8.4318,2.6036,444,158,Deep,0,,,,False,,,1.0
00-0032775,Demarcus Robinson,WR,SF,2.81,47.8,4.12,15,6.3,2025*0.50+2024*0.30+2023*0.20+starter_floor_soft+rel[VOLATILE*0.88] [availability:0.50],,none,2025*0.50+2024*0.30+2023*0.20+starter_floor_soft+rel[VOLATILE*0.88] [availability:0.50],VOLATILE,6,5.494503676470589,0.3041213865815737,0.88,False,,,53.5,0.06829268292682927,,0.07042253521126761,0.09574468085106383,0.05263157894736842,93.8194762527868,85.86365482399324,0.057381847718389195,0.199,1.0053,,46.774193548387075,0.9951612903225806,0.9951612903225806,0.9983870967741935,0.025,-0.013939278212717232,1.0139392782127172,NEUTRAL,,NEUTRAL,,52.38398308532368,0.0,-8.4502,1.0,,16.0,11.035400000000001,-8.4502,2.5852,445,159,Deep,2,"Wk1, Wk11",2 international games — Melbourne (Wk1); Mexico City (Wk11),⚠ Melbourne Wk1; Mexico City Wk11,True,MULTIPLE_INTL_GAMES,Melbourne,0.853
00-0036635,Ihmir Smith-Marsette,WR,CAR,2.76,46.9,,1,6.0,2023_old*0.80+rel[UNPROVEN*0.92],,none,2023_old*0.80+rel[UNPROVEN*0.92],UNPROVEN,0,5.460000000000001,,0.92,False,,,30.9,,,,,,50.0,37.364597196445956,-0.02021664448568647,,1.0,,39.51612903225809,0.9917338709677419,0.9917338709677419,0.9872983870967742,,,,NEUTRAL,,NEUTRAL,,40.59776081518662,0.0,-8.496200000000002,1.0,,,11.035400000000001,-8.496200000000002,2.5392,446,160,Deep,0,,,,False,,,1.0
00-0039342,Xavier Legette,WR,CAR,2.75,46.8,4.57,15,6.71,2025*0.50+2024*0.30+starter_floor_soft+rel[UNPROVEN*0.92] [availability:0.50],,none,2025*0.50+2024*0.30+starter_floor_soft+rel[UNPROVEN*0.92] [availability:0.50],UNPROVEN,2,5.75648148148148,0.18569647740067557,0.92,False,,,38.9,0.11711711711711711,,0.10891089108910891,0.16455696202531644,0.16666666666666666,89.41241077110732,37.364597196445956,-0.02021664448568647,-1.241,0.9669,,39.51612903225809,0.9917338709677419,0.9917338709677419,0.9872983870967742,0.08496732026143791,-0.6362421233530648,2.636242123353065,NEUTRAL,,NEUTRAL,,44.46436002737835,0.0,-8.505400000000002,1.0,,16.0,11.035400000000001,-8.505400000000002,2.5300000000000002,447,161,Deep,0,,,,False,,,1.0
00-0038619,Andrei Iosivas,WR,CIN,2.74,46.6,4.89,14,5.99,2025*0.50+2024*0.30+2023*0.20+starter_floor_soft+rel[UNPROVEN*0.92] [availability:0.50],,none,2025*0.50+2024*0.30+2023*0.20+starter_floor_soft+rel[UNPROVEN*0.92] [availability:0.50],UNPROVEN,2,5.338177857001386,0.1031048742860579,0.92,False,,,48.8,0.09296482412060302,0.1,0.08695652173913043,0.1326530612244898,0.08536585365853659,93.07374117467062,68.34794241910284,0.02935670787056454,-0.91,0.9757,,47.27822580645169,1.0012096774193548,1.0012096774193548,0.9933467741935483,0.04861111111111111,-0.4195149894978041,1.419514989497804,NEUTRAL,,NEUTRAL,,39.09121869622962,0.0,-8.514600000000002,1.0,,15.0,11.035400000000001,-8.514600000000002,2.5208000000000004,448,162,Deep,0,,,,False,,,1.0
00-0036630,Tylan Wallace,WR,CLE,2.86,48.6,2.08,8,3.66,2024_only*0.85+rel[UNPROVEN*0.92],,none,2024_only*0.85+rel[UNPROVEN*0.92],UNPROVEN,1,2.513823529411765,0.0,0.92,False,,,41.5,0.021660649819494584,,0.03076923076923077,0.017543859649122806,0.03571428571428571,97.12433088977212,30.787804878048778,-0.030739512195121957,0.0,1.0,,51.51209677419355,1.0062499999999999,1.0062499999999999,0.996774193548387,0.012345679012345678,0.5944242887149132,0.4055757112850869,NEUTRAL,,NEUTRAL,,35.81368714781123,0.0,-8.535760000000002,0.95,,6.0,11.035400000000001,-8.535760000000002,2.49964,449,163,Deep,0,,,,False,,,1.0
00-0037276,Ty Chandler,RB,NO,1.43,24.3,3.65,6,2.54,2024*0.30+2023*0.20+no_2025*0.72+rel[UNPROVEN*0.92] [availability:0.50],,none,2024*0.30+2023*0.20+no_2025*0.72+rel[UNPROVEN*0.92] [availability:0.50],UNPROVEN,1,5.2290909090909095,0.0,0.92,False,,,43.6,0.007220216606498195,,,0.015151515151515152,0.025974025974025976,96.92540849208044,62.22868616277322,0.019565897860437158,0.0,1.0,,54.83870967741944,1.0048387096774194,1.0048387096774194,1.0048387096774194,0.022222222222222223,-0.6083635669276304,0.6083635669276304,NEUTRAL,,NEUTRAL,,37.380365652444,0.0,-8.546646666666668,0.95,,2.0,9.796466666666667,-8.546646666666668,1.24982,450,127,Handcuff,0,,,,False,,,1.0
00-0039325,Carson Steele,RB,PHI,1.34,22.8,,7,1.7,2024_only*0.85+rel[UNPROVEN*0.92],,none,2024_only*0.85+rel[UNPROVEN*0.92],UNPROVEN,0,1.7000000000000004,,0.92,False,,,52.5,,,,,,50.0,86.51547671689036,0.05842476274702458,,1.0,,60.88709677419346,1.0108870967741934,1.0108870967741934,1.0108870967741934,,,,NEUTRAL,,NEUTRAL,,28.125265784489624,0.0,-8.563666666666666,1.0,,,9.796466666666667,-8.563666666666666,1.2328000000000001,451,128,Handcuff,1,Wk6,London game (Wk6) — historically low scoring,⚠ London Wk6,True,,London,0.853
00-0038622,Deuce Vaughn,RB,HOU,1.33,22.6,,4,2.06,2024*0.30+2023*0.20+no_2025*0.72+rel[UNPROVEN*0.92],,none,2024*0.30+2023*0.20+no_2025*0.72+rel[UNPROVEN*0.92],UNPROVEN,0,1.9803703703703706,,0.92,False,,,48.2,,,,,,50.0,71.3884009595321,0.03422144153525137,,1.0,,53.124999999999865,1.0052419354838709,1.001008064516129,1.0052419354838709,,,,NEUTRAL,,NEUTRAL,,35.02973779942862,0.0,-8.572866666666668,1.0,,,9.796466666666667,-8.572866666666668,1.2236,452,129,Handcuff,1,Wk7,London game (Wk7) — historically low scoring,⚠ London Wk7,True,,London,0.853
00-0037594,Julius Chestnut,RB,TEN,1.37,23.3,0.57,5,1.76,2024_only*0.85+rel[UNPROVEN*0.92],,none,2024_only*0.85+rel[UNPROVEN*0.92],UNPROVEN,0,1.7952380952380953,,0.92,False,,,39.3,0.004048582995951417,,0.005780346820809248,,,99.65364723502843,43.59991239936847,-0.010240140161010448,0.0,1.0,,51.008064516129046,1.0014112903225807,1.0006048387096773,1.0014112903225807,0.041666666666666664,-0.8111514225701738,0.8111514225701738,NEUTRAL,,NEUTRAL,,30.96961967343789,0.0,-8.599086666666667,0.95,,7.0,9.796466666666667,-8.599086666666667,1.19738,453,130,Handcuff,0,,,,False,,,1.0
00-0034378,Ito Smith,RB,DAL,1.28,21.8,,0,,2020_ancient*0.40+rel[UNPROVEN*0.92],,none,2020_ancient*0.40+rel[UNPROVEN*0.92],UNPROVEN,1,3.75064935064935,0.0,0.92,False,,,42.3,,,,,,50.0,69.90993593103083,0.03185589748964933,,1.0,,48.58870967741935,0.9973790322580645,0.9997983870967742,0.9973790322580645,,,,NEUTRAL,,NEUTRAL,,50.0,0.0,-8.618866666666667,1.0,,,9.796466666666667,-8.618866666666667,1.1776,454,131,Handcuff,0,,,,False,,,1.0
00-0038465,Malik Heath,WR,ATL,2.7,45.9,2.32,5,4.45,2025*0.50+2024*0.30+2023*0.20+rel[UNPROVEN*0.92],,none,2025*0.50+2024*0.30+2023*0.20+rel[UNPROVEN*0.92],UNPROVEN,0,2.918541666666667,,0.92,False,,,45.3,0.015189873417721518,,,0.02631578947368421,,97.77481678880746,74.65614168324744,0.039449826693195904,0.0,1.0,,48.38709677419351,1.004032258064516,1.004032258064516,0.9927419354838709,,,,NEUTRAL,,NEUTRAL,,50.0,0.0,-8.675600000000001,0.95,,5.0,11.035400000000001,-8.675600000000001,2.3598000000000003,455,164,Deep,0,,,,False,,,1.0
00-0039152,Will Levis,QB,NYJ,10.41,177.0,,10,9.99,2024*0.30+2023*0.20+no_2025*0.72+starter_floor_soft+rel[UNPROVEN*0.92],,none,2024*0.30+2023*0.20+no_2025*0.72+starter_floor_soft+rel[UNPROVEN*0.92],UNPROVEN,2,10.590802469135802,0.06328866766528143,0.92,False,,,47.6,,,,,,50.0,51.435893228452784,0.002297429165524454,,1.0,,47.58064516129035,0.9975806451612903,0.9959677419354839,0.9991935483870967,,,,NEUTRAL,,NEUTRAL,,14.761638830265811,0.0,-8.698416000000002,1.0,,,18.275616000000003,-8.698416000000002,9.577200000000001,456,42,Avoid,0,,,,False,,,1.0
00-0040184,KeAndre Lambert-Smith,WR,LAC,2.51,42.7,1.94,0,,2025_small_sample(3g)_regressed+rel[UNPROVEN*0.92] [availability:0.50],,none,2025_small_sample(3g)_regressed+rel[UNPROVEN*0.92] [availability:0.50],UNPROVEN,0,1.9428571428571428,,0.92,False,,,36.6,0.020114942528735632,,,0.05194805194805195,0.024691358024691357,94.37905852452843,52.96449543969547,0.00474319270351275,0.017,1.0005,,45.36290322580649,0.9997983870967742,0.9997983870967742,0.9909274193548386,0.012345679012345678,0.5944242887149132,0.4055757112850869,NEUTRAL,,NEUTRAL,,27.29053971062692,0.0,-8.726200000000002,1.0,rookie_exemption,7.0,11.035400000000001,-8.726200000000002,2.3091999999999997,457,165,Deep,0,,,,False,,,1.0
00-0039052,Trey Palmer,WR,NO,2.47,42.0,,7,2.92,2024*0.30+2023*0.20+no_2025*0.72+rel[UNPROVEN*0.92],,none,2024*0.30+2023*0.20+no_2025*0.72+rel[UNPROVEN*0.92],UNPROVEN,1,4.333684210526316,0.0,0.92,False,,,43.6,,,,,,50.0,62.22868616277322,0.019565897860437158,,1.0,,54.83870967741944,1.0048387096774194,1.0048387096774194,1.0048387096774194,,,,NEUTRAL,,NEUTRAL,,37.43027211732382,0.0,-8.763000000000002,1.0,,,11.035400000000001,-8.763000000000002,2.2724,458,166,Deep,0,,,,False,,,1.0
00-0040432,Beaux Collins,WR,ATL,2.44,41.5,1.17,0,,2025_small_sample(2g)_regressed+rel[UNPROVEN*0.92] [availability:0.50],,none,2025_small_sample(2g)_regressed+rel[UNPROVEN*0.92] [availability:0.50],UNPROVEN,0,1.1666666666666667,,0.92,False,,,45.3,0.003215434083601286,,0.03571428571428571,0.012987012987012988,0.014705882352941176,95.26235716593249,74.65614168324744,0.039449826693195904,,1.0,,48.38709677419351,1.004032258064516,1.004032258064516,0.9927419354838709,0.006024096385542169,-0.20278785564254345,0.20278785564254345,NEUTRAL,,NEUTRAL,,35.5097858356873,0.0,-8.790600000000001,1.0,rookie_exemption,3.0,11.035400000000001,-8.790600000000001,2.2448,459,167,Deep,0,,,,False,,,1.0
00-0038679,Tyrell Shavers,WR,BUF,2.5,42.5,3.63,1,13.4,2025_only+starter_floor_soft+rel[UNPROVEN*0.92] [availability:0.50],,none,2025_only+starter_floor_soft+rel[UNPROVEN*0.92] [availability:0.50],UNPROVEN,1,4.6045454545454545,0.0,0.92,False,,,49.0,0.04507042253521127,0.023255813953488372,0.05084745762711865,0.0967741935483871,,89.29577315717573,58.025835662374284,0.012841337059798855,0.957,1.0255,,43.85080645161299,0.9953629032258065,0.9953629032258065,0.9923387096774193,,,,NEUTRAL,,NEUTRAL,,45.32565324569121,0.0,-8.804400000000001,0.97,,11.0,11.035400000000001,-8.804400000000001,2.2310000000000003,460,168,Deep,0,,,,False,,,1.0
00-0035359,David Sills,WR,TB,2.38,40.5,3.34,0,,2025_only+starter_floor_soft+rel[UNPROVEN*0.92] [availability:0.50],,none,2025_only+starter_floor_soft+rel[UNPROVEN*0.92] [availability:0.50],UNPROVEN,1,2.7791666666666672,0.0,0.92,False,,,46.6,0.06297229219143577,0.07142857142857142,0.11764705882352941,0.07692307692307693,0.09375,92.25197944822757,36.25093968232914,-0.021998496508273378,0.052,1.0014,,51.3104838709677,1.0004032258064515,1.0004032258064515,1.0022177419354839,0.04411764705882353,0.7832728661447392,1.2167271338552608,NEUTRAL,,NEUTRAL,,30.25414034307838,0.0,-8.8458,1.0,rookie_exemption,12.0,11.035400000000001,-8.8458,2.1896,461,169,Deep,0,,,,False,,,1.0
00-0038840,Brycen Tremayne,WR,CAR,2.35,40.0,2.56,0,0.3,2025_only+rel[UNPROVEN*0.92],,none,2025_only+rel[UNPROVEN*0.92],UNPROVEN,0,2.555555555555555,,0.92,False,,,30.9,0.03003003003003003,,0.04950495049504951,0.0379746835443038,0.02564102564102564,96.37204397935083,37.364597196445956,-0.02021664448568647,0.0,1.0,,39.51612903225809,0.9917338709677419,0.9917338709677419,0.9872983870967742,0.013071895424836602,-0.4055757112850869,0.4055757112850869,NEUTRAL,,NEUTRAL,,49.11570619463977,0.0,-8.8734,1.0,rookie_exemption,9.0,11.035400000000001,-8.8734,2.1620000000000004,462,170,Deep,0,,,,False,,,1.0
00-0034419,Braxton Berrios,WR,NYG,2.35,40.0,3.35,0,0.0,2025_small_sample(1g)_regressed+rel[VOLATILE*0.88] [availability:0.50],,none,2025_small_sample(1g)_regressed+rel[VOLATILE*0.88] [availability:0.50],VOLATILE,4,4.797051066580478,0.3242908264412985,0.88,False,,,51.5,0.011682242990654205,,0.03773584905660377,0.011111111111111112,0.022727272727272728,95.67544394493655,64.91503813917403,0.02386406102267845,,1.0,,51.41129032258074,1.0028225806451612,1.0028225806451612,1.0,0.011363636363636364,-0.4055757112850869,0.4055757112850869,NEUTRAL,,NEUTRAL,,30.1346303063527,0.0,-8.8734,1.0,rookie_exemption,2.0,11.035400000000001,-8.8734,2.1620000000000004,463,171,Deep,0,,,,False,,,1.0
00-0040024,Darius Cooper,WR,PHI,2.31,39.3,2.52,0,,2025_only+rel[UNPROVEN*0.92],,none,2025_only+rel[UNPROVEN*0.92],UNPROVEN,0,2.5166666666666666,,0.92,False,,,52.5,0.026455026455026454,0.05714285714285714,,0.028985507246376812,,94.43665546068127,86.51547671689036,0.05842476274702458,-0.254,0.9932,,60.88709677419346,1.0108870967741934,1.0108870967741934,1.0108870967741934,,,,NEUTRAL,,NEUTRAL,,34.91563128485748,0.0,-8.910200000000001,1.0,rookie_exemption,6.0,11.035400000000001,-8.910200000000001,2.1252,464,172,Deep,1,Wk6,London game (Wk6) — historically low scoring,⚠ London Wk6,True,,London,0.853
00-0039164,Anthony Richardson,QB,IND,10.68,181.6,0.83,11,14.81,2024*0.30+2023*0.20+no_2025*0.72+rel[UNPROVEN*0.92],,none,2024*0.30+2023*0.20+no_2025*0.72+rel[UNPROVEN*0.92],UNPROVEN,1,14.773125000000002,0.0,0.92,False,,,63.4,,0.015873015873015872,,,,50.0,48.981774097457205,-0.0016291614440684726,,1.0,,50.8064516129032,1.0008064516129032,0.9993951612903226,1.0022177419354839,,,,NEUTRAL,,NEUTRAL,,12.390512102481098,0.0,-8.941296000000003,0.95,,2.0,18.275616000000003,-8.941296000000003,9.33432,465,43,Avoid,0,,,,False,,,1.0
00-0038397,Evan Hull,RB,ARI,0.89,15.1,0.98,0,,2025_only+rel[UNPROVEN*0.92],,none,2025_only+rel[UNPROVEN*0.92],UNPROVEN,0,1.0266666666666668,,0.92,False,,,40.1,0.003367003367003367,,,,,50.0,63.84792616237692,0.022156681859803077,-0.477,0.9873,,46.975806451612925,0.9959677419354839,0.9979838709677419,0.9959677419354839,0.025210084033613446,-0.6083635669276304,0.6083635669276304,NEUTRAL,,NEUTRAL,,34.089201505122595,0.0,-8.977666666666668,1.0,rookie_exemption,6.0,9.796466666666667,-8.977666666666668,0.8188000000000001,466,132,Handcuff,0,,,,False,,,1.0
00-0040729,Jack Bech,WR,LV,2.17,36.9,2.7,0,,2025_only+starter_floor_soft+rel[UNPROVEN*0.92] [availability:0.50],,none,2025_only+starter_floor_soft+rel[UNPROVEN*0.92] [availability:0.50],UNPROVEN,1,2.6999999999999997,0.0,0.92,False,,,35.7,0.047619047619047616,,0.08609271523178808,0.031746031746031744,0.06451612903225806,91.93112309745601,61.7300322798174,0.018768051647707843,-1.124,0.97,,44.455645161290306,0.9937499999999999,0.9937499999999999,0.9951612903225806,0.03669724770642202,-0.8111514225701738,0.8111514225701738,NEUTRAL,,NEUTRAL,,42.29517521404994,0.0,-9.039000000000001,1.0,rookie_exemption,12.0,11.035400000000001,-9.039000000000001,1.9964,467,173,Deep,0,,,,False,,,1.0
00-0039394,Casey Washington,WR,CAR,2.28,38.8,2.48,1,0.95,2025_only+rel[UNPROVEN*0.92],,none,2025_only+rel[UNPROVEN*0.92],UNPROVEN,0,2.1740000000000004,,0.92,False,,,30.9,0.02518891687657431,0.14285714285714285,0.014705882352941176,0.0641025641025641,,79.86668463214093,37.364597196445956,-0.02021664448568647,,1.0,,39.51612903225809,0.9917338709677419,0.9917338709677419,0.9872983870967742,,,,NEUTRAL,,NEUTRAL,,40.59776081518662,0.0,-9.04268,0.95,,5.0,11.035400000000001,-9.04268,1.9927199999999998,468,174,Deep,0,,,,False,,,1.0
00-0040164,Jaylin Lane,WR,WAS,2.16,36.7,2.4,0,,2025_only+starter_floor_soft+rel[UNPROVEN*0.92] [availability:0.50],,none,2025_only+starter_floor_soft+rel[UNPROVEN*0.92] [availability:0.50],UNPROVEN,1,2.4,0.0,0.92,False,,,50.7,0.0379746835443038,0.14285714285714285,0.10309278350515463,0.10526315789473684,0.0392156862745098,83.61399579292966,74.4380335679125,0.03910085370866,0.0,1.0,,50.60483870967736,0.995766129032258,0.995766129032258,1.0054435483870967,0.013793103448275862,-0.4055757112850869,0.4055757112850869,NEUTRAL,,NEUTRAL,,31.573360341147527,0.0,-9.048200000000001,1.0,rookie_exemption,13.0,11.035400000000001,-9.048200000000001,1.9872000000000003,469,175,Deep,0,,,,False,,,1.0
00-0040142,Kaleb Johnson,RB,GB,0.75,12.8,0.83,0,,2025_only+rel[UNPROVEN*0.92],,none,2025_only+rel[UNPROVEN*0.92],UNPROVEN,0,0.8300000000000001,,0.92,False,,,38.5,,,,,,50.0,58.17024718521366,0.013072395496341857,-0.805,0.9785,,48.48790322580654,1.0014112903225807,0.9955645161290322,1.0014112903225807,0.025,-0.8111514225701738,0.8111514225701738,NEUTRAL,,NEUTRAL,,27.14728986655007,0.0,-9.106466666666668,1.0,rookie_exemption,10.0,9.796466666666667,-9.106466666666668,0.6900000000000001,470,133,Handcuff,0,,,,False,,,1.0
00-0033025,Jalen Richard,RB,LV,0.74,12.6,,0,,2021_ancient*0.40+rel[UNPROVEN*0.92],,none,2021_ancient*0.40+rel[UNPROVEN*0.92],UNPROVEN,1,3.038562091503268,0.0,0.92,False,,,35.7,,,,,,50.0,61.7300322798174,0.018768051647707843,,1.0,,44.455645161290306,0.9951612903225806,0.9937499999999999,0.9951612903225806,,,,NEUTRAL,,NEUTRAL,,50.0,0.0,-9.115666666666668,1.0,,,9.796466666666667,-9.115666666666668,0.6808000000000001,471,134,Handcuff,0,,,,False,,,1.0
00-0031235,Odell Beckham,WR,MIN,2.08,35.4,,4,1.25,2024*0.30+2023*0.20+no_2025*0.72+rel[UNPROVEN*0.92],,none,2024*0.30+2023*0.20+no_2025*0.72+rel[UNPROVEN*0.92],UNPROVEN,2,7.418546511627907,0.3108762607857429,0.92,False,,,33.7,,,,,,50.0,58.576588592797,0.013722541748475203,,1.0,,58.0645161290323,1.0088709677419354,1.0088709677419354,1.007258064516129,,,,NEUTRAL,,NEUTRAL,,50.0,0.0,-9.1218,1.0,,,11.035400000000001,-9.1218,1.9136000000000002,472,176,Deep,1,Wk11,Mexico City game (Wk11) — mild scoring impact historically,⚠ Mexico City Wk11,True,,Mexico City,0.9
00-0036387,Jalen Reagor,WR,MIA,2.04,34.7,,3,1.6,2023_old*0.80+rel[UNPROVEN*0.92],,none,2023_old*0.80+rel[UNPROVEN*0.92],UNPROVEN,2,3.906315789473684,0.3912984602151943,0.92,False,,,30.3,,,,,,50.0,39.49461048193906,-0.0168086232288975,,1.0,,53.326612903225936,1.0012096774193548,1.0012096774193548,1.0054435483870967,,,,NEUTRAL,,NEUTRAL,,28.10175666358891,0.0,-9.158600000000002,1.0,,,11.035400000000001,-9.158600000000002,1.8768,473,177,Deep,0,,,,False,,,1.0
00-0035021,Ashton Dulin,WR,IND,2.13,36.2,2.5,4,2.02,2025*0.50+2024*0.30+rel[UNPROVEN*0.92],,none,2025*0.50+2024*0.30+rel[UNPROVEN*0.92],UNPROVEN,1,2.994198139025725,0.0,0.92,False,,,47.4,0.01744186046511628,0.047619047619047616,,0.013888888888888888,0.012048192771084338,94.2045057436719,48.981774097457205,-0.0016291614440684726,0.0,1.0,,50.8064516129032,0.9993951612903226,0.9993951612903226,1.0022177419354839,0.016129032258064516,-0.6083635669276304,0.6083635669276304,NEUTRAL,,NEUTRAL,,34.669275714964904,0.0,-9.17378,0.95,,7.0,11.035400000000001,-9.17378,1.8616199999999998,474,178,Deep,0,,,,False,,,1.0
00-0036862,Ben Skowronek,WR,PIT,2.13,36.2,2.48,3,2.35,2025*0.50+2023*0.20+rel[UNPROVEN*0.92],,none,2025*0.50+2023*0.20+rel[UNPROVEN*0.92],UNPROVEN,1,3.189200680272109,0.0,0.92,False,,,32.4,0.010025062656641603,,0.02564102564102564,0.011904761904761904,0.012658227848101266,97.52587223650337,57.575124955459145,0.012120199928734633,0.254,1.0068,,42.13709677419364,0.9923387096774193,0.9923387096774193,0.9919354838709677,0.00625,-0.20278785564254345,0.20278785564254345,NEUTRAL,,NEUTRAL,,30.815362471385097,0.0,-9.17378,0.95,,6.0,11.035400000000001,-9.17378,1.8616199999999998,475,179,Deep,0,,,,False,,,1.0
00-0032951,Laquon Treadwell,WR,IND,2.02,34.3,,0,,2021_ancient*0.40+rel[UNPROVEN*0.92],,none,2021_ancient*0.40+rel[UNPROVEN*0.92],UNPROVEN,1,4.7640625000000005,0.0,0.92,False,,,47.4,,,,,,50.0,48.981774097457205,-0.0016291614440684726,,1.0,,50.8064516129032,0.9993951612903226,0.9993951612903226,1.0022177419354839,,,,NEUTRAL,,NEUTRAL,,39.60245999464344,0.0,-9.177000000000001,1.0,,,11.035400000000001,-9.177000000000001,1.8584,476,180,Deep,0,,,,False,,,1.0
00-0033375,Tim Patrick,WR,NYJ,2.01,34.2,3.16,14,5.11,2025*0.50+2024*0.30+rel[PROVEN_SOLID*1.06] [availability:0.50],,none,2025*0.50+2024*0.30+rel[PROVEN_SOLID*1.06] [availability:0.50],PROVEN_SOLID,3,6.865620915032681,0.24496547785787035,1.06,False,,,31.6,0.03287671232876712,0.045454545454545456,0.05,0.08695652173913043,0.09574468085106383,90.15766496149479,51.435893228452784,0.002297429165524454,-0.961,0.9744,,47.58064516129035,0.9959677419354839,0.9959677419354839,0.9991935483870967,0.041666666666666664,0.17490929921710885,1.8250907007828912,NEUTRAL,,NEUTRAL,,37.6114895778146,0.0,-9.186200000000001,1.0,,14.0,11.035400000000001,-9.186200000000001,1.8492,477,181,Deep,0,,,,False,,,1.0
00-0040644,Trevor Etienne,RB,CAR,0.65,11.0,1.4,0,,2025_only+rel[UNPROVEN*0.92] [availability:0.50],,none,2025_only+rel[UNPROVEN*0.92] [availability:0.50],UNPROVEN,0,1.4,,0.92,False,,,30.9,0.006006006006006006,,,0.012658227848101266,,98.66955563158095,37.364597196445956,-0.02021664448568647,0.0,1.0,,39.51612903225809,0.9872983870967742,0.9917338709677419,0.9872983870967742,0.026143790849673203,-0.8111514225701738,0.8111514225701738,NEUTRAL,,NEUTRAL,,40.671281887682646,0.0,-9.198466666666667,1.0,rookie_exemption,9.0,9.796466666666667,-9.198466666666667,0.5980000000000001,478,135,Handcuff,0,,,,False,,,1.0
00-0038576,Charlie Jones,WR,NYG,2.06,35.0,0.0,1,1.0,2023_old*0.80+rel[UNPROVEN*0.92],,none,2023_old*0.80+rel[UNPROVEN*0.92],UNPROVEN,0,2.44,,0.92,False,,,51.5,0.002512562814070352,,,,,50.0,64.91503813917403,0.02386406102267845,0.0,1.0,,51.41129032258074,1.0028225806451612,1.0028225806451612,1.0,,,,NEUTRAL,,NEUTRAL,,33.271975379437386,0.0,-9.234960000000001,0.95,,1.0,11.035400000000001,-9.234960000000001,1.80044,479,182,Deep,0,,,,False,,,1.0
00-0040590,Konata Mumpfield,WR,LAR,1.9,32.3,1.99,0,,2025_only+rel[UNPROVEN*0.92],,none,2025_only+rel[UNPROVEN*0.92],UNPROVEN,0,1.991666666666667,,0.92,False,,,37.8,0.04143126177024482,0.06329113924050633,0.04,0.07692307692307693,0.047619047619047616,94.32514522208324,71.38184056603394,0.03421094490565431,1.298,1.0346,,55.94758064516125,1.0070564516129032,1.0070564516129032,1.0048387096774194,0.026200873362445413,-0.21672713385526077,1.2167271338552608,NEUTRAL,,NEUTRAL,,49.147840566568505,0.0,-9.287400000000002,1.0,rookie_exemption,12.0,11.035400000000001,-9.287400000000002,1.748,480,183,Deep,1,Wk1,Melbourne game (Wk1) — historically low scoring,⚠ Melbourne Wk1,True,,Melbourne,0.853
00-0038090,Skyy Moore,WR,GB,1.9,32.3,1.26,0,0.0,2025*0.50+2023*0.20+rel[EMERGING*1.03],,none,2025*0.50+2023*0.20+rel[EMERGING*1.03],EMERGING,2,2.737321937321937,0.07727935054121571,1.03,False,,,38.5,0.012195121951219513,,0.014084507042253521,0.010638297872340425,,99.43636363373233,58.17024718521366,0.013072395496341857,0.0,1.0,,48.48790322580654,0.9955645161290322,0.9955645161290322,1.0014112903225807,,,,NEUTRAL,,NEUTRAL,,33.6048735202743,0.0,-9.287400000000002,1.0,rookie_exemption,10.0,11.035400000000001,-9.287400000000002,1.748,481,184,Deep,0,,,,False,,,1.0
00-0037013,Zach Wilson,QB,NO,9.75,165.8,0.35,0,,2025_small_sample(1g)_regressed+rel[PROVEN_SOLID*1.06],,none,2025_small_sample(1g)_regressed+rel[PROVEN_SOLID*1.06],PROVEN_SOLID,3,10.605,0.06506856294743331,1.06,False,,,51.6,,,,,,50.0,62.22868616277322,0.019565897860437158,0.0,1.0,,54.83870967741944,1.0048387096774194,1.0048387096774194,1.0048387096774194,,,,NEUTRAL,,NEUTRAL,,18.8852051089998,0.0,-9.305616000000002,1.0,rookie_exemption,4.0,18.275616000000003,-9.305616000000002,8.97,482,44,Avoid,0,,,,False,,,1.0
00-0039650,Bryce Oliver,WR,HOU,1.96,33.3,1.3,5,2.5,2024_only*0.85+rel[UNPROVEN*0.92],,none,2024_only*0.85+rel[UNPROVEN*0.92],UNPROVEN,0,2.3000000000000003,,0.92,False,,,48.2,,,,,,50.0,71.3884009595321,0.03422144153525137,,1.0,,53.124999999999865,1.001008064516129,1.001008064516129,1.0052419354838709,,,,NEUTRAL,,NEUTRAL,,34.94449980723411,0.0,-9.322360000000002,0.95,,1.0,11.035400000000001,-9.322360000000002,1.7130400000000001,483,185,Deep,1,Wk7,London game (Wk7) — historically low scoring,⚠ London Wk7,True,,London,0.853
00-0035282,Easton Stick,QB,TB,9.73,165.4,,0,,2023_old*0.80+rel[UNPROVEN*0.92],,none,2023_old*0.80+rel[UNPROVEN*0.92],UNPROVEN,0,13.512,,0.92,False,,,62.6,,,,,,50.0,36.25093968232914,-0.021998496508273378,,1.0,,51.3104838709677,1.0013104838709677,1.0004032258064515,1.0022177419354839,,,,NEUTRAL,,NEUTRAL,,16.16944462164362,0.0,-9.324016000000002,1.0,,,18.275616000000003,-9.324016000000002,8.951600000000001,484,45,Avoid,0,,,,False,,,1.0
00-0034867,Malik Turner,WR,SF,1.84,31.3,0.0,0,,2021_ancient*0.40+rel[UNPROVEN*0.92],,none,2021_ancient*0.40+rel[UNPROVEN*0.92],UNPROVEN,0,5.000000000000001,,0.92,False,,,53.5,0.004878048780487805,,,0.010638297872340425,,98.84795018162947,85.86365482399324,0.057381847718389195,,1.0,,46.774193548387075,0.9951612903225806,0.9951612903225806,0.9983870967741935,,,,NEUTRAL,,NEUTRAL,,44.75782421519167,0.0,-9.342600000000001,1.0,rookie_exemption,2.0,11.035400000000001,-9.342600000000001,1.6928,485,186,Deep,2,"Wk1, Wk11",2 international games — Melbourne (Wk1); Mexico City (Wk11),⚠ Melbourne Wk1; Mexico City Wk11,True,MULTIPLE_INTL_GAMES,Melbourne,0.853
00-0038640,Jalen Brooks,WR,ARI,1.93,32.8,3.3,9,2.48,2024_only*0.85+rel[UNPROVEN*0.92],,none,2024_only*0.85+rel[UNPROVEN*0.92],UNPROVEN,1,2.703205128205128,0.0,0.92,False,,,40.1,0.0030959752321981426,,0.02717391304347826,0.010869565217391304,,95.98667209626991,63.84792616237692,0.022156681859803077,0.0,1.0,,46.975806451612925,0.9979838709677419,0.9979838709677419,0.9959677419354839,,,,NEUTRAL,,NEUTRAL,,32.84842447889711,0.0,-9.348580000000002,0.95,,2.0,11.035400000000001,-9.348580000000002,1.68682,486,187,Deep,0,,,,False,,,1.0
00-0033319,Nick Mullens,QB,JAX,9.68,164.6,-0.01,0,0.33,2023_old*0.80+rel[UNPROVEN*0.92],,none,2023_old*0.80+rel[UNPROVEN*0.92],UNPROVEN,1,10.560666666666666,0.0,0.92,False,,,50.3,,,,,,50.0,43.58248415247496,-0.010268025356040062,-0.157,0.9958,,50.907258064516235,1.0009072580645162,1.0,1.0018145161290322,,,,NEUTRAL,,NEUTRAL,,13.52494348407408,0.0,-9.370016000000003,1.0,rookie_exemption,4.0,18.275616000000003,-9.370016000000003,8.9056,487,46,Avoid,2,"Wk6, Wk7","2 London games (Wk6, Wk7) — historically low scoring","⚠ London x2 (Wk6,7)",True,MULTIPLE_INTL_GAMES,London,0.853
00-0039062,Jonathan Mingo,WR,DAL,1.77,30.1,0.6,7,1.63,2024*0.30+2023*0.20+no_2025*0.72+rel[UNPROVEN*0.92],,none,2024*0.30+2023*0.20+no_2025*0.72+rel[UNPROVEN*0.92],UNPROVEN,1,3.205238095238095,0.0,0.92,False,,,42.3,0.002777777777777778,,0.0196078431372549,0.013888888888888888,,97.20503841307213,69.90993593103083,0.03185589748964933,-0.019,0.9995,,48.58870967741935,0.9997983870967742,0.9997983870967742,0.9973790322580645,,,,NEUTRAL,,NEUTRAL,,41.61754667008376,0.0,-9.488420000000001,0.95,,5.0,11.035400000000001,-9.488420000000001,1.54698,488,188,Deep,0,,,,False,,,1.0
00-0038573,Derius Davis,WR,LAC,1.7,28.9,0.5,8,2.85,2024*0.30+2023*0.20+no_2025*0.72+rel[UNPROVEN*0.92],,none,2024*0.30+2023*0.20+no_2025*0.72+rel[UNPROVEN*0.92],UNPROVEN,1,2.4,0.0,0.92,False,,,36.6,0.0028735632183908046,,0.012048192771084338,,,98.16507408946129,52.96449543969547,0.00474319270351275,,1.0,,45.36290322580649,0.9997983870967742,0.9997983870967742,0.9909274193548386,,,,NEUTRAL,,NEUTRAL,,27.69888310990099,0.0,-9.549600000000002,0.95,,5.0,11.035400000000001,-9.549600000000002,1.4858,489,189,Deep,0,,,,False,,,1.0
00-0038496,Xavier Gipson,WR,PHI,1.7,28.9,0.8,4,1.91,2024*0.30+2023*0.20+no_2025*0.72+rel[UNPROVEN*0.92],,none,2024*0.30+2023*0.20+no_2025*0.72+rel[UNPROVEN*0.92],UNPROVEN,1,3.1439560439560443,0.0,0.92,False,,,52.5,0.005291005291005291,,,,0.015625,97.93320105820106,86.51547671689036,0.05842476274702458,0.0,1.0,,60.88709677419346,1.0108870967741934,1.0108870967741934,1.0108870967741934,0.006211180124223602,-0.20278785564254345,0.20278785564254342,NEUTRAL,,NEUTRAL,,28.167569139601245,0.0,-9.549600000000002,0.95,,2.0,11.035400000000001,-9.549600000000002,1.4858,490,190,Deep,1,Wk6,London game (Wk6) — historically low scoring,⚠ London Wk6,True,,London,0.853
00-0038941,Tyler Scott,WR,LV,1.55,26.4,,0,1.0,2023_old*0.80+rel[UNPROVEN*0.92],,none,2023_old*0.80+rel[UNPROVEN*0.92],UNPROVEN,1,2.1076923076923078,0.0,0.92,False,,,35.7,,,,,,50.0,61.7300322798174,0.018768051647707843,,1.0,,44.455645161290306,0.9937499999999999,0.9937499999999999,0.9951612903225806,,,,NEUTRAL,,NEUTRAL,,38.10462969018401,0.0,-9.6094,1.0,,,11.035400000000001,-9.6094,1.4260000000000002,491,191,Deep,0,,,,False,,,1.0
00-0040259,Gage Larvadain,WR,BAL,1.41,24.0,1.56,0,,2025_only+rel[UNPROVEN*0.92],,none,2025_only+rel[UNPROVEN*0.92],UNPROVEN,0,1.5571428571428572,,0.92,False,,,33.0,0.016891891891891893,0.07692307692307693,0.06306306306306306,0.03333333333333333,0.017543859649122806,90.25788995499691,59.32767737944676,0.014924283807114818,-0.6,0.984,,48.89112903225801,0.9971774193548386,0.9971774193548386,1.0006048387096773,0.00847457627118644,-0.20278785564254345,0.20278785564254345,NEUTRAL,,NEUTRAL,,42.7461679098908,0.0,-9.7382,1.0,rookie_exemption,7.0,11.035400000000001,-9.7382,1.2972,492,192,Deep,0,,,,False,,,1.0
00-0034487,Trent Sherfield,WR,BUF,1.45,24.6,0.6,9,2.23,2024*0.30+2023*0.20+no_2025*0.72+rel[UNPROVEN*0.92],,none,2024*0.30+2023*0.20+no_2025*0.72+rel[UNPROVEN*0.92],UNPROVEN,2,2.855007949125597,0.3166091249953594,0.92,False,,,49.0,,,0.005434782608695652,,0.009523809523809525,99.18219461697723,58.025835662374284,0.012841337059798855,0.0,1.0,,43.85080645161299,0.9953629032258065,0.9953629032258065,0.9923387096774193,0.006369426751592357,-0.20278785564254345,0.20278785564254345,NEUTRAL,,NEUTRAL,,44.19858922056675,0.0,-9.7681,0.95,,4.0,11.035400000000001,-9.7681,1.2673,493,193,Deep,0,,,,False,,,1.0
00-0038938,Jalin Hyatt,WR,NYG,1.4,23.8,1.2,4,1.02,2024*0.30+2023*0.20+no_2025*0.72+rel[UNPROVEN*0.92],,none,2024*0.30+2023*0.20+no_2025*0.72+rel[UNPROVEN*0.92],UNPROVEN,1,2.684307692307692,0.0,0.92,False,,,51.5,0.022508038585209004,,,0.03896103896103896,0.014705882352941176,95.95604707067041,64.91503813917403,0.02386406102267845,0.0,1.0,,51.41129032258074,1.0028225806451612,1.0028225806451612,1.0,0.006024096385542169,-0.20278785564254345,0.20278785564254345,NEUTRAL,,NEUTRAL,,33.271975379437386,0.0,-9.811800000000002,0.95,,5.0,11.035400000000001,-9.811800000000002,1.2236,494,194,Deep,0,,,,False,,,1.0
00-0031503,Jameis Winston,QB,NYG,9.54,162.2,14.93,7,11.92,2024_only*0.85+rel[UNPROVEN*0.92],,none,2024_only*0.85+rel[UNPROVEN*0.92],UNPROVEN,0,11.871919191919192,,0.92,False,,,59.5,0.003215434083601286,,,,,50.0,64.91503813917403,0.02386406102267845,0.0,1.0,,51.41129032258074,1.0014112903225807,1.0028225806451612,1.0,0.012048192771084338,0.5944242887149132,0.4055757112850869,NEUTRAL,,NEUTRAL,,25.59775805880916,0.0,-9.937656000000004,0.95,,3.0,18.275616000000003,-9.937656000000004,8.337959999999999,495,47,Avoid,0,,,,False,,,1.0
00-0032208,Phillip Dorsett,WR,LV,1.09,18.5,,0,,2022_ancient*0.40+rel[UNPROVEN*0.92],,none,2022_ancient*0.40+rel[UNPROVEN*0.92],UNPROVEN,1,3.375595238095238,0.0,0.92,False,,,35.7,,,,,,50.0,61.7300322798174,0.018768051647707843,,1.0,,44.455645161290306,0.9937499999999999,0.9937499999999999,0.9951612903225806,,,,NEUTRAL,,NEUTRAL,,38.10462969018401,0.0,-10.0326,1.0,,,11.035400000000001,-10.0326,1.0028000000000001,496,195,Deep,0,,,,False,,,1.0
00-0040009,Savion Williams,WR,GB,0.94,16.0,2.05,0,,2025_only+rel[UNPROVEN*0.92] [availability:0.50],,none,2025_only+rel[UNPROVEN*0.92] [availability:0.50],UNPROVEN,0,2.045454545454546,,0.92,False,,,38.5,0.017721518987341773,,,,0.05405405405405406,92.73349298665754,58.17024718521366,0.013072395496341857,0.0,1.0,,48.48790322580654,0.9955645161290322,0.9955645161290322,1.0014112903225807,0.028735632183908046,-0.013939278212717232,1.0139392782127172,NEUTRAL,,NEUTRAL,,30.166310453477127,0.0,-10.1706,1.0,rookie_exemption,11.0,11.035400000000001,-10.1706,0.8648,497,196,Deep,0,,,,False,,,1.0
00-0035993,Tyler Huntley,QB,BAL,9.25,157.2,8.03,5,12.13,2025*0.50+2024*0.30+rel[UNPROVEN*0.92],,none,2025*0.50+2024*0.30+rel[UNPROVEN*0.92],UNPROVEN,0,9.800739926739928,,0.92,False,,,49.0,,,,,,50.0,59.32767737944676,0.014924283807114818,1.313,1.035,,48.89112903225801,0.998891129032258,0.9971774193548386,1.0006048387096773,0.043209876543209874,-1.419514989497804,1.419514989497804,TD_UNLUCKY_BUY,,NEUTRAL,,16.470551202687435,0.0,-10.191116000000003,0.95,,5.0,18.275616000000003,-10.191116000000003,8.0845,498,48,Avoid,0,,,,False,,,1.0
00-0035264,Jarrett Stidham,QB,DEN,8.76,148.9,4.76,0,0.25,2025_small_sample(1g)_regressed+rel[UNPROVEN*0.92],,none,2025_small_sample(1g)_regressed+rel[UNPROVEN*0.92],UNPROVEN,0,8.439200000000001,,0.92,False,,,65.8,,,,,,50.0,76.00929064261045,0.04161486502817672,,1.0,,49.596774193548356,0.9995967741935483,1.001008064516129,0.9981854838709677,0.005494505494505495,-0.20278785564254345,0.20278785564254345,NEUTRAL,,NEUTRAL,,19.187893843758246,0.0,-10.216416000000002,1.0,rookie_exemption,2.0,18.275616000000003,-10.216416000000002,8.0592,499,49,Avoid,0,,,,False,,,1.0
00-0038752,Jake Bobo,WR,SEA,0.87,14.8,3.32,8,2.11,2024*0.30+2023*0.20+no_2025*0.72+rel[UNPROVEN*0.92] [availability:0.50],,none,2024*0.30+2023*0.20+no_2025*0.72+rel[UNPROVEN*0.92] [availability:0.50],UNPROVEN,2,2.890708101422387,0.22081499269940255,0.92,False,,,44.5,0.00872093023255814,,,0.011764705882352941,0.024691358024691357,97.23058780507392,59.96730450368508,0.015947687205896125,,1.0,,57.76209677419364,1.0078629032258064,1.0078629032258064,1.0076612903225806,0.01,0.5944242887149132,0.4055757112850869,NEUTRAL,,NEUTRAL,,38.21478426080404,0.0,-10.275020000000001,0.95,,4.0,11.035400000000001,-10.275020000000001,0.76038,500,197,Deep,0,,,,False,,,1.0
00-0036382,K.J. Hill,WR,LAC,0.79,13.4,,0,,2020_ancient*0.40+rel[UNPROVEN*0.92],,none,2020_ancient*0.40+rel[UNPROVEN*0.92],UNPROVEN,0,2.628,,0.92,False,,,36.6,,,,,,50.0,52.96449543969547,0.00474319270351275,,1.0,,45.36290322580649,0.9997983870967742,0.9997983870967742,0.9909274193548386,,,,NEUTRAL,,NEUTRAL,,50.0,0.0,-10.3086,1.0,,,11.035400000000001,-10.3086,0.7268000000000001,501,198,Deep,0,,,,False,,,1.0
00-0040581,Dont'e Thornton Jr.,WR,LV,0.79,13.4,1.68,0,,2025_only+rel[UNPROVEN*0.92] [availability:0.50],,none,2025_only+rel[UNPROVEN*0.92] [availability:0.50],UNPROVEN,0,1.6818181818181819,,0.92,False,,,35.7,0.054945054945054944,,0.0728476821192053,0.031746031746031744,0.03225806451612903,93.1366748802291,61.7300322798174,0.018768051647707843,0.975,1.026,,44.455645161290306,0.9937499999999999,0.9937499999999999,0.9951612903225806,0.01834862385321101,-0.4055757112850869,0.4055757112850869,NEUTRAL,,NEUTRAL,,39.0953500621288,0.0,-10.3086,1.0,rookie_exemption,11.0,11.035400000000001,-10.3086,0.7268000000000001,502,199,Deep,0,,,,False,,,1.0
00-0027973,Andy Dalton,QB,PHI,9.11,154.9,3.38,4,9.83,2024_only*0.85+rel[EMERGING*1.03],,none,2024_only*0.85+rel[EMERGING*1.03],EMERGING,2,11.107222222222221,0.002057863109231113,1.03,False,,,68.5,,,,,,50.0,86.51547671689036,0.05842476274702458,,1.0,,60.88709677419346,1.0108870967741934,1.0108870967741934,1.0108870967741934,,,,NEUTRAL,,NEUTRAL,,11.038239852714652,0.0,-10.313476000000003,0.95,,4.0,18.275616000000003,-10.313476000000003,7.96214,503,50,Avoid,1,Wk6,London game (Wk6) — historically low scoring,⚠ London Wk6,True,,London,0.853
00-0035704,Drew Lock,QB,SEA,9.1,154.7,0.03,6,11.45,2024_only*0.85+rel[UNPROVEN*0.92],,none,2024_only*0.85+rel[UNPROVEN*0.92],UNPROVEN,1,11.566169343477034,0.0,0.92,False,,,60.5,,,,,,50.0,59.96730450368508,0.015947687205896125,0.0,1.0,,57.76209677419364,1.0077620967741936,1.0078629032258064,1.0076612903225806,,,,NEUTRAL,,NEUTRAL,,67.80614634734154,0.0,-10.322216000000004,0.95,,3.0,18.275616000000003,-10.322216000000004,7.953399999999999,504,51,Avoid,0,,,,False,,,1.0
00-0039623,Mason Tipton,WR,NO,0.73,12.4,2.48,6,1.88,2024_only*0.85+rel[UNPROVEN*0.92] [availability:0.50],,none,2024_only*0.85+rel[UNPROVEN*0.92] [availability:0.50],UNPROVEN,0,2.0796296296296295,,0.92,False,,,43.6,0.030303030303030304,,0.02654867256637168,0.02912621359223301,0.038461538461538464,98.21744639084889,62.22868616277322,0.019565897860437158,0.0,1.0,,54.83870967741944,1.0048387096774194,1.0048387096774194,1.0048387096774194,0.01680672268907563,-0.4055757112850869,0.4055757112850869,NEUTRAL,,NEUTRAL,,37.43027211732382,0.0,-10.397380000000002,0.95,,6.0,11.035400000000001,-10.397380000000002,0.6380199999999999,505,200,Deep,0,,,,False,,,1.0
00-0038400,Tanner McKee,QB,PHI,8.97,152.5,3.44,2,14.41,2025_small_sample(2g)_regressed+rel[UNPROVEN*0.92],,none,2025_small_sample(2g)_regressed+rel[UNPROVEN*0.92],UNPROVEN,0,8.925,,0.92,False,,,60.5,,,,,,50.0,86.51547671689036,0.05842476274702458,0.0,1.0,,60.88709677419346,1.0108870967741934,1.0108870967741934,1.0108870967741934,,,,NEUTRAL,,NEUTRAL,,11.038239852714652,0.0,-10.435836000000002,0.95,,4.0,18.275616000000003,-10.435836000000002,7.839780000000001,506,52,Avoid,1,Wk6,London game (Wk6) — historically low scoring,⚠ London Wk6,True,,London,0.853
00-0040206,Riley Leonard,QB,IND,8.45,143.6,6.66,0,,2025_small_sample(2g)_regressed+rel[UNPROVEN*0.92],,none,2025_small_sample(2g)_regressed+rel[UNPROVEN*0.92],UNPROVEN,0,6.660000000000001,,0.92,False,,,55.4,,,,,,50.0,48.981774097457205,-0.0016291614440684726,-1.134,0.9698,,50.8064516129032,1.0008064516129032,0.9993951612903226,1.0022177419354839,0.010752688172043012,1.5944242887149132,0.4055757112850869,TD_LUCK_FADE,,NEUTRAL,,12.016318636986169,0.0,-10.501616000000002,1.0,rookie_exemption,5.0,18.275616000000003,-10.501616000000002,7.774,507,53,Avoid,0,,,,False,,,1.0
00-0036679,Shane Buechele,QB,BUF,8.44,143.5,3.92,0,,2025_small_sample(1g)_regressed+rel[UNPROVEN*0.92],,none,2025_small_sample(1g)_regressed+rel[UNPROVEN*0.92],UNPROVEN,0,3.92,,0.92,False,,,65.0,,,,,,50.0,58.025835662374284,0.012841337059798855,,1.0,,43.85080645161299,0.993850806451613,0.9953629032258065,0.9923387096774193,,,,NEUTRAL,,NEUTRAL,,15.197594259244507,0.0,-10.510816000000002,1.0,rookie_exemption,1.0,18.275616000000003,-10.510816000000002,7.7648,508,54,Avoid,0,,,,False,,,1.0
00-0040691,Jaxson Dart,QB,NYG,8.41,143.0,17.4,0,,2025_only+rel[UNPROVEN*0.92] [availability:0.50],,none,2025_only+rel[UNPROVEN*0.92] [availability:0.50],UNPROVEN,1,17.398571428571433,0.0,0.92,False,118.2,16.0,79.5,,,,,,50.0,64.91503813917403,0.02386406102267845,0.986,1.0263,,51.41129032258074,1.0014112903225807,1.0028225806451612,1.0,0.13253012048192772,3.5386671758640444,4.4613328241359556,TD_LUCK_FADE,118.2,NEUTRAL,,30.72995098720641,0.0,-10.538416000000002,1.0,rookie_exemption,14.0,18.275616000000003,-10.538416000000002,7.7372000000000005,509,55,Avoid,0,,,,False,,,1.0
00-0039398,Joe Milton III,QB,DAL,8.71,148.1,3.08,1,19.24,2025_small_sample(3g)_regressed+rel[UNPROVEN*0.92],,none,2025_small_sample(3g)_regressed+rel[UNPROVEN*0.92],UNPROVEN,0,7.120000000000001,,0.92,False,,,50.3,,,,,,50.0,69.90993593103083,0.03185589748964933,0.0,1.0,,48.58870967741935,0.9985887096774193,0.9997983870967742,0.9973790322580645,0.005154639175257732,-0.20278785564254345,0.20278785564254345,NEUTRAL,,NEUTRAL,,17.07997426938272,0.0,-10.663076000000002,0.95,,4.0,18.275616000000003,-10.663076000000002,7.612540000000001,510,56,Avoid,0,,,,False,,,1.0
00-0038416,Tyson Bagent,QB,CHI,8.27,140.6,1.29,0,-0.07,2025_small_sample(1g)_regressed+rel[UNPROVEN*0.92],,none,2025_small_sample(1g)_regressed+rel[UNPROVEN*0.92],UNPROVEN,0,9.091666666666667,,0.92,False,,,50.9,,,,,,50.0,46.724480763023614,-0.0052408307791622175,,1.0,,46.27016129032258,0.9962701612903225,0.9943548387096773,0.9981854838709677,,,,NEUTRAL,,NEUTRAL,,36.49518236625517,0.0,-10.667216000000003,1.0,rookie_exemption,2.0,18.275616000000003,-10.667216000000003,7.6084,511,57,Avoid,0,,,,False,,,1.0
00-0040582,Arian Smith,WR,NYJ,0.38,6.5,0.83,0,,2025_only+rel[UNPROVEN*0.92] [availability:0.50],,none,2025_only+rel[UNPROVEN*0.92] [availability:0.50],UNPROVEN,0,0.8333333333333334,,0.92,False,,,31.6,0.03389830508474576,,0.0365296803652968,0.02247191011235955,,97.55920762441033,51.435893228452784,0.002297429165524454,-0.03,0.9992,,47.58064516129035,0.9959677419354839,0.9959677419354839,0.9991935483870967,,,,NEUTRAL,,NEUTRAL,,34.905218946044506,0.0,-10.6858,1.0,rookie_exemption,12.0,11.035400000000001,-10.6858,0.3496,512,201,Deep,0,,,,False,,,1.0
00-0033949,Joshua Dobbs,QB,DET,8.6,146.2,0.52,2,15.42,2025_small_sample(1g)_regressed+rel[UNPROVEN*0.92],,none,2025_small_sample(1g)_regressed+rel[UNPROVEN*0.92],UNPROVEN,1,13.523421052631582,0.0,0.92,False,,,61.9,,,,,,50.0,71.6413052933654,0.03462608846938465,0.0,1.0,,54.737903225806626,1.0047379032258066,1.0034274193548387,1.0060483870967742,,,,NEUTRAL,,NEUTRAL,,17.45208285067023,0.0,-10.759216000000002,0.95,,4.0,18.275616000000003,-10.759216000000002,7.5164,513,58,Avoid,1,Wk8,Munich game (Wk8) — lowest scoring international venue,⚠ Munich Wk8,True,,Munich,0.674
00-0033869,Mitchell Trubisky,QB,TEN,8.59,146.0,7.28,2,1.66,2025_small_sample(1g)_regressed+rel[UNPROVEN*0.92],,none,2025_small_sample(1g)_regressed+rel[UNPROVEN*0.92],UNPROVEN,1,10.676059052059053,0.0,0.92,False,,,55.3,,,,,,50.0,43.59991239936847,-0.010240140161010448,,1.0,,51.008064516129046,1.001008064516129,1.0006048387096773,1.0014112903225807,,,,NEUTRAL,,NEUTRAL,,13.793423145310657,0.0,-10.767956000000003,0.95,,4.0,18.275616000000003,-10.767956000000003,7.50766,514,59,Avoid,0,,,,False,,,1.0
00-0037012,Trey Lance,QB,LAC,8.53,145.0,3.88,1,3.19,2025_small_sample(3g)_regressed+rel[UNPROVEN*0.92],,none,2025_small_sample(3g)_regressed+rel[UNPROVEN*0.92],UNPROVEN,0,7.4,,0.92,False,,,52.6,,,,,,50.0,52.96449543969547,0.00474319270351275,0.0,1.0,,45.36290322580649,0.9953629032258065,0.9997983870967742,0.9909274193548386,,,,NEUTRAL,,NEUTRAL,,12.899112439569029,0.0,-10.820396000000002,0.95,,4.0,18.275616000000003,-10.820396000000002,7.45522,515,60,Avoid,0,,,,False,,,1.0
00-0028118,Tyrod Taylor,QB,GB,8.41,143.0,10.24,2,10.03,2025*0.50+2023*0.20+rel[UNPROVEN*0.92],,none,2025*0.50+2023*0.20+rel[UNPROVEN*0.92],UNPROVEN,0,10.195420289855072,,0.92,False,,,54.5,,,,,,50.0,58.17024718521366,0.013072395496341857,-4.717,0.92,SNAP_FALLING,48.48790322580654,0.9984879032258065,0.9955645161290322,1.0014112903225807,0.024193548387096774,0.3916364330723696,0.6083635669276304,NEUTRAL,,NEUTRAL,,16.010444897601417,0.0,-10.925276000000004,0.95,,6.0,18.275616000000003,-10.925276000000004,7.35034,516,61,Avoid,0,,,,False,,,1.0
00-0033537,Deshaun Watson,QB,CLE,7.94,135.0,,7,10.96,2024*0.30+2023*0.20+no_2025*0.72+rel[UNPROVEN*0.92],,none,2024*0.30+2023*0.20+no_2025*0.72+rel[UNPROVEN*0.92],UNPROVEN,1,17.763333333333335,0.0,0.92,False,,,57.5,,,,,,50.0,30.787804878048778,-0.030739512195121957,,1.0,,51.51209677419355,1.0015120967741935,1.0062499999999999,0.996774193548387,,,,NEUTRAL,,NEUTRAL,,56.9821943857652,0.0,-10.970816000000003,1.0,,,18.275616000000003,-10.970816000000003,7.304800000000001,517,62,Avoid,0,,,,False,,,1.0
00-0035289,Gardner Minshew,QB,ARI,8.33,141.6,-0.08,9,9.63,2024*0.30+2023*0.20+no_2025*0.72+rel[PROVEN_SOLID*1.06],,none,2024*0.30+2023*0.20+no_2025*0.72+rel[PROVEN_SOLID*1.06],PROVEN_SOLID,3,12.246109649122808,0.2778230951673608,1.06,False,,,56.1,,,,,,50.0,63.84792616237692,0.022156681859803077,0.0,1.0,,46.975806451612925,0.9969758064516129,0.9979838709677419,0.9959677419354839,,,,NEUTRAL,,NEUTRAL,,19.538033656503146,0.0,-10.995196000000004,0.95,,4.0,18.275616000000003,-10.995196000000004,7.28042,518,63,Avoid,0,,,,False,,,1.0
00-0038979,Cedric Tillman,WR,NO,0.0,0.0,4.12,5,7.32,2025*0.50+2024*0.30+2023*0.20+starter_floor_soft+rel[EMERGING*1.03] [availability:0.00],,none,2025*0.50+2024*0.30+2023*0.20+starter_floor_soft+rel[EMERGING*1.03] [availability:0.00],EMERGING,2,4.450878348704435,0.11923080718130362,1.03,False,,,59.6,0.09797297297297297,,0.018018018018018018,0.08888888888888889,0.07017543859649122,87.61400451955971,62.22868616277322,0.019565897860437158,-0.719,0.9808,,54.83870967741944,1.0048387096774194,1.0048387096774194,1.0048387096774194,0.03389830508474576,1.1888485774298263,0.8111514225701738,TD_LUCK_FADE,,NEUTRAL,,36.7116108926712,0.0,-11.035400000000001,1.0,,12.0,11.035400000000001,-11.035400000000001,0.0,519,202,Deep,0,,,,False,,,1.0
00-0038476,Tommy DeVito,QB,NE,7.84,133.3,,2,6.74,2023_old*0.80+rel[UNPROVEN*0.92],,none,2023_old*0.80+rel[UNPROVEN*0.92],UNPROVEN,1,9.662666666666668,0.0,0.92,False,,,53.2,,,,,,50.0,66.2210769855281,0.02595372317684496,,1.0,,49.899193548387125,0.9998991935483871,0.9961693548387096,1.0036290322580645,,,,NEUTRAL,,NEUTRAL,,21.72186010178459,0.0,-11.062816000000002,1.0,,,18.275616000000003,-11.062816000000002,7.2128000000000005,520,64,Avoid,0,,,,False,,,1.0
00-0038102,Kenny Pickett,QB,CAR,7.99,135.8,1.62,2,3.49,2025_small_sample(2g)_regressed+rel[UNPROVEN*0.92],,none,2025_small_sample(2g)_regressed+rel[UNPROVEN*0.92],UNPROVEN,2,9.320098522167488,0.12576900173227826,0.92,False,,,46.9,,,,,,50.0,37.364597196445956,-0.02021664448568647,-1.09,0.9709,,39.51612903225809,0.989516129032258,0.9917338709677419,0.9872983870967742,,,,NEUTRAL,,NEUTRAL,,22.622502372862417,0.0,-11.292356000000002,0.95,,6.0,18.275616000000003,-11.292356000000002,6.9832600000000005,521,65,Avoid,0,,,,False,,,1.0
00-0040234,Quinn Ewers,QB,JAX,7.44,126.5,8.17,0,,2025_only+rel[UNPROVEN*0.92],,none,2025_only+rel[UNPROVEN*0.92],UNPROVEN,0,8.17,,0.92,False,,,42.3,0.0040650406504065045,,,,0.014925373134328358,97.82793350321562,43.58248415247496,-0.010268025356040062,0.0,1.0,,50.907258064516235,1.0009072580645162,1.0,1.0018145161290322,0.0072992700729927005,-0.20278785564254345,0.20278785564254345,NEUTRAL,,NEUTRAL,,14.635553197998028,0.0,-11.430816000000004,1.0,rookie_exemption,4.0,18.275616000000003,-11.430816000000004,6.8448,522,66,Avoid,2,"Wk6, Wk7","2 London games (Wk6, Wk7) — historically low scoring","⚠ London x2 (Wk6,7)",True,MULTIPLE_INTL_GAMES,London,0.853
00-0034771,Mason Rudolph,QB,PIT,7.83,133.1,2.85,8,11.98,2024*0.30+2023*0.20+no_2025*0.72+rel[UNPROVEN*0.92],,none,2024*0.30+2023*0.20+no_2025*0.72+rel[UNPROVEN*0.92],UNPROVEN,1,9.971725490196079,0.0,0.92,False,,,48.4,,,,,,50.0,57.575124955459145,0.012120199928734633,0.0,1.0,,42.13709677419364,0.9921370967741936,0.9923387096774193,0.9919354838709677,0.00625,-0.20278785564254345,0.20278785564254345,NEUTRAL,,NEUTRAL,,22.10838285229202,0.0,-11.432196000000003,0.95,,6.0,18.275616000000003,-11.432196000000003,6.84342,523,67,Avoid,0,,,,False,,,1.0
00-0033662,Cooper Rush,QB,ATL,7.42,126.1,0.93,8,9.13,2024_only*0.85+rel[UNPROVEN*0.92],,none,2024_only*0.85+rel[UNPROVEN*0.92],UNPROVEN,1,6.544353741496598,0.0,0.92,False,,,53.3,,,,,,50.0,74.65614168324744,0.039449826693195904,,1.0,,48.38709677419351,0.9983870967741935,1.004032258064516,0.9927419354838709,,,,NEUTRAL,,NEUTRAL,,13.072020019807583,0.0,-11.790536000000003,0.95,,4.0,18.275616000000003,-11.790536000000003,6.48508,524,68,Avoid,0,,,,False,,,1.0
00-0038579,Aidan O'Connell,QB,LV,7.29,123.9,4.78,9,10.39,2024*0.30+2023*0.20+no_2025*0.72+rel[UNPROVEN*0.92],,none,2024*0.30+2023*0.20+no_2025*0.72+rel[UNPROVEN*0.92],UNPROVEN,2,10.67047619047619,0.04927217552172931,0.92,False,,,51.7,,,,,,50.0,61.7300322798174,0.018768051647707843,,1.0,,44.455645161290306,0.9944556451612903,0.9937499999999999,0.9951612903225806,,,,NEUTRAL,,NEUTRAL,,17.574156212287495,0.0,-11.904156000000004,0.95,,1.0,18.275616000000003,-11.904156000000004,6.37146,525,69,Avoid,0,,,,False,,,1.0
00-0022924,Ben Roethlisberger,QB,PIT,5.14,87.4,,0,,2021_ancient*0.40+rel[UNPROVEN*0.92],,none,2021_ancient*0.40+rel[UNPROVEN*0.92],UNPROVEN,2,16.116969696969694,0.14825212461926082,0.92,False,,,40.4,,,,,,50.0,57.575124955459145,0.012120199928734633,,1.0,,42.13709677419364,0.9921370967741936,0.9923387096774193,0.9919354838709677,,,,NEUTRAL,,NEUTRAL,,50.0,0.0,-13.546816000000003,1.0,,,18.275616000000003,-13.546816000000003,4.7288,526,70,Avoid,0,,,,False,,,1.0
00-0040398,Brady Cook,QB,MIA,5.1,86.7,5.69,0,,2025_only+rel[UNPROVEN*0.92],,none,2025_only+rel[UNPROVEN*0.92],UNPROVEN,0,5.692,,0.92,False,,,46.3,,,,,,50.0,39.49461048193906,-0.0168086232288975,-0.348,0.9907,,53.326612903225936,1.003326612903226,1.0012096774193548,1.0054435483870967,,,,NEUTRAL,,NEUTRAL,,10.933049852535843,0.0,-13.583616000000003,1.0,rookie_exemption,5.0,18.275616000000003,-13.583616000000003,4.692,527,71,Avoid,0,,,,False,,,1.0
00-0034577,Kyle Allen,QB,BUF,4.19,71.2,-0.15,0,0.76,2020_ancient*0.40+rel[UNPROVEN*0.92],,none,2020_ancient*0.40+rel[UNPROVEN*0.92],UNPROVEN,0,8.605,,0.92,False,,,57.0,,,,,,50.0,58.025835662374284,0.012841337059798855,,1.0,,43.85080645161299,0.993850806451613,0.9953629032258065,0.9923387096774193,,,,NEUTRAL,,NEUTRAL,,15.197594259244507,0.0,-14.420816000000002,1.0,rookie_exemption,2.0,18.275616000000003,-14.420816000000002,3.8548000000000004,528,72,Avoid,0,,,,False,,,1.0
00-0035232,Dwayne Haskins,QB,PIT,3.62,61.5,,0,,2020_ancient*0.40+rel[UNPROVEN*0.92],,none,2020_ancient*0.40+rel[UNPROVEN*0.92],UNPROVEN,0,9.737142857142857,,0.92,False,,,32.4,,,,,,50.0,57.575124955459145,0.012120199928734633,,1.0,,42.13709677419364,0.9921370967741936,0.9923387096774193,0.9919354838709677,,,,NEUTRAL,,NEUTRAL,,50.0,0.0,-14.945216000000002,1.0,,,18.275616000000003,-14.945216000000002,3.3304,529,73,Avoid,0,,,,False,,,1.0
00-0040704,Dillon Gabriel,QB,CLE,3.48,59.2,7.79,0,,2025_only+rel[UNPROVEN*0.92] [availability:0.50],,none,2025_only+rel[UNPROVEN*0.92] [availability:0.50],UNPROVEN,0,7.786666666666668,,0.92,False,,,49.5,,,,,,50.0,30.787804878048778,-0.030739512195121957,0.0,1.0,,51.51209677419355,1.0015120967741935,1.0062499999999999,0.996774193548387,0.01694915254237288,-0.4055757112850869,0.4055757112850869,NEUTRAL,,NEUTRAL,,17.716747499524402,0.0,-15.074016000000004,1.0,rookie_exemption,10.0,18.275616000000003,-15.074016000000004,3.2016,530,74,Avoid,0,,,,False,,,1.0
00-0036879,Sam Ehlinger,QB,DEN,3.41,58.0,,0,,2022_ancient*0.40+rel[UNPROVEN*0.92],,none,2022_ancient*0.40+rel[UNPROVEN*0.92],UNPROVEN,0,8.905000000000001,,0.92,False,,,57.8,,,,,,50.0,76.00929064261045,0.04161486502817672,,1.0,,49.596774193548356,0.9995967741935483,1.001008064516129,0.9981854838709677,,,,NEUTRAL,,NEUTRAL,,19.187893843758246,0.0,-15.138416000000003,1.0,,,18.275616000000003,-15.138416000000003,3.1372000000000004,531,75,Avoid,0,,,,False,,,1.0
00-0040494,Max Brosmer,QB,MIN,0.85,14.4,0.89,0,,2025_only+rel[UNPROVEN*0.92],,none,2025_only+rel[UNPROVEN*0.92],UNPROVEN,0,0.8885714285714286,,0.92,False,,,41.7,,,,,,50.0,58.576588592797,0.013722541748475203,0.745,1.0199,,58.0645161290323,1.0080645161290323,1.0088709677419354,1.007258064516129,,,,NEUTRAL,,NEUTRAL,,14.331444378673512,0.0,-17.493616000000003,1.0,rookie_exemption,7.0,18.275616000000003,-17.493616000000003,0.782,532,76,Avoid,1,Wk11,Mexico City game (Wk11) — mild scoring impact historically,⚠ Mexico City Wk11,True,,Mexico City,0.9
00-0037327,Skylar Thompson,QB,BAL,0.67,11.4,,2,3.94,2022_ancient*0.40+rel[UNPROVEN*0.92] [availability:0.50],,none,2022_ancient*0.40+rel[UNPROVEN*0.92] [availability:0.50],UNPROVEN,0,3.6757142857142853,,0.92,False,,,41.0,,,,,,50.0,59.32767737944676,0.014924283807114818,,1.0,,48.89112903225801,0.998891129032258,0.9971774193548386,1.0006048387096773,,,,NEUTRAL,,NEUTRAL,,10.2980695330379,0.0,-17.659216000000004,1.0,,,18.275616000000003,-17.659216000000004,0.6164000000000001,533,77,Avoid,0,,,,False,,,1.0
00-0038488,Brady Russell,RB,SEA,0.4425,50.2,0.0,0,,rookie_baseline_depth+rel[UNPROVEN*0.92],,none,rookie_baseline_depth+rel[UNPROVEN*0.92],UNPROVEN,0,0.0,,0.92,False,,,44.5,0.0029069767441860465,,,,,50.0,59.96730450368508,0.015947687205896125,0.0,1.0,,57.76209677419364,1.0076612903225806,1.0078629032258064,1.0076612903225806,,,,NEUTRAL,,NEUTRAL,,37.70204131239955,0.0,-57.08246666666667,1.0,rookie_exemption,1.0,9.796466666666667,-7.082466666666667,2.7140000000000004,534,136,Handcuff,0,,,,False,,,1.0
00-0032782,Wendell Smallwood,RB,WAS,0.4425,50.2,,0,,rookie_baseline_depth+rel[UNPROVEN*0.92],,none,rookie_baseline_depth+rel[UNPROVEN*0.92],UNPROVEN,0,3.35,,0.92,False,,,50.7,,,,,,50.0,74.4380335679125,0.03910085370866,,1.0,,50.60483870967736,1.0054435483870967,0.995766129032258,1.0054435483870967,,,,NEUTRAL,,NEUTRAL,,50.0,0.0,-57.08246666666667,1.0,,,9.796466666666667,-7.082466666666667,2.7140000000000004,535,137,Handcuff,0,,,,False,,,1.0
00-0040476,Ulysses Bentley IV,RB,NO,0.4425,50.2,0.0,0,,rookie_baseline_depth+rel[UNPROVEN*0.92],,none,rookie_baseline_depth+rel[UNPROVEN*0.92],UNPROVEN,0,0.0,,0.92,False,,,43.6,,,,,,50.0,62.22868616277322,0.019565897860437158,,1.0,,54.83870967741944,1.0048387096774194,1.0048387096774194,1.0048387096774194,,,,NEUTRAL,,NEUTRAL,,37.380365652444,0.0,-57.08246666666667,1.0,rookie_exemption,1.0,9.796466666666667,-7.082466666666667,2.7140000000000004,536,138,Handcuff,0,,,,False,,,1.0
00-0038458,Owen Wright,RB,LV,0.441,50.0,0.6,0,,rookie_baseline_depth+rel[UNPROVEN*0.92],,none,rookie_baseline_depth+rel[UNPROVEN*0.92],UNPROVEN,0,0.6,,0.92,False,,,35.7,,,,,,50.0,61.7300322798174,0.018768051647707843,0.0,1.0,,44.455645161290306,0.9951612903225806,0.9937499999999999,0.9951612903225806,,,,NEUTRAL,,NEUTRAL,,38.147488035131786,0.0,-57.09166666666667,1.0,rookie_exemption,1.0,9.796466666666667,-7.091666666666667,2.7048,537,139,Handcuff,0,,,,False,,,1.0
00-0040039,Amar Johnson,RB,LAC,0.441,50.0,0.8,0,,rookie_baseline_depth+rel[UNPROVEN*0.92],,none,rookie_baseline_depth+rel[UNPROVEN*0.92],UNPROVEN,0,0.8,,0.92,False,,,36.6,,,0.012048192771084338,,,50.0,52.96449543969547,0.00474319270351275,,1.0,,45.36290322580649,0.9909274193548386,0.9997983870967742,0.9909274193548386,,,,NEUTRAL,,NEUTRAL,,27.39980944043536,0.0,-57.09166666666667,1.0,rookie_exemption,1.0,9.796466666666667,-7.091666666666667,2.7048,538,140,Handcuff,0,,,,False,,,1.0
00-0035924,Jonathan Ward,RB,BAL,0.441,50.0,,1,1.1,rookie_baseline_depth+rel[UNPROVEN*0.92],,none,rookie_baseline_depth+rel[UNPROVEN*0.92],UNPROVEN,0,2.2857142857142856,,0.92,False,,,41.0,,,,,,50.0,59.32767737944676,0.014924283807114818,,1.0,,48.89112903225801,1.0006048387096773,0.9971774193548386,1.0006048387096773,,,,NEUTRAL,,NEUTRAL,,43.49711664707944,0.0,-57.09166666666667,1.0,,,9.796466666666667,-7.091666666666667,2.7048,539,141,Handcuff,0,,,,False,,,1.0
00-0039266,Kendall Milton,RB,CIN,0.441,50.0,0.2,0,,rookie_baseline_depth+rel[UNPROVEN*0.92],,none,rookie_baseline_depth+rel[UNPROVEN*0.92],UNPROVEN,0,0.2,,0.92,False,,,40.8,,,,,,50.0,68.34794241910284,0.02935670787056454,,1.0,,47.27822580645169,0.9933467741935483,1.0012096774193548,0.9933467741935483,,,,NEUTRAL,,NEUTRAL,,39.637050490729465,0.0,-57.09166666666667,1.0,rookie_exemption,1.0,9.796466666666667,-7.091666666666667,2.7048,540,142,Handcuff,0,,,,False,,,1.0
00-0039703,Cody Schrader,RB,DEN,0.441,50.0,,1,1.4,rookie_baseline_depth+rel[UNPROVEN*0.92],,none,rookie_baseline_depth+rel[UNPROVEN*0.92],UNPROVEN,0,1.4,,0.92,False,,,49.8,,,,,,50.0,76.00929064261045,0.04161486502817672,,1.0,,49.596774193548356,0.9981854838709677,1.001008064516129,0.9981854838709677,,,,NEUTRAL,,NEUTRAL,,35.68403805626777,0.0,-57.09166666666667,1.0,,,9.796466666666667,-7.091666666666667,2.7048,541,143,Handcuff,0,,,,False,,,1.0
00-0036000,Adrian Killins,RB,DEN,0.441,50.0,,0,,rookie_baseline_depth+rel[UNPROVEN*0.92],,none,rookie_baseline_depth+rel[UNPROVEN*0.92],UNPROVEN,0,-0.5,,0.92,False,,,49.8,,,,,,50.0,76.00929064261045,0.04161486502817672,,1.0,,49.596774193548356,0.9981854838709677,1.001008064516129,0.9981854838709677,,,,NEUTRAL,,NEUTRAL,,50.0,0.0,-57.09166666666667,1.0,,,9.796466666666667,-7.091666666666667,2.7048,542,144,Handcuff,0,,,,False,,,1.0
00-0040205,Kalel Mullings,RB,TEN,0.438,49.6,0.23,0,,rookie_baseline_depth+rel[UNPROVEN*0.92],,none,rookie_baseline_depth+rel[UNPROVEN*0.92],UNPROVEN,0,0.2333333333333333,,0.92,False,,,39.3,,,,,,50.0,43.59991239936847,-0.010240140161010448,-0.293,0.9922,,51.008064516129046,1.0014112903225807,1.0006048387096773,1.0014112903225807,,,,NEUTRAL,,NEUTRAL,,30.728056639985077,0.0,-57.11006666666667,1.0,rookie_exemption,3.0,9.796466666666667,-7.110066666666667,2.6864,543,145,Handcuff,0,,,,False,,,1.0
00-0036433,Tommy Stevens,TE,NYG,0.276,31.3,,0,,rookie_baseline_depth+rel[UNPROVEN*0.92],,none,rookie_baseline_depth+rel[UNPROVEN*0.92],UNPROVEN,0,2.4000000000000004,,0.92,False,,,51.5,,,,,,50.0,64.91503813917403,0.02386406102267845,,1.0,,51.41129032258074,1.0028225806451612,1.0028225806451612,1.0,,,,NEUTRAL,,NEUTRAL,,50.0,0.0,-57.119604,1.0,,,8.812404,-7.119604000000001,1.6928,544,120,Streamer,0,,,,False,,,1.0
00-0040058,Nick Kallerup,TE,SEA,0.276,31.3,0.0,0,,rookie_baseline_depth+rel[UNPROVEN*0.92],,none,rookie_baseline_depth+rel[UNPROVEN*0.92],UNPROVEN,0,0.0,,0.92,False,,,44.5,,0.012345679012345678,,,0.012345679012345678,100.0,59.96730450368508,0.015947687205896125,,1.0,,57.76209677419364,1.0078629032258064,1.0078629032258064,1.0076612903225806,0.005,-0.20278785564254345,0.20278785564254345,NEUTRAL,,NEUTRAL,,38.21478426080404,0.0,-57.119604,1.0,rookie_exemption,1.0,8.812404,-7.119604000000001,1.6928,545,121,Streamer,0,,,,False,,,1.0
00-0035039,Stephen Carlson,TE,CHI,0.276,31.3,,0,,rookie_baseline_depth+rel[UNPROVEN*0.92],,none,rookie_baseline_depth+rel[UNPROVEN*0.92],UNPROVEN,0,0.8,,0.92,False,,,42.9,,,,,,50.0,46.724480763023614,-0.0052408307791622175,,1.0,,46.27016129032258,0.9943548387096773,0.9943548387096773,0.9981854838709677,,,,NEUTRAL,,NEUTRAL,,39.35859752277056,0.0,-57.119604,1.0,,,8.812404,-7.119604000000001,1.6928,546,122,Streamer,0,,,,False,,,1.0
00-0035539,Isaac Nauta,TE,GB,0.276,31.3,,0,,rookie_baseline_depth+rel[UNPROVEN*0.92],,none,rookie_baseline_depth+rel[UNPROVEN*0.92],UNPROVEN,0,0.4,,0.92,False,,,38.5,,,,,,50.0,58.17024718521366,0.013072395496341857,,1.0,,48.48790322580654,0.9955645161290322,0.9955645161290322,1.0014112903225807,,,,NEUTRAL,,NEUTRAL,,50.0,0.0,-57.119604,1.0,,,8.812404,-7.119604000000001,1.6928,547,123,Streamer,0,,,,False,,,1.0
00-0040628,Drake Dabney,TE,GB,0.276,31.3,0.8,0,,rookie_baseline_depth+rel[UNPROVEN*0.92],,none,rookie_baseline_depth+rel[UNPROVEN*0.92],UNPROVEN,0,0.8,,0.92,False,,,38.5,0.002531645569620253,,0.16666666666666666,0.013157894736842105,0.013513513513513514,60.76128094232416,58.17024718521366,0.013072395496341857,,1.0,,48.48790322580654,0.9955645161290322,0.9955645161290322,1.0014112903225807,0.005747126436781609,-0.20278785564254345,0.20278785564254345,NEUTRAL,,NEUTRAL,,30.166310453477127,0.0,-57.119604,1.0,rookie_exemption,1.0,8.812404,-7.119604000000001,1.6928,548,124,Streamer,0,,,,False,,,1.0
00-0033112,Temarrick Hemingway,TE,WAS,0.276,31.3,,0,,rookie_baseline_depth+rel[UNPROVEN*0.92],,none,rookie_baseline_depth+rel[UNPROVEN*0.92],UNPROVEN,0,0.75,,0.92,False,,,50.7,,,,,,50.0,74.4380335679125,0.03910085370866,,1.0,,50.60483870967736,0.995766129032258,0.995766129032258,1.0054435483870967,,,,NEUTRAL,,NEUTRAL,,50.0,0.0,-57.119604,1.0,,,8.812404,-7.119604000000001,1.6928,549,125,Streamer,0,,,,False,,,1.0
00-0037317,Nick Muse,TE,ATL,0.276,31.3,,0,,rookie_baseline_depth+rel[UNPROVEN*0.92],,none,rookie_baseline_depth+rel[UNPROVEN*0.92],UNPROVEN,0,2.7,,0.92,False,,,53.3,,,,,,50.0,74.65614168324744,0.039449826693195904,,1.0,,48.38709677419351,1.004032258064516,1.004032258064516,0.9927419354838709,,,,NEUTRAL,,NEUTRAL,,35.5097858356873,0.0,-57.119604,1.0,,,8.812404,-7.119604000000001,1.6928,550,126,Streamer,0,,,,False,,,1.0
00-0038643,Brayden Willis,TE,SF,0.276,31.3,0.0,0,0.0,rookie_baseline_depth+rel[UNPROVEN*0.92],,none,rookie_baseline_depth+rel[UNPROVEN*0.92],UNPROVEN,0,0.0,,0.92,False,,,53.5,0.0024390243902439024,,,,,50.0,85.86365482399324,0.057381847718389195,,1.0,,46.774193548387075,0.9951612903225806,0.9951612903225806,0.9983870967741935,,,,NEUTRAL,,NEUTRAL,,44.75782421519167,0.0,-57.119604,1.0,rookie_exemption,1.0,8.812404,-7.119604000000001,1.6928,551,127,Streamer,2,"Wk1, Wk11",2 international games — Melbourne (Wk1); Mexico City (Wk11),⚠ Melbourne Wk1; Mexico City Wk11,True,MULTIPLE_INTL_GAMES,Melbourne,0.853
00-0038498,E.J. Jenkins,TE,PHI,0.276,31.3,,1,3.6,rookie_baseline_depth+rel[UNPROVEN*0.92],,none,rookie_baseline_depth+rel[UNPROVEN*0.92],UNPROVEN,0,3.6,,0.92,False,,,52.5,,,,,,50.0,86.51547671689036,0.05842476274702458,,1.0,,60.88709677419346,1.0108870967741934,1.0108870967741934,1.0108870967741934,,,,NEUTRAL,,NEUTRAL,,28.167569139601245,0.0,-57.119604,1.0,,,8.812404,-7.119604000000001,1.6928,552,128,Streamer,1,Wk6,London game (Wk6) — historically low scoring,⚠ London Wk6,True,,London,0.853
00-0036510,Kenny Yeboah,TE,ARI,0.276,31.3,,3,2.2,rookie_baseline_depth+rel[UNPROVEN*0.92],,none,rookie_baseline_depth+rel[UNPROVEN*0.92],UNPROVEN,0,2.16,,0.92,False,,,40.1,,,,,,50.0,63.84792616237692,0.022156681859803077,,1.0,,46.975806451612925,0.9979838709677419,0.9979838709677419,0.9959677419354839,,,,NEUTRAL,,NEUTRAL,,34.780891721556564,0.0,-57.119604,1.0,,,8.812404,-7.119604000000001,1.6928,553,129,Streamer,0,,,,False,,,1.0
00-0038710,Blake Whiteheart,TE,CLE,0.276,31.3,0.23,3,2.01,rookie_baseline_depth+rel[UNPROVEN*0.92],,none,rookie_baseline_depth+rel[UNPROVEN*0.92],UNPROVEN,0,2.0142857142857147,,0.92,False,,,57.5,0.010135135135135136,0.07692307692307693,,0.011111111111111112,,87.49734496363234,30.787804878048778,-0.030739512195121957,0.0,1.0,,51.51209677419355,1.0062499999999999,1.0062499999999999,0.996774193548387,,,,NEUTRAL,,NEUTRAL,,42.833853394949855,0.0,-57.204244,0.95,,6.0,8.812404,-7.204244000000001,1.60816,554,130,Streamer,0,,,,False,,,1.0
00-0039824,Jared Wiley,TE,KC,0.276,31.3,0.9,1,1.2,rookie_baseline_depth+rel[UNPROVEN*0.92],,none,rookie_baseline_depth+rel[UNPROVEN*0.92],UNPROVEN,0,1.2000000000000002,,0.92,False,,,50.9,0.0024509803921568627,,,,,50.0,67.49565411893563,0.027993046590297013,0.0,1.0,,49.69758064516139,0.9981854838709677,0.9981854838709677,1.0012096774193548,,,,NEUTRAL,,NEUTRAL,,42.21704239069462,0.0,-57.204244,0.95,,1.0,8.812404,-7.204244000000001,1.60816,555,131,Streamer,0,,,,False,,,1.0
00-0036825,Feleipe Franks,TE,CAR,0.276,31.3,0.2,1,0.57,rookie_baseline_depth+rel[UNPROVEN*0.92],,none,rookie_baseline_depth+rel[UNPROVEN*0.92],UNPROVEN,0,0.5666666666666668,,0.92,False,,,30.9,,,,,,50.0,37.364597196445956,-0.02021664448568647,0.0,1.0,,39.51612903225809,0.9917338709677419,0.9917338709677419,0.9872983870967742,,,,NEUTRAL,,NEUTRAL,,40.59776081518662,0.0,-57.204244,0.95,,2.0,8.812404,-7.204244000000001,1.60816,556,132,Streamer,0,,,,False,,,1.0
00-0039364,Sione Vaki,RB,DET,0.4425,50.2,0.4,2,1.65,rookie_baseline_depth+rel[UNPROVEN*0.92],,none,rookie_baseline_depth+rel[UNPROVEN*0.92],UNPROVEN,0,1.65,,0.92,False,,,45.9,,,,,,50.0,71.6413052933654,0.03462608846938465,,1.0,,54.737903225806626,1.0060483870967742,1.0034274193548387,1.0060483870967742,,,,NEUTRAL,,NEUTRAL,,43.13018602256711,0.0,-57.21816666666667,0.95,,1.0,9.796466666666667,-7.218166666666667,2.5783000000000005,557,146,Handcuff,1,Wk8,Munich game (Wk8) — lowest scoring international venue,⚠ Munich Wk8,True,,Munich,0.674
00-0040488,Carter Runyon,TE,LV,0.138,15.6,0.8,0,,rookie_baseline_depth+rel[UNPROVEN*0.92] [availability:0.50],,none,rookie_baseline_depth+rel[UNPROVEN*0.92] [availability:0.50],UNPROVEN,0,0.8,,0.92,False,,,35.7,0.003663003663003663,,,,,50.0,61.7300322798174,0.018768051647707843,,1.0,,44.455645161290306,0.9937499999999999,0.9937499999999999,0.9951612903225806,,,,NEUTRAL,,NEUTRAL,,38.10462969018401,0.0,-57.966004,1.0,rookie_exemption,1.0,8.812404,-7.966004000000001,0.8464,558,133,Streamer,0,,,,False,,,1.0
00-0040649,Robbie Ouzts,RB,SEA,0.222,25.2,0.0,0,,rookie_baseline_depth+rel[UNPROVEN*0.92] [availability:0.50],,none,rookie_baseline_depth+rel[UNPROVEN*0.92] [availability:0.50],UNPROVEN,0,0.0,,0.92,False,,,44.5,,,,0.011764705882352941,,50.0,59.96730450368508,0.015947687205896125,,1.0,,57.76209677419364,1.0076612903225806,1.0078629032258064,1.0076612903225806,,,,NEUTRAL,,NEUTRAL,,38.08883558159523,0.0,-58.434866666666665,1.0,rookie_exemption,1.0,9.796466666666667,-8.434866666666668,1.3616000000000001,559,147,Handcuff,0,,,,False,,,1.0
00-0039244,Chris Collier,RB,LV,0.2205,25.0,,0,0.65,rookie_baseline_depth+rel[UNPROVEN*0.92] [availability:0.50],,none,rookie_baseline_depth+rel[UNPROVEN*0.92] [availability:0.50],UNPROVEN,0,0.65,,0.92,False,,,35.7,,,,,,50.0,61.7300322798174,0.018768051647707843,,1.0,,44.455645161290306,0.9951612903225806,0.9937499999999999,0.9951612903225806,,,,NEUTRAL,,NEUTRAL,,38.147488035131786,0.0,-58.44406666666667,1.0,,,9.796466666666667,-8.444066666666668,1.3524,560,148,Handcuff,0,,,,False,,,1.0
00-0040534,Ke'Shawn Williams,WR,CIN,0.387,43.9,0.67,0,,rookie_baseline_depth+rel[UNPROVEN*0.92],,none,rookie_baseline_depth+rel[UNPROVEN*0.92],UNPROVEN,0,0.6666666666666666,,0.92,False,,,40.8,,0.05,,,,50.0,68.34794241910284,0.02935670787056454,0.0,1.0,,47.27822580645169,1.0012096774193548,1.0012096774193548,0.9933467741935483,,,,NEUTRAL,,NEUTRAL,,39.64056485799744,0.0,-58.6618,1.0,rookie_exemption,3.0,11.035400000000001,-8.661800000000001,2.3736,561,203,Deep,0,,,,False,,,1.0
00-0036646,Simi Fehoko,WR,ARI,0.387,43.9,,3,2.72,rookie_baseline_depth+rel[UNPROVEN*0.92],,none,rookie_baseline_depth+rel[UNPROVEN*0.92],UNPROVEN,0,3.2433333333333336,,0.92,False,,,40.1,,,,,,50.0,63.84792616237692,0.022156681859803077,,1.0,,46.975806451612925,0.9979838709677419,0.9979838709677419,0.9959677419354839,,,,NEUTRAL,,NEUTRAL,,34.780891721556564,0.0,-58.6618,1.0,,,11.035400000000001,-8.661800000000001,2.3736,562,204,Deep,0,,,,False,,,1.0
00-0036463,Chris Blair,WR,ATL,0.387,43.9,,1,1.1,rookie_baseline_depth+rel[UNPROVEN*0.92],,none,rookie_baseline_depth+rel[UNPROVEN*0.92],UNPROVEN,0,1.1,,0.92,False,,,45.3,,,,,,50.0,74.65614168324744,0.039449826693195904,,1.0,,48.38709677419351,1.004032258064516,1.004032258064516,0.9927419354838709,,,,NEUTRAL,,NEUTRAL,,36.674543623146825,0.0,-58.6618,1.0,,,11.035400000000001,-8.661800000000001,2.3736,563,205,Deep,0,,,,False,,,1.0
00-0038092,Erik Ezukanma,WR,PHI,0.387,43.9,,0,0.0,rookie_baseline_depth+rel[UNPROVEN*0.92],,none,rookie_baseline_depth+rel[UNPROVEN*0.92],UNPROVEN,0,1.1,,0.92,False,,,52.5,,,,,,50.0,86.51547671689036,0.05842476274702458,,1.0,,60.88709677419346,1.0108870967741934,1.0108870967741934,1.0108870967741934,,,,NEUTRAL,,NEUTRAL,,28.167569139601245,0.0,-58.6618,1.0,,,11.035400000000001,-8.661800000000001,2.3736,564,206,Deep,1,Wk6,London game (Wk6) — historically low scoring,⚠ London Wk6,True,,London,0.853
00-0039386,Bub Means,WR,CLE,0.387,43.9,,3,5.57,rookie_baseline_depth+rel[UNPROVEN*0.92],,none,rookie_baseline_depth+rel[UNPROVEN*0.92],UNPROVEN,0,5.574999999999999,,0.92,False,,,41.5,,,,,,50.0,30.787804878048778,-0.030739512195121957,,1.0,,51.51209677419355,1.0062499999999999,1.0062499999999999,0.996774193548387,,,,NEUTRAL,,NEUTRAL,,35.81368714781123,0.0,-58.6618,1.0,,,11.035400000000001,-8.661800000000001,2.3736,565,207,Deep,0,,,,False,,,1.0
00-0040352,Coleman Owen,WR,GB,0.38549999999999995,43.7,0.0,0,,rookie_baseline_depth+rel[UNPROVEN*0.92],,none,rookie_baseline_depth+rel[UNPROVEN*0.92],UNPROVEN,0,0.0,,0.92,False,,,38.5,,,0.017241379310344827,0.013888888888888888,,99.32950191570882,58.17024718521366,0.013072395496341857,0.0,1.0,,48.48790322580654,0.9955645161290322,0.9955645161290322,1.0014112903225807,,,,NEUTRAL,,NEUTRAL,,30.166310453477127,0.0,-58.671,1.0,rookie_exemption,1.0,11.035400000000001,-8.671000000000001,2.3644,566,208,Deep,0,,,,False,,,1.0
00-0039365,Jacob Cowing,WR,SF,0.38549999999999995,43.7,,2,3.57,rookie_baseline_depth+rel[UNPROVEN*0.92],,none,rookie_baseline_depth+rel[UNPROVEN*0.92],UNPROVEN,0,3.5666666666666664,,0.92,False,,,53.5,,,,,,50.0,85.86365482399324,0.057381847718389195,,1.0,,46.774193548387075,0.9951612903225806,0.9951612903225806,0.9983870967741935,,,,NEUTRAL,,NEUTRAL,,51.7662412178136,0.0,-58.671,1.0,,,11.035400000000001,-8.671000000000001,2.3644,567,209,Deep,2,"Wk1, Wk11",2 international games — Melbourne (Wk1); Mexico City (Wk11),⚠ Melbourne Wk1; Mexico City Wk11,True,MULTIPLE_INTL_GAMES,Melbourne,0.853
00-0039816,Anthony Gould,WR,IND,0.387,43.9,0.8,1,2.8,rookie_baseline_depth+rel[UNPROVEN*0.92],,none,rookie_baseline_depth+rel[UNPROVEN*0.92],UNPROVEN,0,2.8000000000000003,,0.92,False,,,47.4,0.0029069767441860465,,0.017241379310344827,,,97.13311948676825,48.981774097457205,-0.0016291614440684726,0.0,1.0,,50.8064516129032,0.9993951612903226,0.9993951612903226,1.0022177419354839,,,,NEUTRAL,,NEUTRAL,,31.95899466371267,0.0,-58.78048,0.95,,2.0,11.035400000000001,-8.78048,2.2549200000000003,568,210,Deep,0,,,,False,,,1.0
00-0035045,D.J. Montgomery,WR,IND,0.1935,21.9,,0,,rookie_baseline_depth+rel[UNPROVEN*0.92] [availability:0.50],,none,rookie_baseline_depth+rel[UNPROVEN*0.92] [availability:0.50],UNPROVEN,0,6.066666666666667,,0.92,False,,,47.4,,,,,,50.0,48.981774097457205,-0.0016291614440684726,,1.0,,50.8064516129032,0.9993951612903226,0.9993951612903226,1.0022177419354839,,,,NEUTRAL,,NEUTRAL,,31.95899466371267,0.0,-59.848600000000005,1.0,,,11.035400000000001,-9.848600000000001,1.1868,569,211,Deep,0,,,,False,,,1.0
00-0039236,Johnny Wilson,WR,PHI,0.1935,21.9,,3,1.23,rookie_baseline_depth+rel[UNPROVEN*0.92] [availability:0.50],,none,rookie_baseline_depth+rel[UNPROVEN*0.92] [availability:0.50],UNPROVEN,0,1.23,,0.92,False,,,52.5,,,,,,50.0,86.51547671689036,0.05842476274702458,,1.0,,60.88709677419346,1.0108870967741934,1.0108870967741934,1.0108870967741934,,,,NEUTRAL,,NEUTRAL,,28.167569139601245,0.0,-59.848600000000005,1.0,,,11.035400000000001,-9.848600000000001,1.1868,570,212,Deep,1,Wk6,London game (Wk6) — historically low scoring,⚠ London Wk6,True,,London,0.853
00-0038391,Sean Clifford,QB,CIN,0.4965,56.3,,0,,rookie_baseline_depth+rel[UNPROVEN*0.92],,none,rookie_baseline_depth+rel[UNPROVEN*0.92],UNPROVEN,0,0.64,,0.92,False,,,48.8,,,,,,50.0,68.34794241910284,0.02935670787056454,,1.0,,47.27822580645169,0.9972782258064516,1.0012096774193548,0.9933467741935483,,,,NEUTRAL,,NEUTRAL,,13.789669984189176,0.0,-65.230416,1.0,,,18.275616000000003,-15.230416000000002,3.0452000000000004,571,78,Avoid,0,,,,False,,,1.0
00-0038998,Jake Haener,QB,NYG,0.49499999999999994,56.1,,3,1.66,rookie_baseline_depth+rel[UNPROVEN*0.92],,none,rookie_baseline_depth+rel[UNPROVEN*0.92],UNPROVEN,0,1.655,,0.92,False,,,51.5,,,,,,50.0,64.91503813917403,0.02386406102267845,,1.0,,51.41129032258074,1.0014112903225807,1.0028225806451612,1.0,,,,NEUTRAL,,NEUTRAL,,10.977141598645892,0.0,-65.239616,1.0,,,18.275616000000003,-15.239616000000003,3.036,572,79,Avoid,0,,,,False,,,1.0
00-0040673,Jalen Milroe,QB,SEA,0.4905,55.6,0.13,0,,rookie_baseline_depth+rel[UNPROVEN*0.92],,none,rookie_baseline_depth+rel[UNPROVEN*0.92],UNPROVEN,0,0.13333333333333333,,0.92,False,,,52.5,,,,,,50.0,59.96730450368508,0.015947687205896125,,1.0,,57.76209677419364,1.0077620967741936,1.0078629032258064,1.0076612903225806,,,,NEUTRAL,,NEUTRAL,,12.53023063968454,0.0,-65.267216,1.0,rookie_exemption,3.0,18.275616000000003,-15.267216000000003,3.0084,573,80,Avoid,0,,,,False,,,1.0
00-0039577,Kedon Slovis,QB,GB,0.48899999999999993,55.4,-0.04,0,,rookie_baseline_depth+rel[UNPROVEN*0.92],,none,rookie_baseline_depth+rel[UNPROVEN*0.92],UNPROVEN,0,-0.04,,0.92,False,,,46.5,,,,,,50.0,58.17024718521366,0.013072395496341857,0.0,1.0,,48.48790322580654,0.9984879032258065,0.9955645161290322,1.0014112903225807,,,,NEUTRAL,,NEUTRAL,,17.402657497392845,0.0,-65.276416,1.0,rookie_exemption,2.0,18.275616000000003,-15.276416000000003,2.9992,574,81,Avoid,0,,,,False,,,1.0
00-0028986,Case Keenum,QB,CHI,0.48,54.4,,0,,rookie_baseline_depth+rel[UNPROVEN*0.92],,none,rookie_baseline_depth+rel[UNPROVEN*0.92],UNPROVEN,0,4.7836,,0.92,False,,,42.9,,,,,,50.0,46.724480763023614,-0.0052408307791622175,,1.0,,46.27016129032258,0.9962701612903225,0.9943548387096773,0.9981854838709677,,,,NEUTRAL,,NEUTRAL,,15.065109452286809,0.0,-65.331616,1.0,,,18.275616000000003,-15.331616000000002,2.9440000000000004,575,82,Avoid,0,,,,False,,,1.0
00-0038550,Hendon Hooker,QB,TEN,0.4785,54.2,,1,0.89,rookie_baseline_depth+rel[UNPROVEN*0.92],,none,rookie_baseline_depth+rel[UNPROVEN*0.92],UNPROVEN,0,0.8933333333333334,,0.92,False,,,47.3,,,,,,50.0,43.59991239936847,-0.010240140161010448,,1.0,,51.008064516129046,1.001008064516129,1.0006048387096773,1.0014112903225807,,,,NEUTRAL,,NEUTRAL,,13.793423145310657,0.0,-65.340816,1.0,,,18.275616000000003,-15.340816000000004,2.9348,576,83,Avoid,0,,,,False,,,1.0
00-0034955,Brett Rypien,QB,TB,0.4725,53.6,0.0,0,,rookie_baseline_depth+rel[UNPROVEN*0.92],,none,rookie_baseline_depth+rel[UNPROVEN*0.92],UNPROVEN,0,4.324166666666667,,0.92,False,,,54.6,,,,,,50.0,36.25093968232914,-0.021998496508273378,,1.0,,51.3104838709677,1.0013104838709677,1.0004032258064515,1.0022177419354839,,,,NEUTRAL,,NEUTRAL,,16.16944462164362,0.0,-65.377616,1.0,rookie_exemption,1.0,18.275616000000003,-15.377616000000003,2.898,577,84,Avoid,0,,,,False,,,1.0
