Rank,Name,Team,Position,Opponent,Matchup_Grade,Edge_Score,Hidden_Score,Research_Score,Contextual_Score,Final_Score,Outlook,Live_Injury_Status,Top_Factor_1,Top_Factor_2,Bye_Week,ADP_Diff
1,Puka Nacua,LA,WR,,,75.51915891390486,72.86775527260662,,,71.51915891390486,,Healthy,Puka Nacua: score driven by BLANKET third-down role (32% of team targets); also YPRR 9.84 (p83 at WR),,,
2,Davante Adams,LA,WR,,,72.1279056059969,58.558567845444095,,,68.1279056059969,,Healthy,Davante Adams: score driven by +5% script boost (12-win team); also stable coaching context,,,
3,Kyren Williams,LA,RB,,,65.8724091142924,71.86554638187764,,,61.8724091142924,,Questionable,"Kyren Williams: score driven by RB role BELLCOW (carry share 63%); also age cliff none (age 25, 0%)",,,
4,Drake Maye,NE,QB,,,80.30576503024442,52.02385768754521,,,78.30576503024442,,Healthy,Drake Maye: score driven by garbage-time inflation 54%; also stable coaching context,,,
5,Christian McCaffrey,SF,RB,,,64.3032225118323,72.67218792088545,,,62.3032225118323,,Healthy,Christian McCaffrey: score driven by RB role BELLCOW (carry share 76%); also RB committee risk LOW (HHI 0.63),,,
6,James Cook,BUF,RB,,,64.27318804955229,70.94857647898677,,,60.27318804955228,,Healthy,"James Cook: score driven by RB role BELLCOW (carry share 76%); also age cliff none (age 26, 0%)",,,
7,Javonte Williams,DAL,RB,,,63.21901542184745,66.29302576796823,,,59.21901542184745,,Out,"Javonte Williams: score driven by RB role BELLCOW (carry share 66%); also age cliff none (age 25, 0%)",,,
8,George Pickens,DAL,WR,,,65.84135001734647,63.88130702545984,,,61.84135001734647,,Healthy,George Pickens: score driven by YPRR 10.36 (p86 at WR); also garbage-time inflation 42%,,,
9,Jonathan Taylor,IND,RB,,,60.18858819110811,71.24983764119295,,,58.18858819110811,,Healthy,"Jonathan Taylor: score driven by RB role BELLCOW (carry share 87%); also age cliff none (age 27, 0%)",,,
10,Josh Allen,BUF,QB,,,73.3778666364539,56.03508771929825,,,69.3778666364539,,Healthy,Josh Allen: score driven by stable coaching context; also team win total 12,,,
11,CeeDee Lamb,DAL,WR,,,61.10837297636755,57.398159541265315,,,57.10837297636755,,Healthy,CeeDee Lamb: score driven by YPRR 9.21 (p81 at WR); also stable coaching context,,,
12,Josh Jacobs,GB,RB,,,56.76706149649731,64.30035537072511,,,54.76706149649731,,Healthy,"Josh Jacobs: score driven by RB role BELLCOW (carry share 62%); also age cliff AGE_CLIFF (age 28, -5%)",,,
13,Jaxon Smith-Njigba,SEA,WR,,,60.86010500030787,69.0049579024435,,,58.86010500030787,,Healthy,Jaxon Smith-Njigba: score driven by BLANKET third-down role (31% of team targets); also YPRR 10.54 (p87 at WR),,,
14,Amon-Ra St. Brown,DET,WR,,,60.52707128647988,66.76544522741833,,,56.52707128647988,,Questionable,Amon-Ra St. Brown: score driven by BLANKET third-down role (37% of team targets); also garbage-time inflation 43%,,,
15,Derrick Henry,BAL,RB,,,55.7921850300073,60.09638439897597,,,51.7921850300073,,Healthy,Derrick Henry: score driven by RB role BELLCOW (carry share 78%); also RB committee risk LOW (HHI 0.64),,,
16,Jauan Jennings,SF,WR,,,59.690067574154455,56.90327127296322,,,57.690067574154455,,Healthy,Jauan Jennings: score driven by +5% script boost (12-win team); also stable coaching context,,,
17,Kenneth Walker III,SEA,RB,,,55.481140961658475,58.015702398018064,,,53.481140961658475,,Healthy,"Kenneth Walker III: score driven by age cliff none (age 25, 0%); also +3% script boost (14-win team)",,,
18,Jahmyr Gibbs,DET,RB,,,55.4045978644831,72.68236294641257,,,51.4045978644831,,Healthy,"Jahmyr Gibbs: score driven by RB role BELLCOW (carry share 60%); also age cliff none (age 23, 0%)",,,
19,Alec Pierce,IND,WR,,,59.52980122758877,56.53428940267506,,,57.52980122758877,,Healthy,Alec Pierce: score driven by YPRR 11.94 (p94 at WR); also stable coaching context,,,
20,RJ Harvey,DEN,RB,,,55.13571694973197,60.78684787961606,,,45.13571694973197,,Healthy,"RJ Harvey: score driven by age cliff none (age 25, 0%); also +3% script boost (14-win team)",,,
21,Jarquez Hunter,LA,RB,,,54.42110656462929,64.53398058252426,,,50.42110656462929,,Healthy,"Jarquez Hunter: score driven by age cliff none (age 23, 0%); also RB committee risk LOW (HHI 0.52)",,,
22,Jordan Waters,LA,RB,,,54.42110656462929,64.53398058252426,,,50.42110656462929,,Healthy,"Jordan Waters: score driven by age cliff AGE_UNKNOWN (age ?, 0%); also RB committee risk LOW (HHI 0.52)",,,
23,Blake Corum,LA,RB,,,54.37709800801335,60.59534353773879,,,50.37709800801335,,Questionable,"Blake Corum: score driven by age cliff none (age 25, 0%); also RB committee risk LOW (HHI 0.52)",,,
24,Kareem Hunt,KC,RB,,,54.28340175779594,48.90088684756635,,,52.28340175779594,,Healthy,"Kareem Hunt: score driven by age cliff AVOID (age 30, -35%); also stable coaching context",,,
25,Ty Johnson,BUF,RB,,,53.92664258077806,60.69508412199551,,,49.92664258077806,,Questionable,"Ty Johnson: score driven by RB committee risk LOW (HHI 0.61); also age cliff AGE_CLIFF (age 28, -5%)",,,
26,Keon Coleman,BUF,WR,,,57.868291376045875,48.86943301376308,,,53.868291376045875,,Healthy,Keon Coleman: score driven by +5% script boost (12-win team); also third-down target share 9%,,,
27,Dak Prescott,DAL,QB,,,68.56601375216219,49.12413108242304,,,64.56601375216219,,Healthy,Dak Prescott: score driven by garbage-time inflation 66%; also stable coaching context,,,
28,Zay Flowers,BAL,WR,,,57.09257823990189,67.00232143668894,,,53.09257823990189,,Healthy,Zay Flowers: score driven by YPRR 10.18 (p85 at WR); also BLANKET third-down role (29% of team targets),,,
29,Brock Purdy,SF,QB,,,68.07486144332783,53.870100783874584,,,71.99441461231287,,Healthy,Brock Purdy: score driven by garbage-time inflation 53%; also stable coaching context,,,
30,Romeo Doubs,GB,WR,,,57.01856224070835,60.9704856370295,,,55.01856224070835,,Healthy,Romeo Doubs: score driven by garbage-time inflation 32%; also YPRR 8.74 (p74 at WR),,,
31,Mark Redman,LA,TE,,,56.439193978021486,53.7,,,52.439193978021486,,Healthy,Mark Redman: score driven by +5% script boost (12-win team); also no third-down target role,,,
32,Nick Vannett,LA,TE,,,56.439193978021486,53.7,,,52.439193978021486,,Healthy,Nick Vannett: score driven by +5% script boost (12-win team); also no third-down target role,,,
33,Jacoby Brissett,ARI,QB,,,67.66167562141231,49.27146814404433,,,69.66167562141231,,Healthy,Jacoby Brissett: score driven by garbage-time inflation 63%; also stable coaching context,,,
34,Michael Pittman,IND,WR,,,56.59213121482964,51.62893091881763,,,54.59213121482964,,Healthy,Michael Pittman: score driven by stable coaching context; also target share trend DESCENDING,,,
35,Rhamondre Stevenson,NE,RB,,,52.41513165188631,59.54937753111346,,,50.41513165188631,,Questionable,"Rhamondre Stevenson: score driven by age cliff AGE_CLIFF (age 28, -5%); also +3% script boost (14-win team)",,,
36,Ja'Marr Chase,CIN,WR,,,56.52303146683997,64.31827592786948,,,54.52303146683997,,Questionable,Ja'Marr Chase: score driven by BLANKET third-down role (31% of team targets); also garbage-time inflation 45%,,,
37,Patrick Mahomes,KC,QB,,,67.50187278506971,52.7154413525629,,,65.50187278506971,,Healthy,Patrick Mahomes: score driven by stable coaching context; also third-down target share 1%,,,
38,Mario Williams,LA,WR,,,56.439193978021486,53.7,,,52.439193978021486,,Healthy,Mario Williams: score driven by +5% script boost (12-win team); also no third-down target role,,,
39,Tyler Scott,LA,WR,,,56.439193978021486,53.7,,,52.439193978021486,,Healthy,Tyler Scott: score driven by +5% script boost (12-win team); also no third-down target role,,,
40,Drake Stoops,LA,WR,,,56.439193978021486,53.7,,,52.439193978021486,,Healthy,Drake Stoops: score driven by +5% script boost (12-win team); also no third-down target role,,,
41,Tru Edwards,LA,WR,,,56.439193978021486,53.7,,,52.439193978021486,,Healthy,Tru Edwards: score driven by +5% script boost (12-win team); also no third-down target role,,,
42,Brennan Presley,LA,WR,,,56.439193978021486,53.7,,,52.439193978021486,,Healthy,Brennan Presley: score driven by +5% script boost (12-win team); also no third-down target role,,,
43,Jaxson Dart,NYG,QB,,,67.45866298072812,53.20746634026928,,,54.45866298072812,,Healthy,Jaxson Dart: score driven by stable coaching context; also garbage-time inflation 45%,,,
44,Colby Parkinson,LA,TE,,,55.82776975245513,60.61552417069143,,,51.82776975245513,,Healthy,Colby Parkinson: score driven by third-down target share 5%; also YPRR 8.00 (p77 at TE),,,
45,Khalil Shakir,BUF,WR,,,55.97474092672691,66.03049213863817,,,51.97474092672691,,Healthy,Khalil Shakir: score driven by garbage-time inflation 35%; also +5% script boost (12-win team),,,
46,Dalton Kincaid,BUF,TE,,,55.54048134451716,61.402492419495566,,,51.54048134451716,,Healthy,Dalton Kincaid: score driven by YPRR 11.18 (p99 at TE); also +5% script boost (12-win team),,,
47,Chase Brown,CIN,RB,,,51.51628386932184,69.86163512128242,,,49.51628386932184,,Healthy,"Chase Brown: score driven by RB role BELLCOW (carry share 70%); also age cliff none (age 25, 0%)",,,
48,Darrynton Evans,BUF,RB,,,51.44979042989917,63.36893203883495,,,47.44979042989917,,Healthy,"Darrynton Evans: score driven by RB committee risk LOW (HHI 0.61); also age cliff AGE_CLIFF (age 27, -5%)",,,
49,Jarveon Howard,BUF,RB,,,51.44979042989917,64.53398058252426,,,47.44979042989917,,Healthy,"Jarveon Howard: score driven by age cliff AGE_UNKNOWN (age ?, 0%); also RB committee risk LOW (HHI 0.61)",,,
50,Elijah Young,BUF,RB,,,51.44979042989917,64.53398058252426,,,47.44979042989917,,Healthy,"Elijah Young: score driven by age cliff AGE_UNKNOWN (age ?, 0%); also RB committee risk LOW (HHI 0.61)",,,
51,Saquon Barkley,PHI,RB,,,51.322887191460424,69.52114669373017,,,49.322887191460424,,Healthy,Saquon Barkley: score driven by RB role BELLCOW (carry share 78%); also RB committee risk LOW (HHI 0.63),,,
52,TreVeyon Henderson,NE,RB,,,51.09758702351039,58.50738644746011,,,49.09758702351039,,Healthy,"TreVeyon Henderson: score driven by age cliff none (age 23, 0%); also +3% script boost (14-win team)",,,
53,Ashton Jeanty,LV,RB,,,51.06550768788994,71.13089659146047,,,40.06550768788994,,Healthy,"Ashton Jeanty: score driven by RB role BELLCOW (carry share 87%); also age cliff none (age 22, 0%)",,,
54,Zach Charbonnet,SEA,RB,,,50.747220027221225,56.35871651964087,,,48.747220027221225,,Questionable,"Zach Charbonnet: score driven by age cliff none (age 25, 0%); also third-down target share 3%",,,
55,Davis Allen,LA,TE,,,54.430158983682084,53.29408265051355,,,50.430158983682084,,Healthy,Davis Allen: score driven by third-down target share 1%; also +5% script boost (12-win team),,,
56,Phil Mafah,DAL,RB,,,50.487837777805375,53.62198208899012,,,46.487837777805375,,Questionable,"Phil Mafah: score driven by age cliff none (age 23, 0%); also garbage-time inflation 71%",,,
57,Emeka Egbuka,TB,WR,,,54.332755556080144,58.813727940894445,,,52.332755556080144,,Healthy,Emeka Egbuka: score driven by garbage-time inflation 40%; also stable coaching context,,,
58,Terrance Ferguson,LA,TE,,,53.921707604898785,57.18001334098224,,,49.921707604898785,,Healthy,Terrance Ferguson: score driven by third-down target share 7%; also YPRR 8.06 (p78 at TE),,,
59,Justin Herbert,LAC,QB,,,65.15716453523575,53.71052631578948,,,67.15716453523575,,Healthy,Justin Herbert: score driven by garbage-time inflation 50%; also stable coaching context,,,
60,Tyler Warren,IND,TE,,,53.70635915237184,60.04112903225807,,,51.70635915237184,,Questionable,Tyler Warren: score driven by garbage-time inflation 38%; also YPRR 7.17 (p69 at TE),,,
61,Matthew Stafford,LA,QB,,,64.81475571511096,52.1780185758514,,,60.81475571511096,,Healthy,Matthew Stafford: score driven by garbage-time inflation 62%; also stable coaching context,,,
62,Jackson Hawes,BUF,TE,,,53.10791749940775,53.396255819815195,,,49.10791749940775,,Healthy,Jackson Hawes: score driven by YPRR 9.84 (p94 at TE); also third-down target share 2%,,,
63,Stefon Diggs,NE,WR,,,53.39506547915177,64.3886194201314,,,51.39506547915177,,Healthy,Stefon Diggs: score driven by YPRR 9.20 (p80 at WR); also garbage-time inflation 40%,,,
64,Trey McBride,ARI,TE,,,52.91906307965338,58.20849881070102,,,54.91906307965338,,Healthy,Trey McBride: score driven by YPRR 7.29 (p70 at TE); also stable coaching context,,,
65,Josh Palmer,BUF,WR,,,52.854089830613205,54.20997727725366,,,48.854089830613205,,Out,Josh Palmer: score driven by third-down target share 5%; also +5% script boost (12-win team),,,
66,Grant DuBose,BUF,WR,,,52.69968236280853,53.7,,,48.69968236280853,,Healthy,Grant DuBose: score driven by +5% script boost (12-win team); also no third-down target role,,,
67,Stephen Gosnell,BUF,WR,,,52.69968236280853,53.7,,,48.69968236280853,,Healthy,Stephen Gosnell: score driven by +5% script boost (12-win team); also no third-down target role,,,
68,David White,BUF,WR,,,52.69968236280853,53.7,,,48.69968236280853,,Healthy,David White: score driven by +5% script boost (12-win team); also no third-down target role,,,
69,KJ Hamler,BUF,WR,,,52.69968236280853,53.7,,,48.69968236280853,,Healthy,KJ Hamler: score driven by +5% script boost (12-win team); also no third-down target role,,,
70,Deon Cain,BUF,WR,,,52.69968236280853,53.7,,,48.69968236280853,,Healthy,Deon Cain: score driven by +5% script boost (12-win team); also no third-down target role,,,
71,Laviska Shenault Jr.,BUF,WR,,,52.69968236280853,53.7,,,48.69968236280853,,Healthy,Laviska Shenault Jr.: score driven by +5% script boost (12-win team); also no third-down target role,,,
72,Kaden Prather,BUF,WR,,,52.69968236280853,53.7,,,48.69968236280853,,Healthy,Kaden Prather: score driven by +5% script boost (12-win team); also no third-down target role,,,
73,Kristian Wilkerson,BUF,WR,,,52.69968236280853,53.7,,,48.69968236280853,,Healthy,Kristian Wilkerson: score driven by +5% script boost (12-win team); also no third-down target role,,,
74,Isaac Guerendo,SF,RB,,,48.56009993194293,64.53398058252426,,,46.56009993194293,,Healthy,"Isaac Guerendo: score driven by age cliff none (age 25, 0%); also RB committee risk LOW (HHI 0.63)",,,
75,Ke'Shawn Vaughn,SF,RB,,,48.56009993194293,61.7378640776699,,,46.56009993194293,,Healthy,"Ke'Shawn Vaughn: score driven by RB committee risk LOW (HHI 0.63); also age cliff AGE_CLIFF (age 28, -12%)",,,
76,Patrick Taylor,SF,RB,,,48.56009993194293,63.36893203883495,,,46.56009993194293,,Healthy,"Patrick Taylor: score driven by RB committee risk LOW (HHI 0.63); also age cliff AGE_CLIFF (age 27, -5%)",,,
77,Hunter Henry,NE,TE,,,52.321171692164874,64.907964443534,,,50.321171692164874,,Healthy,Hunter Henry: score driven by YPRR 8.54 (p85 at TE); also +5% script boost (14-win team),,,
78,Courtland Sutton,DEN,WR,,,52.57770356324005,67.93223384774475,,,50.57770356324005,,Healthy,Courtland Sutton: score driven by BLANKET third-down role (28% of team targets); also garbage-time inflation 34%,,,
79,Mac Jones,SF,QB,,,63.505366982235444,51.03271692745377,,,61.505366982235444,,Healthy,Mac Jones: score driven by garbage-time inflation 68%; also stable coaching context,,,
80,Dawson Knox,BUF,TE,,,51.90519327106236,63.603923889091966,,,47.90519327106236,,Healthy,Dawson Knox: score driven by YPRR 8.26 (p81 at TE); also +5% script boost (12-win team),,,
81,Jordan Love,GB,QB,,,63.0560352059388,51.766447368421055,,,61.0560352059388,,Healthy,Jordan Love: score driven by garbage-time inflation 56%; also stable coaching context,,,
82,A.J. Brown,PHI,WR,,,51.881555728039345,71.48659050599024,,,49.881555728039345,,Healthy,A.J. Brown: score driven by garbage-time inflation 34%; also BLANKET third-down role (27% of team targets),,,
83,Travis Kelce,KC,TE,,,51.49113119440689,63.86135054346777,,,49.49113119440689,,Healthy,Travis Kelce: score driven by garbage-time inflation 29%; also YPRR 7.81 (p73 at TE),,,
84,David Montgomery,DET,RB,,,47.66546228724726,56.49449260127773,,,43.66546228724726,,Questionable,David Montgomery: score driven by RB committee risk LOW (HHI 0.51); also third-down target share 4%,,,
85,Jameson Williams,DET,WR,,,51.80283968474828,64.82515334911479,,,47.80283968474828,,Healthy,Jameson Williams: score driven by YPRR 10.87 (p89 at WR); also target share trend ASCENDING,,,
86,Tee Higgins,CIN,WR,,,51.71247024458884,60.20481827589452,,,49.71247024458884,,Questionable,Tee Higgins: score driven by YPRR 8.55 (p71 at WR); also stable coaching context,,,
87,Konata Mumpfield,LA,WR,,,51.68942846106702,51.43250396838602,,,47.68942846106702,,Healthy,Konata Mumpfield: score driven by YPRR 3.93 (p9 at WR); also third-down target share 8%,,,
88,Travis Etienne,JAX,RB,,,47.53610404949654,71.91070187645595,,,45.53610404949654,,Healthy,"Travis Etienne: score driven by RB role BELLCOW (carry share 69%); also age cliff none (age 27, 0%)",,,
89,Jake Ferguson,DAL,TE,,,51.19121892646027,52.27719996368698,,,47.19121892646027,,Healthy,Jake Ferguson: score driven by garbage-time inflation 39%; also stable coaching context,,,
90,Xavier Smith,LA,WR,,,51.49130549554202,57.74355720457081,,,51.96881032124133,,Healthy,Xavier Smith: score driven by YPRR 12.62 (p96 at WR); also third-down target share 3%,,,
91,Michael Wilson,ARI,WR,,,51.43455711795947,59.96256719941327,,,53.43455711795947,,Healthy,Michael Wilson: score driven by BLANKET third-down role (27% of team targets); also target share trend ASCENDING,,,
92,Daniel Jones,IND,QB,,,62.242028867201626,54.140350877192986,,,60.242028867201626,,Healthy,Daniel Jones: score driven by stable coaching context; also garbage-time inflation 42%,,,
93,DK Metcalf,PIT,WR,,,51.17420351310591,65.9036636925963,,,53.17420351310591,,Healthy,DK Metcalf: score driven by garbage-time inflation 29%; also +5% script boost (10-win team),,,
94,Kyler Murray,ARI,QB,,,62.06677990007565,49.486388384754996,,,75.01974105891253,,Questionable,Kyler Murray: score driven by garbage-time inflation 62%; also stable coaching context,,,
95,George Kittle,SF,TE,,,50.63876279229568,59.138473217648205,,,48.63876279229568,,Healthy,George Kittle: score driven by YPRR 8.93 (p91 at TE); also garbage-time inflation 74%,,,
96,De'Von Achane,MIA,RB,,,46.82204018624791,68.86826002756749,,,48.82204018624791,,Doubtful,"De'Von Achane: score driven by RB role BELLCOW (carry share 63%); also age cliff none (age 24, 0%)",,,
97,Tyler Higbee,LA,TE,,,50.580098083868776,57.90494513166771,,,46.580098083868776,,Healthy,Tyler Higbee: score driven by YPRR 8.69 (p85 at TE); also third-down target share 8%,,,
98,Troy Franklin,DEN,WR,,,50.85701946784219,55.39964892554904,,,48.85701946784219,,Questionable,Troy Franklin: score driven by garbage-time inflation 31%; also +5% script boost (14-win team),,,
99,Israel Abanikanda,DAL,RB,,,46.59401542184745,57.71844660194174,,,42.59401542184745,,Healthy,"Israel Abanikanda: score driven by age cliff none (age 23, 0%); also stable coaching context",,,
100,Jalen Hurts,PHI,QB,,,61.56109194753476,54.74401913875599,,,59.56109194753476,,Healthy,Jalen Hurts: score driven by stable coaching context; also garbage-time inflation 46%,,,
101,Marquise Brown,KC,WR,,,50.49088127098072,54.770797638633724,,,48.49088127098072,,Healthy,Marquise Brown: score driven by garbage-time inflation 34%; also stable coaching context,,,
102,Hayden Rucci,SF,TE,,,50.032351105431374,53.7,,,48.032351105431374,,Healthy,Hayden Rucci: score driven by +5% script boost (12-win team); also no third-down target role,,,
103,Mack Hollins,NE,WR,,,50.085501143494234,62.05407155722928,,,48.085501143494234,,Questionable,Mack Hollins: score driven by YPRR 9.05 (p78 at WR); also +5% script boost (14-win team),,,
104,Trent Taylor,SF,WR,,,50.032351105431374,53.7,,,48.032351105431374,,Healthy,Trent Taylor: score driven by +5% script boost (12-win team); also no third-down target role,,,
105,Colton Dowell,SF,WR,,,50.032351105431374,53.7,,,48.032351105431374,,Healthy,Colton Dowell: score driven by +5% script boost (12-win team); also no third-down target role,,,
106,Russell Gage,SF,WR,,,50.032351105431374,53.7,,,48.032351105431374,,Healthy,Russell Gage: score driven by +5% script boost (12-win team); also no third-down target role,,,
107,Jacob Cowing,SF,WR,,,50.032351105431374,53.7,,,48.032351105431374,,Questionable,Jacob Cowing: score driven by +5% script boost (12-win team); also no third-down target role,,,
108,Terique Owens,SF,WR,,,50.032351105431374,53.7,,,48.032351105431374,,Healthy,Terique Owens: score driven by +5% script boost (12-win team); also no third-down target role,,,
109,Javon Baker,SF,WR,,,50.032351105431374,53.7,,,48.032351105431374,,Healthy,Javon Baker: score driven by +5% script boost (12-win team); also no third-down target role,,,
110,Malik Knowles,SF,WR,,,50.032351105431374,53.7,,,48.032351105431374,,Healthy,Malik Knowles: score driven by +5% script boost (12-win team); also no third-down target role,,,
111,Brandon Aiyuk,SF,WR,,,50.032351105431374,53.7,,,48.032351105431374,,Healthy,Brandon Aiyuk: score driven by +5% script boost (12-win team); also no third-down target role,,,
112,Junior Bergen,SF,WR,,,50.032351105431374,53.7,,,48.032351105431374,,Healthy,Junior Bergen: score driven by +5% script boost (12-win team); also no third-down target role,,,
113,Kayshon Boutte,NE,WR,,,49.887906111282355,61.87380752557587,,,47.887906111282355,,Questionable,Kayshon Boutte: score driven by YPRR 10.89 (p90 at WR); also +5% script boost (14-win team),,,
114,Tetairoa McMillan,CAR,WR,,,49.883527600663285,65.32863251582486,,,43.883527600663285,,Questionable,Tetairoa McMillan: score driven by BLANKET third-down role (32% of team targets); also garbage-time inflation 43%,,,
115,Keleki Latu,BUF,TE,,,49.37426315718974,51.01834274173733,,,45.37426315718974,,Healthy,Keleki Latu: score driven by garbage-time inflation 75%; also third-down target share 1%,,,
116,Jaylen Warren,PIT,RB,,,45.57630402514729,69.47361962844408,,,47.57630402514729,,Healthy,"Jaylen Warren: score driven by RB role BELLCOW (carry share 60%); also age cliff none (age 27, 0%)",,,
117,Josh Downs,IND,WR,,,49.60386767302788,63.166931648321786,,,47.60386767302788,,Healthy,Josh Downs: score driven by BLANKET third-down role (29% of team targets); also garbage-time inflation 37%,,,
118,Isiah Pacheco,KC,RB,,,45.43221449574374,55.69932355399974,,,43.43221449574374,,Questionable,"Isiah Pacheco: score driven by age cliff none (age 27, 0%); also third-down target share 2%",,,
119,Jashaun Corbin,NE,RB,,,45.30271569645067,60.57281553398058,,,43.30271569645067,,Healthy,"Jashaun Corbin: score driven by age cliff none (age 25, 0%); also +3% script boost (14-win team)",,,
120,Deneric Prince,NE,RB,,,45.30271569645067,60.57281553398058,,,43.30271569645067,,Healthy,"Deneric Prince: score driven by age cliff none (age 25, 0%); also +3% script boost (14-win team)",,,
121,Rushawn Baker,NE,RB,,,45.30271569645067,60.57281553398058,,,43.30271569645067,,Healthy,"Rushawn Baker: score driven by age cliff none (age 22, 0%); also +3% script boost (14-win team)",,,
122,Lan Larison,NE,RB,,,45.30271569645067,60.57281553398058,,,43.30271569645067,,Healthy,"Lan Larison: score driven by age cliff none (age 24, 0%); also +3% script boost (14-win team)",,,
123,Micah Bernard,NE,RB,,,45.30271569645067,60.57281553398058,,,43.30271569645067,,Healthy,"Micah Bernard: score driven by age cliff AGE_UNKNOWN (age ?, 0%); also +3% script boost (14-win team)",,,
124,Brock Lampe,NE,RB,,,45.30271569645067,60.57281553398058,,,43.30271569645067,,Healthy,"Brock Lampe: score driven by age cliff none (age 22, 0%); also +3% script boost (14-win team)",,,
125,Shane Watts,NE,RB,,,45.30271569645067,60.57281553398058,,,43.30271569645067,,Healthy,"Shane Watts: score driven by age cliff AGE_UNKNOWN (age ?, 0%); also +3% script boost (14-win team)",,,
126,Xavier Worthy,KC,WR,,,49.2930153875552,53.75305852196433,,,47.2930153875552,,Doubtful,Xavier Worthy: score driven by third-down target share 9%; also garbage-time inflation 32%,,,
127,DeVonta Smith,PHI,WR,,,49.21633985472661,70.25251589585704,,,47.21633985472661,,Healthy,DeVonta Smith: score driven by garbage-time inflation 30%; also BLANKET third-down role (32% of team targets),,,
128,Ryan Flournoy,DAL,WR,,,49.08301112627285,53.464110837210484,,,45.08301112627285,,Healthy,Ryan Flournoy: score driven by YPRR 8.48 (p70 at WR); also stable coaching context,,,
129,Bijan Robinson,ATL,RB,,,44.81891121279908,75.86335584766888,,,46.81891121279908,,Healthy,"Bijan Robinson: score driven by RB role BELLCOW (carry share 65%); also age cliff none (age 24, 0%)",,,
130,Demarcus Robinson,SF,WR,,,48.95485902056137,57.55825789553292,,,46.95485902056137,,Healthy,Demarcus Robinson: score driven by +5% script boost (12-win team); also YPRR 8.82 (p74 at WR),,,
131,Cooper Kupp,SEA,WR,,,48.904519485217506,60.21834725207706,,,46.904519485217506,,Healthy,Cooper Kupp: score driven by +5% script boost (14-win team); also stable coaching context,,,
132,Baker Mayfield,TB,QB,,,59.951008987296085,54.26315789473684,,,57.951008987296085,,Healthy,Baker Mayfield: score driven by stable coaching context; also garbage-time inflation 40%,,,
133,Kenneth Gainwell,PIT,RB,,,44.51594245237334,64.00276719019026,,,46.51594245237334,,Healthy,"Kenneth Gainwell: score driven by age cliff none (age 26, 0%); also stable coaching context",,,
134,Jake Tonges,SF,TE,,,48.26925633895931,61.1534551362007,,,46.26925633895931,,Healthy,Jake Tonges: score driven by +5% script boost (12-win team); also third-down target share 10%,,,
135,Jaydon Blue,DAL,RB,,,44.3989228925232,56.07704787291088,,,40.3989228925232,,Healthy,"Jaydon Blue: score driven by age cliff none (age 22, 0%); also garbage-time inflation 54%",,,
136,Jaylen Waddle,MIA,WR,,,48.478266098990126,60.72385254550251,,,50.478266098990126,,Questionable,Jaylen Waddle: score driven by YPRR 9.10 (p78 at WR); also garbage-time inflation 49%,,,
137,Rachaad White,TB,RB,,,44.27980680393233,58.28656072837606,,,42.27980680393233,,Healthy,"Rachaad White: score driven by age cliff none (age 27, 0%); also stable coaching context",,,
138,Chris Rodriguez Jr.,WAS,RB,,,44.16558291492954,58.11296912742783,,,46.16558291492954,,Questionable,"Chris Rodriguez Jr.: score driven by age cliff none (age 26, 0%); also stable coaching context",,,
139,Jordan Whittington,LA,WR,,,48.29591495960998,51.745303222016055,,,44.29591495960998,,Healthy,Jordan Whittington: score driven by third-down target share 2%; also +5% script boost (12-win team),,,
140,Ulysses Bentley IV,IND,RB,,,43.99273938728036,54.22797362546077,,,41.99273938728036,,Healthy,"Ulysses Bentley IV: score driven by garbage-time inflation 100%; also age cliff none (age 25, 0%)",,,
141,Nate Noel,IND,RB,,,43.99273938728036,62.08737864077669,,,41.99273938728036,,Healthy,"Nate Noel: score driven by age cliff AGE_UNKNOWN (age ?, 0%); also RB committee risk LOW (HHI 0.76)",,,
142,Nay'Quan Wright,IND,RB,,,43.99273938728036,62.08737864077669,,,41.99273938728036,,Healthy,"Nay'Quan Wright: score driven by age cliff AGE_UNKNOWN (age ?, 0%); also RB committee risk LOW (HHI 0.76)",,,
143,Salvon Ahmed,IND,RB,,,43.99273938728036,62.08737864077669,,,41.99273938728036,,Healthy,"Salvon Ahmed: score driven by age cliff none (age 27, 0%); also RB committee risk LOW (HHI 0.76)",,,
144,Tyler Shough,NO,QB,,,59.112093155275225,52.72654462242563,,,55.112093155275225,,Healthy,Tyler Shough: score driven by stable coaching context; also garbage-time inflation 46%,,,
145,Kendrick Bourne,SF,WR,,,47.99882288995419,58.73661252926455,,,45.99882288995419,,Healthy,Kendrick Bourne: score driven by YPRR 10.02 (p84 at WR); also third-down target share 8%,,,
146,Jordan Watkins,SF,WR,,,47.7426361644091,50.43504271703539,,,45.7426361644091,,Healthy,Jordan Watkins: score driven by third-down target share 1%; also garbage-time inflation 67%,,,
147,Malik Davis,DAL,RB,,,43.59465975174436,50.64935206107192,,,39.59465975174436,,Out,"Malik Davis: score driven by age cliff none (age 27, 0%); also garbage-time inflation 68%",,,
148,Christian Watson,GB,WR,,,47.68610865466637,63.36216067128071,,,49.8327267985504,,Questionable,Christian Watson: score driven by YPRR 10.44 (p87 at WR); also target share trend ASCENDING,,,
149,Jacory Croskey-Merritt,WAS,RB,,,43.34616553028579,58.23881609858992,,,45.34616553028579,,Healthy,"Jacory Croskey-Merritt: score driven by age cliff none (age 24, 0%); also stable coaching context",,,
150,Tyquan Thornton,KC,WR,,,47.45256044724188,55.0454231343567,,,49.57887005134987,,Healthy,Tyquan Thornton: score driven by YPRR 11.84 (p93 at WR); also third-down target share 10%,,,
151,Tyrion Davis-Price,GB,RB,,,43.27886996394341,58.02427184466019,,,41.27886996394341,,Healthy,"Tyrion Davis-Price: score driven by age cliff none (age 25, 0%); also stable coaching context",,,
152,Damien Martinez,GB,RB,,,43.27886996394341,58.02427184466019,,,41.27886996394341,,Healthy,"Damien Martinez: score driven by age cliff none (age 22, 0%); also stable coaching context",,,
153,Pierre Strong,GB,RB,,,43.27886996394341,58.02427184466019,,,41.27886996394341,,Healthy,"Pierre Strong: score driven by age cliff none (age 27, 0%); also stable coaching context",,,
154,MarShawn Lloyd,GB,RB,,,43.27886996394341,58.02427184466019,,,41.27886996394341,,Out,"MarShawn Lloyd: score driven by age cliff none (age 25, 0%); also stable coaching context",,,
155,Sean Tucker,TB,RB,,,43.182766358269774,55.2363231068078,,,41.182766358269774,,Healthy,"Sean Tucker: score driven by age cliff none (age 24, 0%); also third-down target share 1%",,,
156,Mark Andrews,BAL,TE,,,46.91571154125126,58.59679081812981,,,42.91571154125126,,Healthy,Mark Andrews: score driven by target share trend ASCENDING; also stable coaching context,,,
157,Parker Washington,JAX,WR,,,47.21895904421519,67.17826864252913,,,45.21895904421519,,Questionable,Parker Washington: score driven by garbage-time inflation 36%; also +5% script boost (13-win team),,,
158,Ray Davis,BUF,RB,,,42.914274443346656,56.23625414301038,,,38.914274443346656,,Healthy,"Ray Davis: score driven by age cliff none (age 26, 0%); also garbage-time inflation 81%",,,
159,KaVontae Turpin,DAL,WR,,,46.98284495177018,54.41072366876261,,,42.98284495177018,,Healthy,KaVontae Turpin: score driven by YPRR 10.42 (p87 at WR); also third-down target share 9%,,,
160,Bo Nix,DEN,QB,,,57.843037286298184,54.782902550318795,,,55.843037286298184,,Out,Bo Nix: score driven by garbage-time inflation 52%; also stable coaching context,,,
161,Brashard Smith,KC,RB,,,42.64094215851287,55.40837378432138,,,40.64094215851287,,Healthy,"Brashard Smith: score driven by age cliff none (age 22, 0%); also third-down target share 6%",,,
162,Tutu Atwell,LA,WR,,,46.762103343847116,57.987737329921714,,,51.01423922805543,,Healthy,Tutu Atwell: score driven by YPRR 12.80 (p96 at WR); also third-down target share 2%,,,
163,Tyler Neville,DAL,TE,,,46.38409768085072,49.6,,,42.38409768085072,,Healthy,Tyler Neville: score driven by no third-down target role; also stable coaching context,,,
164,John Stephens Jr.,DAL,TE,,,46.38409768085072,49.6,,,42.38409768085072,,Healthy,John Stephens Jr.: score driven by no third-down target role; also stable coaching context,,,
165,Princeton Fant,DAL,TE,,,46.38409768085072,49.6,,,42.38409768085072,,Healthy,Princeton Fant: score driven by no third-down target role; also stable coaching context,,,
166,Kenny McIntosh,SEA,RB,,,42.55626364594818,60.57281553398058,,,40.55626364594818,,Healthy,"Kenny McIntosh: score driven by age cliff none (age 25, 0%); also +3% script boost (14-win team)",,,
167,Jacardia Wright,SEA,RB,,,42.55626364594818,52.725509196280484,,,40.55626364594818,,Healthy,"Jacardia Wright: score driven by garbage-time inflation 100%; also age cliff none (age 25, 0%)",,,
168,Tyrell Shavers,BUF,WR,,,46.433228809269444,59.731650115793315,,,46.470900879640695,,Out,Tyrell Shavers: score driven by YPRR 10.36 (p86 at WR); also third-down target share 6%,,,
169,Traeshon Holden,DAL,WR,,,46.38409768085072,49.6,,,42.38409768085072,,Healthy,Traeshon Holden: score driven by no third-down target role; also stable coaching context,,,
170,Parris Campbell,DAL,WR,,,46.38409768085072,49.6,,,42.38409768085072,,Healthy,Parris Campbell: score driven by no third-down target role; also stable coaching context,,,
171,Jalen Cropper,DAL,WR,,,46.38409768085072,49.6,,,42.38409768085072,,Healthy,Jalen Cropper: score driven by no third-down target role; also stable coaching context,,,
172,Brian Robinson,SF,RB,,,41.99147860841352,62.46509072388262,,,39.99147860841352,,Healthy,"Brian Robinson: score driven by age cliff none (age 26, 0%); also RB committee risk LOW (HHI 0.63)",,,
173,Carson Steele,KC,RB,,,41.94602120185814,57.71844660194174,,,39.94602120185814,,Healthy,"Carson Steele: score driven by age cliff none (age 23, 0%); also stable coaching context",,,
174,Keaontay Ingram,KC,RB,,,41.94602120185814,57.71844660194174,,,39.94602120185814,,Healthy,"Keaontay Ingram: score driven by age cliff none (age 26, 0%); also stable coaching context",,,
175,Sam Darnold,SEA,QB,,,57.06939378141703,52.66447368421053,,,55.06939378141703,,Healthy,Sam Darnold: score driven by garbage-time inflation 62%; also stable coaching context,,,
176,Ricky Pearsall,SF,WR,,,45.86838041214759,60.95178006357752,,,47.856935230595205,,Questionable,Ricky Pearsall: score driven by YPRR 9.60 (p82 at WR); also +5% script boost (12-win team),,,
177,Efton Chism III,NE,WR,,,45.764665118679154,55.304597117635446,,,43.764665118679154,,Healthy,Efton Chism III: score driven by YPRR 23.75 (p100 at WR); also garbage-time inflation 75%,,,
178,Frank Gore Jr.,BUF,RB,,,41.60050052919682,69.83380925185608,,,37.60050052919682,,Healthy,"Frank Gore Jr.: score driven by age cliff none (age 23, 0%); also RB committee risk LOW (HHI 0.61)",,,
179,D'Andre Swift,CHI,RB,,,41.570288951725914,68.48466174269156,,,43.570288951725914,,Questionable,"D'Andre Swift: score driven by RB role BELLCOW (carry share 56%); also age cliff none (age 27, 0%)",,,
180,Kyle Monangai,CHI,RB,,,41.39392320340508,59.19732109167863,,,43.39392320340508,,Healthy,"Kyle Monangai: score driven by age cliff none (age 23, 0%); also third-down target share 5%",,,
181,Rashid Shaheed,SEA,WR,,,45.492159740519256,48.61084538294469,,,43.492159740519256,,Healthy,Rashid Shaheed: score driven by garbage-time inflation 79%; also +5% script boost (14-win team),,,
182,Tory Horton,SEA,WR,,,45.47145541895237,51.29780340999017,,,43.47145541895237,,Out,Tory Horton: score driven by third-down target share 4%; also +5% script boost (14-win team),,,
183,Emanuel Wilson,GB,RB,,,41.33326864184986,52.951234304973184,,,39.33326864184986,,Questionable,"Emanuel Wilson: score driven by age cliff none (age 26, 0%); also third-down target share 3%",,,
184,Ameer Abdullah,IND,RB,,,41.316515757998424,49.72494700696097,,,39.316515757998424,,Healthy,"Ameer Abdullah: score driven by RB committee risk LOW (HHI 0.76); also age cliff AVOID (age 32, -35%)",,,
185,Cole Fotheringham,NE,TE,,,44.97164829691824,53.1,,,42.97164829691824,,Healthy,Cole Fotheringham: score driven by +5% script boost (14-win team); also no third-down target role,,,
186,Marshall Lang,NE,TE,,,44.97164829691824,53.1,,,42.97164829691824,,Healthy,Marshall Lang: score driven by +5% script boost (14-win team); also no third-down target role,,,
187,Thomas Odukoya,NE,TE,,,44.97164829691824,53.1,,,42.97164829691824,,Healthy,Thomas Odukoya: score driven by +5% script boost (14-win team); also no third-down target role,,,
188,CJ Dippre,NE,TE,,,44.97164829691824,53.1,,,42.97164829691824,,Healthy,CJ Dippre: score driven by +5% script boost (14-win team); also no third-down target role,,,
189,Kyle Juszczyk,SF,RB,,,41.14296671825296,52.989093035676646,,,39.14296671825296,,Healthy,"Kyle Juszczyk: score driven by RB committee risk LOW (HHI 0.63); also age cliff AVOID (age 34, -35%)",,,
190,DeMario Douglas,NE,WR,,,45.11670035428254,55.0171723954066,,,43.11670035428254,,Healthy,DeMario Douglas: score driven by YPRR 9.16 (p80 at WR); also +5% script boost (14-win team),,,
191,Phil Lutz,NE,WR,,,44.97164829691824,53.1,,,42.97164829691824,,Healthy,Phil Lutz: score driven by +5% script boost (14-win team); also no third-down target role,,,
192,John Jiles,NE,WR,,,44.97164829691824,53.1,,,42.97164829691824,,Healthy,John Jiles: score driven by +5% script boost (14-win team); also no third-down target role,,,
193,Jeremiah Webb,NE,WR,,,44.97164829691824,53.1,,,42.97164829691824,,Healthy,Jeremiah Webb: score driven by +5% script boost (14-win team); also no third-down target role,,,
194,Brandon Smith,NE,WR,,,44.97164829691824,53.1,,,42.97164829691824,,Healthy,Brandon Smith: score driven by +5% script boost (14-win team); also no third-down target role,,,
195,Elijah Mitchell,KC,RB,,,40.78845442661384,58.11024881544228,,,38.78845442661384,,Healthy,"Elijah Mitchell: score driven by age cliff AGE_CLIFF (age 27, -5%); also clean neutral-script profile (inflation 0%)",,,
196,Drake London,ATL,WR,,,44.8568604363772,59.24419372686327,,,46.8568604363772,,Questionable,Drake London: score driven by garbage-time inflation 31%; also stable coaching context,,,
197,Tyler Allgeier,ATL,RB,,,40.71222396050089,59.11337833475431,,,42.71222396050089,,Healthy,"Tyler Allgeier: score driven by age cliff none (age 25, 0%); also RB committee risk LOW (HHI 0.53)",,,
198,C.J. Stroud,HOU,QB,,,55.86217012114058,53.21671826625387,,,57.86217012114058,,Healthy,C.J. Stroud: score driven by garbage-time inflation 55%; also stable coaching context,,,
199,Jordan James,SF,RB,,,40.62545871307006,56.693679413512974,,,38.62545871307006,,Healthy,"Jordan James: score driven by garbage-time inflation 100%; also age cliff none (age 21, 0%)",,,
200,Sean McKeon,IND,TE,,,44.37012380823393,50.2,,,42.37012380823393,,Healthy,Sean McKeon: score driven by no third-down target role; also stable coaching context,,,
201,Marvin Harrison Jr.,ARI,WR,,,44.63733767846264,50.583246993339685,,,46.63733767846264,,Healthy,Marvin Harrison Jr.: score driven by stable coaching context; also third-down target share 13%,,,
202,Brady Russell,SEA,RB,,,40.43126364594818,64.7147344374643,,,38.43126364594818,,Healthy,"Brady Russell: score driven by age cliff AGE_CLIFF (age 27, -5%); also clean neutral-script profile (inflation 0%)",,,
203,Hunter Luepke,DAL,RB,,,40.41896899978699,54.51499266832009,,,39.93366195629021,,Questionable,"Hunter Luepke: score driven by age cliff none (age 26, 0%); also third-down target share 6%",,,
204,Dontayvion Wicks,GB,WR,,,44.42327332246586,51.93182939982654,,,42.42327332246586,,Out,Dontayvion Wicks: score driven by stable coaching context; also garbage-time inflation 32%,,,
205,Bam Knight,ARI,RB,,,40.23589932940568,49.23171984913129,,,42.23589932940568,,Questionable,"Bam Knight: score driven by age cliff none (age 24, 0%); also RB committee risk HIGH (HHI 0.22)",,,
206,D.J. Montgomery,IND,WR,,,44.37012380823393,50.2,,,42.37012380823393,,Healthy,D.J. Montgomery: score driven by no third-down target role; also stable coaching context,,,
207,Tyler Kahmann,IND,WR,,,44.37012380823393,50.2,,,42.37012380823393,,Healthy,Tyler Kahmann: score driven by no third-down target role; also stable coaching context,,,
208,Eli Pancol,IND,WR,,,44.37012380823393,50.2,,,42.37012380823393,,Healthy,Eli Pancol: score driven by no third-down target role; also stable coaching context,,,
209,Laquon Treadwell,IND,WR,,,44.37012380823393,50.2,,,42.37012380823393,,Healthy,Laquon Treadwell: score driven by no third-down target role; also stable coaching context,,,
210,Landon Parker,IND,WR,,,44.37012380823393,50.2,,,42.37012380823393,,Healthy,Landon Parker: score driven by no third-down target role; also stable coaching context,,,
211,Blayne Taylor,IND,WR,,,44.37012380823393,50.2,,,42.37012380823393,,Healthy,Blayne Taylor: score driven by no third-down target role; also stable coaching context,,,
212,Ajou Ajou,IND,WR,,,44.37012380823393,50.2,,,42.37012380823393,,Healthy,Ajou Ajou: score driven by no third-down target role; also stable coaching context,,,
213,Keaton Mitchell,BAL,RB,,,40.18408652139375,63.40933750387973,,,36.18408652139375,,Healthy,"Keaton Mitchell: score driven by age cliff none (age 24, 0%); also RB committee risk LOW (HHI 0.64)",,,
214,Jonathan Ward,BAL,RB,,,40.141748215518476,60.922330097087375,,,36.141748215518476,,Healthy,"Jonathan Ward: score driven by RB committee risk LOW (HHI 0.64); also age cliff AGE_CLIFF (age 28, -5%)",,,
215,Lucas Scott,BAL,RB,,,40.141748215518476,62.08737864077669,,,36.141748215518476,,Healthy,"Lucas Scott: score driven by age cliff none (age 22, 0%); also RB committee risk LOW (HHI 0.64)",,,
216,Kyle Williams,NE,WR,,,44.177331666042555,49.710657153443755,,,42.177331666042555,,Healthy,Kyle Williams: score driven by garbage-time inflation 72%; also third-down target share 6%,,,
217,Tyler Huntley,BAL,QB,,,55.19415734568839,50.96052631578947,,,60.9343027596334,,Healthy,Tyler Huntley: score driven by garbage-time inflation 58%; also stable coaching context,,,
218,Chris Olave,NO,WR,,,44.11730068710333,62.12132972494359,,,48.11730068710333,,Out,Chris Olave: score driven by BLANKET third-down role (31% of team targets); also garbage-time inflation 46%,,,
219,Samaje Perine,CIN,RB,,,39.55782085197361,53.87064517378964,,,37.55782085197361,,Healthy,Samaje Perine: score driven by RB committee risk LOW (HHI 0.55); also third-down target share 7%,,,
220,Dallas Goedert,PHI,TE,,,43.29063043883147,59.53707483271943,,,41.29063043883147,,Healthy,Dallas Goedert: score driven by +5% script boost (11-win team); also garbage-time inflation 34%,,,
221,Nico Collins,HOU,WR,,,43.60233301805447,61.811256656366034,,,45.60233301805447,,Out,Nico Collins: score driven by +5% script boost (12-win team); also YPRR 8.89 (p76 at WR),,,
222,AJ Barner,SEA,TE,,,43.21902825314222,62.723626862598,,,41.21902825314222,,Healthy,AJ Barner: score driven by +5% script boost (14-win team); also YPRR 7.81 (p74 at TE),,,
223,DJ Giddens,IND,RB,,,39.420158742119064,54.46970067815299,,,37.420158742119064,,Healthy,"DJ Giddens: score driven by age cliff none (age 22, 0%); also RB committee risk LOW (HHI 0.76)",,,
224,Courtney Jackson,SEA,WR,,,43.4901101888738,53.1,,,41.4901101888738,,Healthy,Courtney Jackson: score driven by +5% script boost (14-win team); also no third-down target role,,,
225,Tyrone Broden,SEA,WR,,,43.4901101888738,53.1,,,41.4901101888738,,Healthy,Tyrone Broden: score driven by +5% script boost (14-win team); also no third-down target role,,,
226,Mac Dalena,SEA,WR,,,43.4901101888738,53.1,,,41.4901101888738,,Healthy,Mac Dalena: score driven by +5% script boost (14-win team); also no third-down target role,,,
227,Montorie Foster Jr,SEA,WR,,,43.4901101888738,53.1,,,41.4901101888738,,Healthy,Montorie Foster Jr: score driven by +5% script boost (14-win team); also no third-down target role,,,
228,Ricky White III,SEA,WR,,,43.4901101888738,53.1,,,41.4901101888738,,Healthy,Ricky White III: score driven by +5% script boost (14-win team); also no third-down target role,,,
229,Woody Marks,HOU,RB,,,39.287688357985644,58.35351836165079,,,41.287688357985644,,Healthy,"Woody Marks: score driven by age cliff none (age 25, 0%); also third-down target share 6%",,,
230,Rashod Bateman,BAL,WR,,,43.403590464323145,45.77319818621946,,,39.403590464323145,,Questionable,Rashod Bateman: score driven by YPRR 5.74 (p25 at WR); also third-down target share 10%,,,
231,Brian Thomas Jr.,JAX,WR,,,43.39118017581768,58.847263216513106,,,41.39118017581768,,Healthy,Brian Thomas Jr.: score driven by +5% script boost (13-win team); also stable coaching context,,,
232,Marquez Valdes-Scantling,SF,WR,,,43.37978139226945,51.73287485117226,,,45.15193629594505,,Healthy,Marquez Valdes-Scantling: score driven by YPRR 4.29 (p11 at WR); also third-down target share 5%,,,
233,Marcus Mariota,WAS,QB,,,54.316133239296974,52.28947368421053,,,61.039275260105406,,Out,Marcus Mariota: score driven by garbage-time inflation 50%; also stable coaching context,,,
234,Rome Odunze,CHI,WR,,,43.25514844042468,59.500651222058565,,,45.25514844042468,,Questionable,Rome Odunze: score driven by garbage-time inflation 31%; also +5% script boost (11-win team),,,
235,Quinshon Judkins,CLE,RB,,,38.894635793565364,68.04868864552844,,,34.894635793565364,,Questionable,"Quinshon Judkins: score driven by RB role BELLCOW (carry share 65%); also age cliff none (age 22, 0%)",,,
236,Reggie Gilliam,BUF,RB,,,38.81770997465366,56.5598871761364,,,41.66789408782783,,Healthy,Reggie Gilliam: score driven by garbage-time inflation 80%; also RB committee risk LOW (HHI 0.61),,,
237,Mecole Hardman,BUF,WR,,,42.9551926880106,54.78329816231425,,,46.535520809424234,,Questionable,Mecole Hardman: score driven by YPRR 1.33 (p3 at WR); also clean neutral-script profile (inflation 0%),,,
238,Deebo Samuel Sr.,WAS,WR,,,42.95007432223692,53.98899375008639,,,44.95007432223692,,Questionable,Deebo Samuel Sr.: score driven by garbage-time inflation 45%; also stable coaching context,,,
239,McCallan Castles,GB,TE,,,42.458505691765076,49.915,,,40.458505691765076,,Healthy,McCallan Castles: score driven by no third-down target role; also stable coaching context,,,
240,Johnny Lumpkin,GB,TE,,,42.458505691765076,49.915,,,40.458505691765076,,Healthy,Johnny Lumpkin: score driven by no third-down target role; also stable coaching context,,,
241,Messiah Swinson,GB,TE,,,42.458505691765076,49.915,,,40.458505691765076,,Healthy,Messiah Swinson: score driven by no third-down target role; also stable coaching context,,,
242,Luke Schoonmaker,DAL,TE,,,42.341146410450015,49.230374918756205,,,38.341146410450015,,Healthy,Luke Schoonmaker: score driven by no third-down target role; also stable coaching context,,,
243,Lamar Jackson,BAL,QB,,,53.72853198856429,53.930871956009426,,,49.72853198856429,,Healthy,Lamar Jackson: score driven by stable coaching context; also garbage-time inflation 43%,,,
244,Bucky Irving,TB,RB,,,38.516776922675724,56.30090875054551,,,39.86606187247361,,Healthy,"Bucky Irving: score driven by age cliff none (age 23, 0%); also third-down target share 1%",,,
245,Skyy Moore,SF,WR,,,42.586399255528974,59.916764122559336,,,44.289564408183665,,Healthy,Skyy Moore: score driven by YPRR 10.88 (p89 at WR); also +5% script boost (12-win team),,,
246,Jacob Saylors,DET,RB,,,38.34675734800577,54.43577204742253,,,34.34675734800577,,Healthy,"Jacob Saylors: score driven by garbage-time inflation 100%; also age cliff none (age 25, 0%)",,,
247,Kye Robichaux,DET,RB,,,38.34675734800577,62.291262135922324,,,34.34675734800577,,Healthy,"Kye Robichaux: score driven by age cliff none (age 23, 0%); also RB committee risk LOW (HHI 0.51)",,,
248,Jabari Small,DET,RB,,,38.34675734800577,62.291262135922324,,,34.34675734800577,,Healthy,"Jabari Small: score driven by age cliff none (age 24, 0%); also RB committee risk LOW (HHI 0.51)",,,
249,Deon Jackson,DET,RB,,,38.34675734800577,62.291262135922324,,,34.34675734800577,,Healthy,"Deon Jackson: score driven by age cliff none (age 27, 0%); also RB committee risk LOW (HHI 0.51)",,,
250,Jake Briningstool,KC,TE,,,42.12033573531342,49.6,,,40.12033573531342,,Out,Jake Briningstool: score driven by no third-down target role; also stable coaching context,,,
251,Geor'Quarius Spivey,KC,TE,,,42.12033573531342,49.6,,,40.12033573531342,,Healthy,Geor'Quarius Spivey: score driven by no third-down target role; also stable coaching context,,,
252,Tre Watson,KC,TE,,,42.12033573531342,49.6,,,40.12033573531342,,Healthy,Tre Watson: score driven by no third-down target role; also stable coaching context,,,
253,Julian Hicks,GB,WR,,,42.458505691765076,49.915,,,40.458505691765076,,Healthy,Julian Hicks: score driven by no third-down target role; also stable coaching context,,,
254,Isaiah Neyor,GB,WR,,,42.458505691765076,49.915,,,40.458505691765076,,Healthy,Isaiah Neyor: score driven by no third-down target role; also stable coaching context,,,
255,Kisean Johnson,GB,WR,,,42.458505691765076,49.915,,,40.458505691765076,,Healthy,Kisean Johnson: score driven by no third-down target role; also stable coaching context,,,
256,Kawaan Baker,GB,WR,,,42.458505691765076,49.915,,,40.458505691765076,,Healthy,Kawaan Baker: score driven by no third-down target role; also stable coaching context,,,
257,Will Sheppard,GB,WR,,,42.458505691765076,49.915,,,40.458505691765076,,Healthy,Will Sheppard: score driven by no third-down target role; also stable coaching context,,,
258,Mike Woods,GB,WR,,,42.458505691765076,49.915,,,40.458505691765076,,Healthy,Mike Woods: score driven by no third-down target role; also stable coaching context,,,
259,Colston Loveland,CHI,TE,,,41.9633803321139,63.279832706803916,,,43.9633803321139,,Questionable,Colston Loveland: score driven by YPRR 8.31 (p82 at TE); also +5% script boost (11-win team),,,
260,Calvin Austin III,PIT,WR,,,42.19434629782626,54.39247775830601,,,44.19434629782626,,Healthy,Calvin Austin III: score driven by +5% script boost (10-win team); also garbage-time inflation 30%,,,
261,JuJu Smith-Schuster,KC,WR,,,42.12978702593098,54.661131278099525,,,40.12978702593098,,Healthy,JuJu Smith-Schuster: score driven by third-down target share 9%; also stable coaching context,,,
262,Elijhah Badger,KC,WR,,,42.12033573531342,49.6,,,40.12033573531342,,Healthy,Elijhah Badger: score driven by no third-down target role; also stable coaching context,,,
263,Key'Shawn Smith,KC,WR,,,42.12033573531342,49.6,,,40.12033573531342,,Healthy,Key'Shawn Smith: score driven by no third-down target role; also stable coaching context,,,
264,Jimmy Holiday,KC,WR,,,42.12033573531342,49.6,,,40.12033573531342,,Healthy,Jimmy Holiday: score driven by no third-down target role; also stable coaching context,,,
265,Ben VanSumeren,PHI,RB,,,37.95688403288171,64.33009708737863,,,35.95688403288171,,Healthy,"Ben VanSumeren: score driven by age cliff none (age 25, 0%); also RB committee risk LOW (HHI 0.63)",,,
266,ShunDerrick Powell,PHI,RB,,,37.95688403288171,64.33009708737863,,,35.95688403288171,,Healthy,"ShunDerrick Powell: score driven by age cliff AGE_UNKNOWN (age ?, 0%); also RB committee risk LOW (HHI 0.63)",,,
267,Bryce Young,CAR,QB,,,53.073936797172145,52.46260387811635,,,55.073936797172145,,Healthy,Bryce Young: score driven by stable coaching context; also garbage-time inflation 49%,,,
268,Kyle Pitts,ATL,TE,,,41.657098715201855,70.70892848735134,,,43.657098715201855,,Questionable,Kyle Pitts: score driven by garbage-time inflation 28%; also BLANKET third-down role (29% of team targets),,,
269,Austin Hooper,NE,TE,,,41.63613946847634,57.35462968086219,,,39.63613946847634,,Healthy,Austin Hooper: score driven by third-down target share 2%; also YPRR 8.70 (p86 at TE),,,
270,Jalen Tolbert,DAL,WR,,,41.9661875986862,46.61669318868816,,,41.61542130291978,,Healthy,Jalen Tolbert: score driven by third-down target share 7%; also YPRR 5.80 (p26 at WR),,,
271,Zach Ertz,WAS,TE,,,41.58028047146202,56.055688604951015,,,43.58028047146202,,Healthy,Zach Ertz: score driven by stable coaching context; also YPRR 6.90 (p60 at TE),,,
272,Tez Johnson,TB,WR,,,41.869767795738866,48.44128643299127,,,39.869767795738866,,Healthy,Tez Johnson: score driven by third-down target share 7%; also stable coaching context,,,
273,J.J. McCarthy,MIN,QB,,,52.91705620052636,54.09672830725462,,,46.91705620052636,,Healthy,J.J. McCarthy: score driven by stable coaching context; also garbage-time inflation 43%,,,
274,Michael Wiley,TB,RB,,,37.649803039662096,57.71844660194174,,,35.649803039662096,,Healthy,"Michael Wiley: score driven by age cliff none (age 24, 0%); also stable coaching context",,,
275,Jase McClellan,TB,RB,,,37.649803039662096,57.71844660194174,,,35.649803039662096,,Healthy,"Jase McClellan: score driven by age cliff none (age 23, 0%); also stable coaching context",,,
276,Josh Williams,TB,RB,,,37.649803039662096,49.8718884590116,,,35.649803039662096,,Healthy,"Josh Williams: score driven by garbage-time inflation 100%; also age cliff none (age 25, 0%)",,,
277,Owen Wright,TB,RB,,,37.649803039662096,49.86750857726841,,,35.649803039662096,,Healthy,"Owen Wright: score driven by garbage-time inflation 100%; also age cliff none (age 27, 0%)",,,
278,DeAndre Hopkins,BAL,WR,,,41.7860545573734,59.873563545888274,,,37.7860545573734,,Healthy,DeAndre Hopkins: score driven by target share trend ASCENDING; also YPRR 8.46 (p69 at WR),,,
279,Ronnie Rivers,LA,RB,,,37.62916557993489,55.59871295697925,,,40.269606564629285,,Healthy,"Ronnie Rivers: score driven by garbage-time inflation 80%; also age cliff none (age 27, 0%)",,,
280,Kendall Milton,CIN,RB,,,37.57621201828132,54.23373424141428,,,35.57621201828132,,Healthy,"Kendall Milton: score driven by garbage-time inflation 100%; also age cliff none (age 24, 0%)",,,
281,Gary Brightwell,CIN,RB,,,37.57621201828132,60.922330097087375,,,35.57621201828132,,Healthy,"Gary Brightwell: score driven by RB committee risk LOW (HHI 0.55); also age cliff AGE_CLIFF (age 28, -5%)",,,
282,Quali Conley,CIN,RB,,,37.57621201828132,62.08737864077669,,,35.57621201828132,,Healthy,"Quali Conley: score driven by age cliff AGE_UNKNOWN (age ?, 0%); also RB committee risk LOW (HHI 0.55)",,,
283,Malik Turner,SF,WR,,,41.703601105431375,54.44758727887975,,,39.703601105431375,,Healthy,Malik Turner: score driven by YPRR 0.00 (p1 at WR); also clean neutral-script profile (inflation 0%),,,
284,Matthew Golden,GB,WR,,,41.594216831126275,52.45987001768918,,,39.594216831126275,,Healthy,Matthew Golden: score driven by YPRR 9.08 (p78 at WR); also third-down target share 9%,,,
285,Cody Schrader,DEN,RB,,,37.44949382204762,60.57281553398058,,,35.44949382204762,,Healthy,"Cody Schrader: score driven by age cliff none (age 26, 0%); also +3% script boost (14-win team)",,,
286,Michael Burton,DEN,RB,,,37.44949382204762,50.66990291262136,,,35.44949382204762,,Healthy,"Michael Burton: score driven by age cliff AVOID (age 34, -35%); also +3% script boost (14-win team)",,,
287,Deuce Vaughn,DEN,RB,,,37.44949382204762,60.57281553398058,,,35.44949382204762,,Healthy,"Deuce Vaughn: score driven by age cliff none (age 24, 0%); also +3% script boost (14-win team)",,,
288,Curtis Samuel,BUF,WR,,,41.57749464267991,56.5039438480136,,,44.914699579623424,,Questionable,Curtis Samuel: score driven by third-down target share 3%; also +5% script boost (12-win team),,,
289,Elijah Arroyo,SEA,TE,,,41.188817928664875,52.622280202403545,,,39.188817928664875,,Healthy,Elijah Arroyo: score driven by third-down target share 5%; also +5% script boost (14-win team),,,
290,Jared Goff,DET,QB,,,52.51725335958376,52.5595567867036,,,48.51725335958376,,Healthy,Jared Goff: score driven by garbage-time inflation 53%; also stable coaching context,,,
291,Omarion Hampton,LAC,RB,,,37.28903135538937,61.10928746564986,,,31.289031355389373,,Questionable,"Omarion Hampton: score driven by age cliff none (age 22, 0%); also third-down target share 3%",,,
292,Justin Jefferson,MIN,WR,,,41.424940084697575,63.63632126841768,,,43.424940084697575,,Healthy,Justin Jefferson: score driven by BLANKET third-down role (32% of team targets); also garbage-time inflation 44%,,,
293,Trevor Lawrence,JAX,QB,,,52.35836445626206,55.97161442933176,,,50.35836445626206,,Healthy,Trevor Lawrence: score driven by stable coaching context; also team win total 13,,,
294,Brevyn Spann-Ford,DAL,TE,,,40.93133694985924,52.32149428069963,,,40.49058364115134,,Healthy,Brevyn Spann-Ford: score driven by no third-down target role; also stable coaching context,,,
295,Ollie Gordon II,MIA,RB,,,37.10228503440463,52.866927365113035,,,39.10228503440463,,Healthy,"Ollie Gordon II: score driven by age cliff none (age 22, 0%); also third-down target share 1%",,,
296,Miles Sanders,DAL,RB,,,37.03842859570056,52.55078100571819,,,39.574621877294774,,Out,"Miles Sanders: score driven by third-down target share 1%; also age cliff AGE_CLIFF (age 28, -12%)",,,
297,Quinn Ewers,MIA,QB,,,52.20652673290783,49.131578947368425,,,54.20652673290783,,Healthy,Quinn Ewers: score driven by garbage-time inflation 67%; also stable coaching context,,,
298,Max Hurleman,PIT,RB,,,37.00846967243194,59.75728155339805,,,39.00846967243194,,Healthy,"Max Hurleman: score driven by age cliff none (age 24, 0%); also stable coaching context",,,
299,Lew Nichols III,PIT,RB,,,37.00846967243194,59.75728155339805,,,39.00846967243194,,Healthy,"Lew Nichols III: score driven by age cliff none (age 24, 0%); also stable coaching context",,,
300,Trey Sermon,PIT,RB,,,37.00846967243194,59.75728155339805,,,39.00846967243194,,Healthy,"Trey Sermon: score driven by age cliff none (age 27, 0%); also stable coaching context",,,
301,J.K. Dobbins,DEN,RB,,,36.692179920679415,57.331189741805,,,37.88280426160806,,Out,"J.K. Dobbins: score driven by age cliff none (age 27, 0%); also third-down target share 1%",,,
302,Michael Carter,ARI,RB,,,36.69015669425951,46.53216133915988,,,38.69015669425951,,Healthy,"Michael Carter: score driven by age cliff none (age 26, 0%); also RB committee risk HIGH (HHI 0.22)",,,
303,Joe Burrow,CIN,QB,,,51.83906790627452,55.42481203007519,,,58.987138713264144,,Healthy,Joe Burrow: score driven by stable coaching context; also age cliff N/A for position,,,
304,Rashee Rice,KC,WR,,,40.76087350702697,57.177944966702924,,,45.95396883179644,,Healthy,Rashee Rice: score driven by garbage-time inflation 32%; also target share trend ASCENDING,,,
305,Isaac TeSlaa,DET,WR,,,40.731741767067646,51.99547979236138,,,36.731741767067646,,Questionable,Isaac TeSlaa: score driven by third-down target share 4%; also YPRR 8.85 (p75 at WR),,,
306,Cade Otton,TB,TE,,,40.35562776809127,55.478887364146274,,,38.35562776809127,,Healthy,Cade Otton: score driven by stable coaching context; also third-down target share 13%,,,
307,Andrei Iosivas,CIN,WR,,,40.63539494775665,52.64904602491532,,,38.63539494775665,,Healthy,Andrei Iosivas: score driven by third-down target share 12%; also stable coaching context,,,
308,Kevin Harris,JAX,RB,,,36.48623103542288,64.7378640776699,,,34.48623103542288,,Healthy,"Kevin Harris: score driven by age cliff none (age 25, 0%); also RB committee risk LOW (HHI 0.54)",,,
309,Ja'Quinden Jackson,JAX,RB,,,36.48623103542288,64.7378640776699,,,34.48623103542288,,Healthy,"Ja'Quinden Jackson: score driven by age cliff none (age 24, 0%); also RB committee risk LOW (HHI 0.54)",,,
310,Terrell Jennings,NE,RB,,,36.43457756173969,58.80339805825243,,,40.86420889616434,,Out,"Terrell Jennings: score driven by age cliff none (age 25, 0%); also +3% script boost (14-win team)",,,
311,Myles Gaskin,SEA,RB,,,36.17282409905595,49.92268415854499,,,40.55626364594818,,Healthy,"Myles Gaskin: score driven by garbage-time inflation 100%; also age cliff AGE_CLIFF (age 29, -12%)",,,
312,Luke Farrell,SF,TE,,,39.81671056537402,50.90447336417151,,,41.279033223232624,,Healthy,Luke Farrell: score driven by third-down target share 1%; also +5% script boost (12-win team),,,
313,Cam Skattebo,NYG,RB,,,36.00661641206056,57.226038852635604,,,38.00661641206056,,Healthy,"Cam Skattebo: score driven by age cliff none (age 24, 0%); also third-down target share 5%",,,
314,Wan'Dale Robinson,NYG,WR,,,40.105486158291164,64.5999035470448,,,42.105486158291164,,Out,Wan'Dale Robinson: score driven by BLANKET third-down role (31% of team targets); also garbage-time inflation 45%,,,
315,Antonio Gibson,NE,RB,,,35.86922189483442,57.40189450552605,,,40.199084582158136,,Out,"Antonio Gibson: score driven by age cliff AGE_CLIFF (age 27, -5%); also third-down target share 1%",,,
316,Mike Gesicki,CIN,TE,,,39.60597197271722,54.220682093600324,,,37.60597197271722,,Healthy,Mike Gesicki: score driven by third-down target share 7%; also YPRR 7.14 (p69 at TE),,,
317,Tahj Brooks,CIN,RB,,,35.80349076965042,58.00131530547412,,,33.80349076965042,,Healthy,"Tahj Brooks: score driven by age cliff none (age 23, 0%); also RB committee risk LOW (HHI 0.55)",,,
318,Jermar Jefferson,ARI,RB,,,35.7472554719021,51.89320388349514,,,37.7472554719021,,Healthy,"Jermar Jefferson: score driven by age cliff none (age 25, 0%); also RB committee risk HIGH (HHI 0.22)",,,
319,Coleman Owen,IND,WR,,,39.87012380823393,35.82488789237668,,,37.87012380823393,,Healthy,Coleman Owen: score driven by garbage-time inflation 100%; also YPRR 0.00 (p1 at WR),,,
320,Scotty Washington,BAL,TE,,,39.420853896600526,50.2,,,35.420853896600526,,Healthy,Scotty Washington: score driven by no third-down target role; also stable coaching context,,,
321,Baylor Cupp,BAL,TE,,,39.420853896600526,50.2,,,35.420853896600526,,Healthy,Baylor Cupp: score driven by no third-down target role; also stable coaching context,,,
322,Gabe Davis,BUF,WR,,,39.74719658806485,51.651772059622374,,,42.76140775066453,,Healthy,Gabe Davis: score driven by third-down target share 4%; also +5% script boost (12-win team),,,
323,Mitchell Tinsley,CIN,WR,,,39.697414555385556,48.188435667471545,,,37.697414555385556,,Healthy,Mitchell Tinsley: score driven by third-down target share 2%; also YPRR 4.83 (p16 at WR),,,
324,Sterling Shepard,TB,WR,,,39.63765793018016,52.17922156613246,,,37.63765793018016,,Healthy,Sterling Shepard: score driven by stable coaching context; also YPRR 6.87 (p38 at WR),,,
325,Noah Gray,KC,TE,,,39.26598268679625,48.1444209470583,,,37.26598268679625,,Healthy,Noah Gray: score driven by third-down target share 8%; also YPRR 4.68 (p25 at TE),,,
326,Cornelius Johnson,BAL,WR,,,39.420853896600526,50.2,,,35.420853896600526,,Healthy,Cornelius Johnson: score driven by no third-down target role; also stable coaching context,,,
327,Dayton Wade,BAL,WR,,,39.420853896600526,50.2,,,35.420853896600526,,Healthy,Dayton Wade: score driven by no third-down target role; also stable coaching context,,,
328,LaJohntay Wester,BAL,WR,,,39.420853896600526,50.2,,,35.420853896600526,,Healthy,LaJohntay Wester: score driven by no third-down target role; also stable coaching context,,,
329,Xavier Guillory,BAL,WR,,,39.420853896600526,50.2,,,35.420853896600526,,Healthy,Xavier Guillory: score driven by no third-down target role; also stable coaching context,,,
330,Anthony Miller,BAL,WR,,,39.420853896600526,50.2,,,35.420853896600526,,Healthy,Anthony Miller: score driven by no third-down target role; also stable coaching context,,,
331,Jahmal Banks,BAL,WR,,,39.420853896600526,50.2,,,35.420853896600526,,Healthy,Jahmal Banks: score driven by no third-down target role; also stable coaching context,,,
332,Keith Kirkwood,BAL,WR,,,39.420853896600526,50.2,,,35.420853896600526,,Healthy,Keith Kirkwood: score driven by no third-down target role; also stable coaching context,,,
333,Geno Smith,LV,QB,,,50.445689723045774,52.845956354300384,,,54.445689723045774,,Out,Geno Smith: score driven by stable coaching context; also garbage-time inflation 49%,,,
334,Bhayshul Tuten,JAX,RB,,,35.145920383266585,64.30871061869202,,,33.145920383266585,,Healthy,"Bhayshul Tuten: score driven by age cliff none (age 24, 0%); also RB committee risk LOW (HHI 0.54)",,,
335,Jack Westover,NE,RB,,,35.04071569645067,57.13262502289796,,,33.04071569645067,,Questionable,"Jack Westover: score driven by age cliff none (age 26, 0%); also garbage-time inflation 67%",,,
336,DJ Moore,CHI,WR,,,39.10920288905822,61.86369228608492,,,41.10920288905822,,Healthy,DJ Moore: score driven by garbage-time inflation 32%; also +5% script boost (11-win team),,,
337,Brayden Willis,SF,TE,,,38.543123439616664,54.421027112606374,,,43.344851105431374,,Healthy,Brayden Willis: score driven by YPRR 0.00 (p2 at TE); also clean neutral-script profile (inflation 0%),,,
338,Darnell Washington,PIT,TE,,,38.41776883290993,59.63506353861193,,,40.41776883290993,,Questionable,Darnell Washington: score driven by third-down target share 5%; also YPRR 8.27 (p81 at TE),,,
339,D'Ernest Johnson,NE,RB,,,34.619524251073976,61.16130421816494,,,38.728852060087036,,Healthy,D'Ernest Johnson: score driven by clean neutral-script profile (inflation 0%); also +3% script boost (14-win team),,,
340,Jalen Royals,KC,WR,,,38.62727710339159,47.28150293786204,,,36.62727710339159,,Healthy,Jalen Royals: score driven by YPRR 1.33 (p3 at WR); also third-down target share 1%,,,
341,Pat Freiermuth,PIT,TE,,,38.23226409325982,61.65005659309564,,,40.23226409325982,,Healthy,Pat Freiermuth: score driven by YPRR 8.84 (p90 at TE); also +5% script boost (10-win team),,,
342,Rico Dowdle,CAR,RB,,,34.428352022173115,65.26671623562564,,,36.428352022173115,,Healthy,"Rico Dowdle: score driven by RB role BELLCOW (carry share 59%); also age cliff AGE_CLIFF (age 27, -5%)",,,
343,Savion Williams,GB,WR,,,38.55441554715996,48.046524482546005,,,36.55441554715996,,Out,Savion Williams: score driven by third-down target share 2%; also stable coaching context,,,
344,Deion Hankins,CHI,RB,,,34.40233791628517,59.961165048543684,,,36.40233791628517,,Healthy,"Deion Hankins: score driven by age cliff none (age 25, 0%); also stable coaching context",,,
345,Tucker Kraft,GB,TE,,,38.134590462305106,59.364676061434515,,,42.86422407330012,,Healthy,Tucker Kraft: score driven by YPRR 11.11 (p98 at TE); also third-down target share 10%,,,
346,Tanner Taula,TB,TE,,,38.07452383449243,49.6,,,36.07452383449243,,Healthy,Tanner Taula: score driven by no third-down target role; also stable coaching context,,,
347,Ko Kieft,TB,TE,,,38.07452383449243,49.6,,,36.07452383449243,,Healthy,Ko Kieft: score driven by no third-down target role; also stable coaching context,,,
348,Mo Alie-Cox,IND,TE,,,38.03225056639355,53.40615835777126,,,39.33940278955821,,Healthy,Mo Alie-Cox: score driven by third-down target share 2%; also target share trend ASCENDING,,,
349,Erick All,CIN,TE,,,38.019931582585265,50.2,,,36.019931582585265,,Healthy,Erick All: score driven by no third-down target role; also stable coaching context,,,
350,Justin Fields,NYJ,QB,,,49.42141886905847,53.315307359637984,,,62.14284572830408,,Healthy,Justin Fields: score driven by stable coaching context; also garbage-time inflation 47%,,,
351,Jonathan Mingo,DAL,WR,,,38.312110074408395,33.97414625733012,,,41.07307067577458,,Healthy,Jonathan Mingo: score driven by garbage-time inflation 100%; also third-down target share 1%,,,
352,Terry McLaurin,WAS,WR,,,38.301746910746004,59.52641805226072,,,43.63233359863696,,Healthy,Terry McLaurin: score driven by YPRR 9.70 (p83 at WR); also target share trend ASCENDING,,,
353,JJ Galbreath,PIT,TE,,,37.91075681675435,52.82,,,39.91075681675435,,Healthy,JJ Galbreath: score driven by +5% script boost (10-win team); also no third-down target role,,,
354,Matt Sokol,PIT,TE,,,37.91075681675435,52.82,,,39.91075681675435,,Healthy,Matt Sokol: score driven by +5% script boost (10-win team); also no third-down target role,,,
355,Donald Parham,PIT,TE,,,37.91075681675435,52.82,,,39.91075681675435,,Healthy,Donald Parham: score driven by +5% script boost (10-win team); also no third-down target role,,,
356,Jaheim Bell,PIT,TE,,,37.91075681675435,52.82,,,39.91075681675435,,Healthy,Jaheim Bell: score driven by +5% script boost (10-win team); also no third-down target role,,,
357,Kevin Foelsch,PIT,TE,,,37.91075681675435,52.82,,,39.91075681675435,,Healthy,Kevin Foelsch: score driven by +5% script boost (10-win team); also no third-down target role,,,
358,Clyde Edwards-Helaire,KC,RB,,,34.113613461318835,61.58836652448119,,,38.13366289566922,,Healthy,"Clyde Edwards-Helaire: score driven by age cliff none (age 26, 0%); also clean neutral-script profile (inflation 11%)",,,
359,Darren Waller,MIA,TE,,,37.872847794615055,55.85038402457757,,,39.872847794615055,,Healthy,Darren Waller: score driven by third-down target share 7%; also YPRR 8.09 (p79 at TE),,,
360,Tyrone Tracy Jr.,NYG,RB,,,34.07633807066587,57.84442632793937,,,36.07633807066587,,Healthy,"Tyrone Tracy Jr.: score driven by age cliff none (age 26, 0%); also stable coaching context",,,
361,Cameron Latu,PHI,TE,,,37.863460733104056,53.63,,,35.863460733104056,,Healthy,Cameron Latu: score driven by +5% script boost (11-win team); also no third-down target role,,,
362,E.J. Jenkins,PHI,TE,,,37.863460733104056,53.63,,,35.863460733104056,,Healthy,E.J. Jenkins: score driven by +5% script boost (11-win team); also no third-down target role,,,
363,Jordan Mason,MIN,RB,,,34.07492824836009,55.49194126930986,,,36.07492824836009,,Healthy,"Jordan Mason: score driven by age cliff none (age 26, 0%); also third-down target share 2%",,,
364,Justice Hill,BAL,RB,,,34.021550912429774,56.308341262302655,,,36.02535401462327,,Out,"Justice Hill: score driven by RB committee risk LOW (HHI 0.64); also age cliff AGE_CLIFF (age 28, -5%)",,,
365,Kazmeir Allen,WAS,RB,,,33.96463910154211,57.71844660194174,,,35.96463910154211,,Healthy,"Kazmeir Allen: score driven by age cliff none (age 26, 0%); also stable coaching context",,,
366,Demetric Felton,WAS,RB,,,33.96463910154211,56.55339805825243,,,35.96463910154211,,Healthy,"Demetric Felton: score driven by age cliff AGE_CLIFF (age 27, -5%); also stable coaching context",,,
367,Chase Edmonds,WAS,RB,,,33.96463910154211,53.05825242718446,,,35.96463910154211,,Healthy,Chase Edmonds: score driven by stable coaching context; also RB with unclear snap/carry split,,,
368,Robert Tonyan,KC,TE,,,37.74533573531342,50.73294061385967,,,35.74533573531342,,Healthy,Robert Tonyan: score driven by YPRR 1.00 (p5 at TE); also clean neutral-script profile (inflation 0%),,,
369,Dennis Houston,TB,WR,,,38.07452383449243,49.6,,,36.07452383449243,,Healthy,Dennis Houston: score driven by no third-down target role; also stable coaching context,,,
370,Garrett Greene,TB,WR,,,38.07452383449243,49.6,,,36.07452383449243,,Healthy,Garrett Greene: score driven by no third-down target role; also stable coaching context,,,
371,Jaden Smith,TB,WR,,,38.07452383449243,49.6,,,36.07452383449243,,Healthy,Jaden Smith: score driven by no third-down target role; also stable coaching context,,,
372,Jacob Harris,TB,WR,,,38.07452383449243,49.6,,,36.07452383449243,,Healthy,Jacob Harris: score driven by no third-down target role; also stable coaching context,,,
373,Jakobie Keeney-James,GB,WR,,,38.05685079743805,38.78204373040224,,,36.05685079743805,,Healthy,Jakobie Keeney-James: score driven by garbage-time inflation 100%; also third-down target share 1%,,,
374,Darnell Mooney,ATL,WR,,,38.029807455291404,53.947254491991536,,,40.029807455291404,,Questionable,Darnell Mooney: score driven by garbage-time inflation 31%; also YPRR 6.15 (p31 at WR),,,
375,Robbie Ouzts,SEA,RB,,,33.889663645948175,52.70873786407767,,,31.889663645948175,,Questionable,"Robbie Ouzts: score driven by garbage-time inflation 100%; also age cliff none (age 23, 0%)",,,
376,Devin Singletary,NYG,RB,,,33.88606900520827,54.90115689448508,,,35.88606900520827,,Healthy,"Devin Singletary: score driven by age cliff AGE_CLIFF (age 28, -5%); also third-down target share 6%",,,
377,Xavier Johnson,CIN,WR,,,38.019931582585265,50.2,,,36.019931582585265,,Healthy,Xavier Johnson: score driven by no third-down target role; also stable coaching context,,,
378,Cole Burgess,CIN,WR,,,38.019931582585265,50.2,,,36.019931582585265,,Healthy,Cole Burgess: score driven by no third-down target role; also stable coaching context,,,
379,Jermaine Burton,CIN,WR,,,38.019931582585265,50.2,,,36.019931582585265,,Out,Jermaine Burton: score driven by no third-down target role; also stable coaching context,,,
380,Rashod Owens,CIN,WR,,,38.019931582585265,50.2,,,36.019931582585265,,Healthy,Rashod Owens: score driven by no third-down target role; also stable coaching context,,,
381,Jordan Moore,CIN,WR,,,38.019931582585265,50.2,,,36.019931582585265,,Healthy,Jordan Moore: score driven by no third-down target role; also stable coaching context,,,
382,Kendric Pryor,CIN,WR,,,38.019931582585265,50.2,,,36.019931582585265,,Healthy,Kendric Pryor: score driven by no third-down target role; also stable coaching context,,,
383,Jamoi Mayes,CIN,WR,,,38.019931582585265,50.2,,,36.019931582585265,,Healthy,Jamoi Mayes: score driven by no third-down target role; also stable coaching context,,,
384,Cody White,SEA,WR,,,37.969214451788524,46.65007473841555,,,42.66966406092767,,Healthy,Cody White: score driven by garbage-time inflation 100%; also YPRR 22.50 (p99 at WR),,,
385,John Metchie III,PHI,WR,,,37.96718899449663,49.33281392055551,,,35.96718899449663,,Healthy,John Metchie III: score driven by +5% script boost (11-win team); also YPRR 5.71 (p24 at WR),,,
386,John Rhys Plumlee,PIT,WR,,,37.91075681675435,52.82,,,39.91075681675435,,Healthy,John Rhys Plumlee: score driven by +5% script boost (10-win team); also no third-down target role,,,
387,Robert Woods,PIT,WR,,,37.91075681675435,52.82,,,39.91075681675435,,Healthy,Robert Woods: score driven by +5% script boost (10-win team); also no third-down target role,,,
388,Cornell Powell,PIT,WR,,,37.91075681675435,52.82,,,39.91075681675435,,Healthy,Cornell Powell: score driven by +5% script boost (10-win team); also no third-down target role,,,
389,Rakim Jarrett,PIT,WR,,,37.91075681675435,52.82,,,39.91075681675435,,Healthy,Rakim Jarrett: score driven by +5% script boost (10-win team); also no third-down target role,,,
390,Aaron Rodgers,PIT,QB,,,48.93073049210162,54.20414673046252,,,50.93073049210162,,Healthy,Aaron Rodgers: score driven by stable coaching context; also garbage-time inflation 45%,,,
391,Danny Gray,PHI,WR,,,37.863460733104056,53.63,,,35.863460733104056,,Healthy,Danny Gray: score driven by +5% script boost (11-win team); also no third-down target role,,,
392,Johnny Wilson,PHI,WR,,,37.863460733104056,53.63,,,35.863460733104056,,Healthy,Johnny Wilson: score driven by +5% script boost (11-win team); also no third-down target role,,,
393,Taylor Morin,PHI,WR,,,37.863460733104056,53.63,,,35.863460733104056,,Healthy,Taylor Morin: score driven by +5% script boost (11-win team); also no third-down target role,,,
394,Terrace Marshall Jr.,PHI,WR,,,37.863460733104056,53.63,,,35.863460733104056,,Healthy,Terrace Marshall Jr.: score driven by +5% script boost (11-win team); also no third-down target role,,,
395,Ife Adeyi,PHI,WR,,,37.863460733104056,53.63,,,35.863460733104056,,Healthy,Ife Adeyi: score driven by +5% script boost (11-win team); also no third-down target role,,,
396,Quez Watkins,PHI,WR,,,37.863460733104056,53.63,,,35.863460733104056,,Healthy,Quez Watkins: score driven by +5% script boost (11-win team); also no third-down target role,,,
397,Keenan Allen,LAC,WR,,,37.69001374427191,63.766763978896876,,,39.69001374427191,,Healthy,Keenan Allen: score driven by BLANKET third-down role (34% of team targets); also +5% script boost (11-win team),,,
398,Mike Evans,TB,WR,,,37.66094007597798,53.71353066557805,,,42.30698832467998,,Healthy,Mike Evans: score driven by garbage-time inflation 21%; also third-down target share 10%,,,
399,Nick Kallerup,SEA,TE,,,37.28407893185921,38.759677419354844,,,35.28407893185921,,Healthy,Nick Kallerup: score driven by garbage-time inflation 100%; also YPRR 0.00 (p2 at TE),,,
400,Kimani Vidal,LAC,RB,,,33.45002384875635,57.73815669403989,,,35.45002384875635,,Questionable,"Kimani Vidal: score driven by age cliff none (age 24, 0%); also third-down target share 5%",,,
401,Rivaldo Fairweather,ARI,TE,,,37.23029525752969,48.8,,,39.23029525752969,,Healthy,Rivaldo Fairweather: score driven by no third-down target role; also stable coaching context,,,
402,Travis Vokolek,ARI,TE,,,37.23029525752969,48.8,,,39.23029525752969,,Healthy,Travis Vokolek: score driven by no third-down target role; also stable coaching context,,,
403,Oscar Cardenas,ARI,TE,,,37.23029525752969,48.8,,,39.23029525752969,,Healthy,Oscar Cardenas: score driven by no third-down target role; also stable coaching context,,,
404,AJ Dillon,PHI,RB,,,33.22144892076488,61.52368426262563,,,31.221448920764878,,Healthy,"AJ Dillon: score driven by RB committee risk LOW (HHI 0.63); also age cliff AGE_CLIFF (age 27, -5%)",,,
405,Noah Fant,CIN,TE,,,36.994445031948125,51.786361435574655,,,34.994445031948125,,Questionable,Noah Fant: score driven by third-down target share 4%; also stable coaching context,,,
406,Jordan Addison,MIN,WR,,,37.322130512699644,51.864191282890836,,,39.322130512699644,,Healthy,Jordan Addison: score driven by stable coaching context; also third-down target share 12%,,,
407,Roman Wilson,PIT,WR,,,37.239705014725686,52.31926287946106,,,39.239705014725686,,Healthy,Roman Wilson: score driven by third-down target share 7%; also +5% script boost (10-win team),,,
408,Trishton Jackson,ARI,WR,,,37.23029525752969,48.8,,,39.23029525752969,,Healthy,Trishton Jackson: score driven by no third-down target role; also stable coaching context,,,
409,Jalen Virgil,ARI,WR,,,37.23029525752969,48.8,,,39.23029525752969,,Healthy,Jalen Virgil: score driven by no third-down target role; also stable coaching context,,,
410,Tejhaun Palmer,ARI,WR,,,37.23029525752969,48.8,,,39.23029525752969,,Healthy,Tejhaun Palmer: score driven by no third-down target role; also stable coaching context,,,
411,Bryson Green,ARI,WR,,,37.23029525752969,48.8,,,39.23029525752969,,Healthy,Bryson Green: score driven by no third-down target role; also stable coaching context,,,
412,Nate McCollum,ARI,WR,,,37.23029525752969,48.8,,,39.23029525752969,,Healthy,Nate McCollum: score driven by no third-down target role; also stable coaching context,,,
413,Simi Fehoko,ARI,WR,,,37.23029525752969,48.8,,,39.23029525752969,,Healthy,Simi Fehoko: score driven by no third-down target role; also stable coaching context,,,
414,Isaiah Likely,BAL,TE,,,36.73881833447754,59.82232102841027,,,35.9334981896495,,Healthy,Isaiah Likely: score driven by YPRR 8.53 (p84 at TE); also third-down target share 9%,,,
415,Tre Tucker,LV,WR,,,37.06558446316261,55.208072572698235,,,41.06558446316261,,Healthy,Tre Tucker: score driven by stable coaching context; also third-down target share 12%,,,
416,Michael Bandy,DEN,WR,,,37.05811092929093,56.16767379687659,,,35.05811092929093,,Healthy,Michael Bandy: score driven by YPRR 12.50 (p95 at WR); also third-down target share 2%,,,
417,Devontez Walker,BAL,WR,,,37.03304636108359,57.069239050986745,,,39.56828983656893,,Healthy,Devontez Walker: score driven by YPRR 17.00 (p98 at WR); also no third-down target role,,,
418,Kaleb Johnson,PIT,RB,,,32.80065109780076,57.75130976369298,,,34.80065109780076,,Healthy,"Kaleb Johnson: score driven by age cliff none (age 22, 0%); also garbage-time inflation 57%",,,
419,Ashton Dulin,IND,WR,,,36.80835538300903,53.39723154274724,,,41.303947509422386,,Healthy,Ashton Dulin: score driven by third-down target share 2%; also YPRR 10.60 (p88 at WR),,,
420,Carson Wentz,MIN,QB,,,47.83360560566709,53.66028708133972,,,58.27483012431422,,Healthy,Carson Wentz: score driven by stable coaching context; also garbage-time inflation 45%,,,
421,Ladd McConkey,LAC,WR,,,36.777789616780346,59.20883802600161,,,38.777789616780346,,Healthy,Ladd McConkey: score driven by garbage-time inflation 35%; also +5% script boost (11-win team),,,
422,Alexander Mattison,MIA,RB,,,32.59489276578517,56.55339805825243,,,34.59489276578517,,Healthy,"Alexander Mattison: score driven by age cliff AGE_CLIFF (age 27, -5%); also stable coaching context",,,
423,Jeff Wilson,MIA,RB,,,32.59489276578517,53.05825242718446,,,34.59489276578517,,Healthy,Jeff Wilson: score driven by stable coaching context; also RB with unclear snap/carry split,,,
424,Mike Boone,MIA,RB,,,32.59489276578517,47.81553398058252,,,34.59489276578517,,Healthy,"Mike Boone: score driven by age cliff AVOID (age 30, -35%); also stable coaching context",,,
425,Aaron Shampklin,MIA,RB,,,32.59489276578517,57.71844660194174,,,34.59489276578517,,Healthy,"Aaron Shampklin: score driven by age cliff none (age 26, 0%); also stable coaching context",,,
426,Donovan Edwards,MIA,RB,,,32.59489276578517,57.71844660194174,,,34.59489276578517,,Healthy,"Donovan Edwards: score driven by age cliff none (age 23, 0%); also stable coaching context",,,
427,JaMycal Hasty,MIA,RB,,,32.59489276578517,54.922330097087375,,,34.59489276578517,,Healthy,"JaMycal Hasty: score driven by age cliff AGE_CLIFF (age 29, -12%); also stable coaching context",,,
428,Craig Reynolds,DET,RB,,,32.5947437458049,49.779871663366805,,,34.34675734800577,,Questionable,Craig Reynolds: score driven by garbage-time inflation 100%; also RB committee risk LOW (HHI 0.51),,,
429,Sione Vaki,DET,RB,,,32.5947437458049,54.43147825672097,,,34.34675734800577,,Healthy,"Sione Vaki: score driven by garbage-time inflation 100%; also age cliff none (age 24, 0%)",,,
430,Jahan Dotson,PHI,WR,,,36.6558233046205,55.352907525920585,,,34.6558233046205,,Healthy,Jahan Dotson: score driven by third-down target share 8%; also +5% script boost (11-win team),,,
431,Charlie Kolar,BAL,TE,,,36.221510571602344,56.19549068476879,,,35.37120714304602,,Healthy,Charlie Kolar: score driven by third-down target share 2%; also YPRR 9.47 (p92 at TE),,,
432,Cam Ward,TEN,QB,,,47.62527677338294,49.82186234817814,,,41.62527677338294,,Healthy,Cam Ward: score driven by garbage-time inflation 64%; also stable coaching context,,,
433,Malik Washington,MIA,WR,,,36.55102461391998,47.296738332213565,,,38.55102461391998,,Healthy,Malik Washington: score driven by YPRR 4.88 (p16 at WR); also stable coaching context,,,
434,Marcedes Lewis,DEN,TE,,,36.1860770015122,53.1,,,34.1860770015122,,Healthy,Marcedes Lewis: score driven by +5% script boost (14-win team); also no third-down target role,,,
435,Caleb Lohner,DEN,TE,,,36.1860770015122,53.1,,,34.1860770015122,,Healthy,Caleb Lohner: score driven by +5% script boost (14-win team); also no third-down target role,,,
436,Patrick Murtagh,DEN,TE,,,36.1860770015122,53.1,,,34.1860770015122,,Healthy,Patrick Murtagh: score driven by +5% script boost (14-win team); also no third-down target role,,,
437,Patrick Ricard,BAL,RB,,,32.2876734831907,53.21668169427644,,,33.985498215518476,,Healthy,"Patrick Ricard: score driven by RB committee risk LOW (HHI 0.64); also age cliff AVOID (age 31, -35%)",,,
438,Breece Hall,NYJ,RB,,,32.21040661144373,68.78792866524878,,,36.21040661144373,,Out,"Breece Hall: score driven by RB role BELLCOW (carry share 73%); also age cliff none (age 24, 0%)",,,
439,Brittain Brown,CHI,RB,,,32.12108791628517,59.732796329883705,,,34.12108791628517,,Healthy,"Brittain Brown: score driven by age cliff AGE_CLIFF (age 28, -5%); also stable coaching context",,,
440,Zach Horton,DET,TE,,,35.89302449993309,50.410000000000004,,,31.89302449993309,,Healthy,Zach Horton: score driven by no third-down target role; also stable coaching context,,,
441,Steven Stilianos,DET,TE,,,35.89302449993309,50.410000000000004,,,31.89302449993309,,Healthy,Steven Stilianos: score driven by no third-down target role; also stable coaching context,,,
442,Gunnar Oakes,DET,TE,,,35.89302449993309,50.410000000000004,,,31.89302449993309,,Healthy,Gunnar Oakes: score driven by no third-down target role; also stable coaching context,,,
443,Kenny Yeboah,DET,TE,,,35.89302449993309,50.410000000000004,,,31.89302449993309,,Healthy,Kenny Yeboah: score driven by no third-down target role; also stable coaching context,,,
444,Luke Musgrave,GB,TE,,,35.888458662658664,57.371606478614325,,,33.888458662658664,,Healthy,Luke Musgrave: score driven by third-down target share 4%; also YPRR 7.91 (p76 at TE),,,
445,Jeremy McNichols,WAS,RB,,,32.087468022565474,51.21927637645579,,,34.087468022565474,,Healthy,Jeremy McNichols: score driven by stable coaching context; also third-down target share 10%,,,
446,Jerjuan Newton,DEN,WR,,,36.1860770015122,53.1,,,34.1860770015122,,Healthy,Jerjuan Newton: score driven by +5% script boost (14-win team); also no third-down target role,,,
447,Thayer Thomas,DEN,WR,,,36.1860770015122,53.1,,,34.1860770015122,,Healthy,Thayer Thomas: score driven by +5% script boost (14-win team); also no third-down target role,,,
448,Kyrese Rowan,DEN,WR,,,36.1860770015122,53.1,,,34.1860770015122,,Healthy,Kyrese Rowan: score driven by +5% script boost (14-win team); also no third-down target role,,,
449,Brandon Johnson,DEN,WR,,,36.1860770015122,53.1,,,34.1860770015122,,Healthy,Brandon Johnson: score driven by +5% script boost (14-win team); also no third-down target role,,,
450,A.T. Perry,DEN,WR,,,36.1860770015122,53.1,,,34.1860770015122,,Healthy,A.T. Perry: score driven by +5% script boost (14-win team); also no third-down target role,,,
451,Tua Tagovailoa,MIA,QB,,,47.231608395471,46.36842105263158,,,49.231608395471,,Healthy,Tua Tagovailoa: score driven by garbage-time inflation 80%; also stable coaching context,,,
452,Greg Dortch,ARI,WR,,,36.14384113019754,49.61602445297382,,,38.14384113019754,,Out,Greg Dortch: score driven by third-down target share 8%; also target share trend ASCENDING,,,
453,Tyler Goodson,IND,RB,,,31.964796221123784,57.60030631846737,,,35.60564261308681,,Questionable,"Tyler Goodson: score driven by age cliff none (age 25, 0%); also garbage-time inflation 75%",,,
454,Jonnu Smith,PIT,TE,,,35.715236640142194,49.9280677258867,,,37.715236640142194,,Healthy,Jonnu Smith: score driven by YPRR 3.81 (p15 at TE); also third-down target share 9%,,,
455,Will Mallory,IND,TE,,,35.69128313173569,63.71666666666667,,,39.989744860865514,,Out,Will Mallory: score driven by YPRR 16.00 (p100 at TE); also clean neutral-script profile (inflation 0%),,,
456,Marvin Mims Jr.,DEN,WR,,,36.01240137612151,54.72523916354059,,,34.01240137612151,,Healthy,Marvin Mims Jr.: score driven by +5% script boost (14-win team); also third-down target share 11%,,,
457,Jason Brownlee,KC,WR,,,35.99793627884405,31.857446031911568,,,33.99793627884405,,Healthy,Jason Brownlee: score driven by garbage-time inflation 100%; also YPRR 0.00 (p1 at WR),,,
458,Chuba Hubbard,CAR,RB,,,31.783271965874448,56.299603648788356,,,33.78327196587445,,Healthy,"Chuba Hubbard: score driven by age cliff none (age 26, 0%); also third-down target share 8%",,,
459,Chris Brooks,GB,RB,,,31.771478581543207,52.45390042317751,,,29.771478581543207,,Questionable,"Chris Brooks: score driven by age cliff none (age 26, 0%); also garbage-time inflation 65%",,,
460,Malik Taylor,DET,WR,,,35.89302449993309,50.410000000000004,,,31.89302449993309,,Healthy,Malik Taylor: score driven by no third-down target role; also stable coaching context,,,
461,Jackson Meeks,DET,WR,,,35.89302449993309,50.410000000000004,,,31.89302449993309,,Healthy,Jackson Meeks: score driven by no third-down target role; also stable coaching context,,,
462,Malik Cunningham,DET,WR,,,35.89302449993309,40.410000000000004,,,31.89302449993309,,Healthy,Malik Cunningham: score driven by garbage-time inflation 100%; also no third-down target role,,,
463,Andrew Armstrong,DET,WR,,,35.89302449993309,50.410000000000004,,,31.89302449993309,,Healthy,Andrew Armstrong: score driven by no third-down target role; also stable coaching context,,,
464,Dominic Lovett,DET,WR,,,35.89302449993309,50.410000000000004,,,31.89302449993309,,Healthy,Dominic Lovett: score driven by no third-down target role; also stable coaching context,,,
465,Jakob Johnson,HOU,RB,,,31.71070321818977,50.262135922330096,,,33.71070321818977,,Questionable,"Jakob Johnson: score driven by age cliff AVOID (age 31, -35%); also +3% script boost (12-win team)",,,
466,Joe Mixon,HOU,RB,,,31.71070321818977,55.50485436893204,,,33.71070321818977,,Healthy,Joe Mixon: score driven by +3% script boost (12-win team); also stable coaching context,,,
467,Velus Jones Jr.,SEA,RB,,,31.706329099055946,49.94616402362894,,,35.30156364594817,,Healthy,"Velus Jones Jr.: score driven by garbage-time inflation 100%; also age cliff AGE_CLIFF (age 28, -12%)",,,
468,Emari Demercado,ARI,RB,,,31.615032396631545,46.02825329388646,,,36.36416564851255,,Questionable,"Emari Demercado: score driven by age cliff none (age 27, 0%); also RB committee risk HIGH (HHI 0.22)",,,
469,Patrick Herbert,JAX,TE,,,35.29431794256529,53.7,,,33.29431794256529,,Healthy,Patrick Herbert: score driven by +5% script boost (13-win team); also no third-down target role,,,
470,John Copenhaver,JAX,TE,,,35.29431794256529,53.7,,,33.29431794256529,,Healthy,John Copenhaver: score driven by +5% script boost (13-win team); also no third-down target role,,,
471,Jordan Akins,JAX,TE,,,35.29431794256529,53.7,,,33.29431794256529,,Healthy,Jordan Akins: score driven by +5% script boost (13-win team); also no third-down target role,,,
472,Shawn Bowman,JAX,TE,,,35.29431794256529,53.7,,,33.29431794256529,,Healthy,Shawn Bowman: score driven by +5% script boost (13-win team); also no third-down target role,,,
473,Jayden Higgins,HOU,WR,,,35.627992826658414,57.01512477255305,,,37.627992826658414,,Healthy,Jayden Higgins: score driven by +5% script boost (12-win team); also third-down target share 11%,,,
474,Corey Kiner,ARI,RB,,,31.433204914875454,49.34341760827065,,,33.43320491487545,,Healthy,"Corey Kiner: score driven by age cliff none (age 24, 0%); also RB committee risk HIGH (HHI 0.22)",,,
475,Andrew Ogletree,IND,TE,,,35.19859600100563,46.38426197458456,,,39.41011294235957,,Out,Andrew Ogletree: score driven by third-down target share 1%; also YPRR 4.50 (p23 at TE),,,
476,Dareke Young,SEA,WR,,,35.45589238108145,53.74038292447024,,,39.71281456597818,,Healthy,Dareke Young: score driven by YPRR 16.00 (p98 at WR); also third-down target share 1%,,,
477,Drake Dabney,GB,TE,,,35.00742810555818,36.30854838709678,,,33.00742810555818,,Healthy,Drake Dabney: score driven by garbage-time inflation 100%; also YPRR 1.50 (p7 at TE),,,
478,Carlos Washington,ATL,RB,,,31.217885149803656,62.08737864077669,,,33.21788514980366,,Healthy,"Carlos Washington: score driven by age cliff none (age 27, 0%); also RB committee risk LOW (HHI 0.53)",,,
479,Elijah Dotson,ATL,RB,,,31.217885149803656,62.08737864077669,,,33.21788514980366,,Healthy,"Elijah Dotson: score driven by age cliff none (age 27, 0%); also RB committee risk LOW (HHI 0.53)",,,
480,Nate Carter,ATL,RB,,,31.217885149803656,54.25904677846425,,,33.21788514980366,,Healthy,"Nate Carter: score driven by garbage-time inflation 100%; also age cliff none (age 23, 0%)",,,
481,Joshua Cephus,JAX,WR,,,35.29431794256529,53.7,,,33.29431794256529,,Healthy,Joshua Cephus: score driven by +5% script boost (13-win team); also no third-down target role,,,
482,Dorian Singer,JAX,WR,,,35.29431794256529,53.7,,,33.29431794256529,,Healthy,Dorian Singer: score driven by +5% script boost (13-win team); also no third-down target role,,,
483,Darius Lassiter,JAX,WR,,,35.29431794256529,53.7,,,33.29431794256529,,Healthy,Darius Lassiter: score driven by +5% script boost (13-win team); also no third-down target role,,,
484,Chandler Brayboy,JAX,WR,,,35.29431794256529,53.7,,,33.29431794256529,,Healthy,Chandler Brayboy: score driven by +5% script boost (13-win team); also no third-down target role,,,
485,Erik Ezukanma,JAX,WR,,,35.29431794256529,53.7,,,33.29431794256529,,Healthy,Erik Ezukanma: score driven by +5% script boost (13-win team); also no third-down target role,,,
486,Cam Camper,JAX,WR,,,35.29431794256529,53.7,,,33.29431794256529,,Healthy,Cam Camper: score driven by +5% script boost (13-win team); also no third-down target role,,,
487,Elijah Higgins,ARI,TE,,,34.872234082019396,50.066284749530816,,,36.872234082019396,,Questionable,Elijah Higgins: score driven by third-down target share 6%; also YPRR 8.14 (p80 at TE),,,
488,Quentin Johnston,LAC,WR,,,35.22228172706242,58.5383940918532,,,37.22228172706242,,Questionable,Quentin Johnston: score driven by +5% script boost (11-win team); also garbage-time inflation 37%,,,
489,John FitzPatrick,GB,TE,,,34.73903211473311,48.08294063925866,,,35.759817516014245,,Healthy,John FitzPatrick: score driven by third-down target share 2%; also YPRR 4.80 (p26 at TE),,,
490,Nikko Remigio,KC,WR,,,34.81562641736168,44.5076702471582,,,38.95956049101374,,Questionable,Nikko Remigio: score driven by garbage-time inflation 100%; also YPRR 21.00 (p99 at WR),,,
491,Tanner Hudson,CIN,TE,,,34.401801976022256,48.424565756823824,,,35.39326301741549,,Healthy,Tanner Hudson: score driven by garbage-time inflation 67%; also third-down target share 6%,,,
492,Elic Ayomanor,TEN,WR,,,34.597901072877164,49.89408513452544,,,38.597901072877164,,Questionable,Elic Ayomanor: score driven by YPRR 5.79 (p26 at WR); also stable coaching context,,,
493,Brock Bowers,LV,TE,,,34.188877875379326,59.29923122412774,,,38.188877875379326,,Healthy,Brock Bowers: score driven by YPRR 7.82 (p75 at TE); also target share trend ASCENDING,,,
494,Dameon Pierce,KC,RB,,,30.392931942033965,54.71002218673086,,,33.75639052003996,,Healthy,"Dameon Pierce: score driven by age cliff none (age 26, 0%); also garbage-time inflation 64%",,,
495,Riley Leonard,IND,QB,,,45.58286332382303,52.60526315789474,,,43.58286332382303,,Healthy,Riley Leonard: score driven by garbage-time inflation 50%; also stable coaching context,,,
496,Theo Johnson,NYG,TE,,,34.167689005797854,58.48282626341581,,,36.167689005797854,,Out,Theo Johnson: score driven by stable coaching context; also YPRR 7.14 (p68 at TE),,,
497,Malik Heath,GB,WR,,,34.500835143895756,63.91852286415023,,,38.58921781634795,,Out,Malik Heath: score driven by YPRR 12.29 (p95 at WR); also clean neutral-script profile (inflation 0%),,,
498,Drew Sample,CIN,TE,,,34.12204521950528,48.381682027649774,,,35.08917958641878,,Healthy,Drew Sample: score driven by third-down target share 4%; also stable coaching context,,,
499,Jaylin Lane,WAS,WR,,,34.42598491329213,47.68634403512375,,,36.42598491329213,,Healthy,Jaylin Lane: score driven by third-down target share 11%; also garbage-time inflation 58%,,,
500,Lawrence Cager,WAS,TE,,,34.03792618484386,49.6,,,36.03792618484386,,Healthy,Lawrence Cager: score driven by no third-down target role; also stable coaching context,,,
501,Tyree Jackson,WAS,TE,,,34.03792618484386,49.6,,,36.03792618484386,,Healthy,Tyree Jackson: score driven by no third-down target role; also stable coaching context,,,
502,Gee Scott Jr.,WAS,TE,,,34.03792618484386,49.6,,,36.03792618484386,,Healthy,Gee Scott Jr.: score driven by no third-down target role; also stable coaching context,,,
503,Juwan Johnson,NO,TE,,,34.01730674311772,58.432795880680786,,,38.01730674311772,,Healthy,Juwan Johnson: score driven by YPRR 8.72 (p87 at TE); also stable coaching context,,,
504,Rasheen Ali,BAL,RB,,,30.153101430151427,62.40779667846516,,,31.474236976648736,,Healthy,"Rasheen Ali: score driven by age cliff none (age 25, 0%); also RB committee risk LOW (HHI 0.64)",,,
505,Dalton Schultz,HOU,TE,,,33.86696746510287,62.22475752885285,,,35.86696746510287,,Healthy,Dalton Schultz: score driven by +5% script boost (12-win team); also YPRR 7.40 (p71 at TE),,,
506,Brenton Strange,JAX,TE,,,33.8358029647585,63.54206548580862,,,31.835802964758496,,Questionable,Brenton Strange: score driven by YPRR 8.45 (p83 at TE); also +5% script boost (13-win team),,,
507,Ke'Shawn Williams,CIN,WR,,,34.144931582585265,37.98183856502242,,,32.144931582585265,,Healthy,Ke'Shawn Williams: score driven by garbage-time inflation 100%; also YPRR 5.00 (p18 at WR),,,
508,Jayden Daniels,WAS,QB,,,45.19119980728298,52.122212310437114,,,55.16611742033292,,Out,Jayden Daniels: score driven by garbage-time inflation 51%; also stable coaching context,,,
509,James Conner,ARI,RB,,,29.97605398819146,41.46004284259986,,,37.26594586846054,,Healthy,"James Conner: score driven by RB committee risk HIGH (HHI 0.22); also age cliff AVOID (age 30, -35%)",,,
510,Braylon Sanders,WAS,WR,,,34.03792618484386,49.6,,,36.03792618484386,,Healthy,Braylon Sanders: score driven by no third-down target role; also stable coaching context,,,
511,Jamal Agnew,WAS,WR,,,34.03792618484386,49.6,,,36.03792618484386,,Questionable,Jamal Agnew: score driven by no third-down target role; also stable coaching context,,,
512,River Cracraft,WAS,WR,,,34.03792618484386,49.6,,,36.03792618484386,,Healthy,River Cracraft: score driven by no third-down target role; also stable coaching context,,,
513,Ja'Corey Brooks,WAS,WR,,,34.03792618484386,49.6,,,36.03792618484386,,Healthy,Ja'Corey Brooks: score driven by no third-down target role; also stable coaching context,,,
514,Michael Gallup,WAS,WR,,,34.03792618484386,49.6,,,36.03792618484386,,Healthy,Michael Gallup: score driven by no third-down target role; also stable coaching context,,,
515,Jayden Reed,GB,WR,,,34.004722349819005,52.30107509129391,,,38.005555705669416,,Healthy,Jayden Reed: score driven by third-down target share 5%; also YPRR 8.62 (p72 at WR),,,
516,Chris Moore,WAS,WR,,,33.992223636118226,54.97092149246279,,,35.992223636118226,,Questionable,Chris Moore: score driven by third-down target share 4%; also YPRR 9.00 (p77 at WR),,,
517,Dyami Brown,JAX,WR,,,33.897766023243356,50.68748980411745,,,34.84539785135147,,Healthy,Dyami Brown: score driven by third-down target share 5%; also +5% script boost (13-win team),,,
518,Anthony Gould,IND,WR,,,33.88960523699884,48.88100964805001,,,37.87012380823393,,Out,Anthony Gould: score driven by YPRR 3.00 (p5 at WR); also third-down target share 1%,,,
519,Adam Trautman,DEN,TE,,,33.5254907400906,56.657002346859706,,,31.525490740090603,,Healthy,Adam Trautman: score driven by third-down target share 2%; also +5% script boost (14-win team),,,
520,Royce Freeman,LAC,RB,,,29.70627805617539,55.300970873786405,,,31.70627805617539,,Healthy,Royce Freeman: score driven by stable coaching context; also +3% script boost (11-win team),,,
521,Nyheim Hines,LAC,RB,,,29.70627805617539,49.31039175149818,,,31.70627805617539,,Healthy,"Nyheim Hines: score driven by garbage-time inflation 100%; also age cliff AGE_CLIFF (age 29, -12%)",,,
522,Travis Hunter,JAX,WR,,,33.834501509573606,50.214885563738655,,,31.834501509573606,,Out,Travis Hunter: score driven by third-down target share 8%; also +5% script boost (13-win team),,,
523,Tony Pollard,TEN,RB,,,29.64428379291978,64.1276323780525,,,33.64428379291978,,Healthy,Tony Pollard: score driven by RB role BELLCOW (carry share 74%); also RB committee risk LOW (HHI 0.59),,,
524,Jacoby Jones,WAS,WR,,,33.75442618484386,59.801367302773954,,,35.75442618484386,,Healthy,Jacoby Jones: score driven by YPRR 25.00 (p100 at WR); also third-down target share 1%,,,
525,Alvin Kamara,NO,RB,,,29.47627116592002,39.216262190625606,,,36.03942518034785,,Out,"Alvin Kamara: score driven by RB committee risk HIGH (HHI 0.28); also age cliff AVOID (age 30, -35%)",,,
526,Aaron Jones,MIN,RB,,,29.44959361326803,48.59722823122603,,,31.44959361326803,,Out,"Aaron Jones: score driven by age cliff AVOID (age 31, -35%); also stable coaching context",,,
527,Chris Godwin Jr.,TB,WR,,,33.58310347274159,49.38256016578947,,,37.50953349734305,,Healthy,Chris Godwin Jr.: score driven by stable coaching context; also third-down target share 13%,,,
528,Jalin Conyers,MIA,TE,,,33.11999738346187,49.6,,,35.11999738346187,,Healthy,Jalin Conyers: score driven by no third-down target role; also stable coaching context,,,
529,Chris Myarick,MIA,TE,,,33.11999738346187,49.6,,,35.11999738346187,,Healthy,Chris Myarick: score driven by no third-down target role; also stable coaching context,,,
530,Jared Wiley,KC,TE,,,33.09612625449523,52.305521259020956,,,36.93661912293557,,Healthy,Jared Wiley: score driven by clean neutral-script profile (inflation 0%); also YPRR 4.00 (p17 at TE),,,
531,David Sills,ATL,WR,,,33.39382963549236,52.027211685780976,,,35.39382963549236,,Healthy,David Sills: score driven by YPRR 5.31 (p21 at WR); also third-down target share 9%,,,
532,Travis Homer,CHI,RB,,,29.241987228842394,64.04267577083111,,,36.40233791628517,,Healthy,"Travis Homer: score driven by age cliff AGE_CLIFF (age 27, -5%); also clean neutral-script profile (inflation 0%)",,,
533,Roschon Johnson,CHI,RB,,,29.241987228842394,58.6581670756428,,,36.40233791628517,,Out,"Roschon Johnson: score driven by age cliff none (age 25, 0%); also stable coaching context",,,
534,Stephen Carlson,CHI,TE,,,33.01049492530828,53.03,,,35.01049492530828,,Healthy,Stephen Carlson: score driven by +5% script boost (11-win team); also no third-down target role,,,
535,Thomas Gordon,CHI,TE,,,33.01049492530828,53.03,,,35.01049492530828,,Healthy,Thomas Gordon: score driven by +5% script boost (11-win team); also no third-down target role,,,
536,Nikola Kalinic,CHI,TE,,,33.01049492530828,53.03,,,35.01049492530828,,Healthy,Nikola Kalinic: score driven by +5% script boost (11-win team); also no third-down target role,,,
537,Qadir Ismail,CHI,TE,,,33.01049492530828,53.03,,,35.01049492530828,,Healthy,Qadir Ismail: score driven by +5% script boost (11-win team); also no third-down target role,,,
538,Eric Gray,NYG,RB,,,29.221611293255098,57.71844660194174,,,31.221611293255098,,Questionable,"Eric Gray: score driven by age cliff none (age 26, 0%); also stable coaching context",,,
539,Dante Miller,NYG,RB,,,29.221611293255098,57.71844660194174,,,31.221611293255098,,Healthy,"Dante Miller: score driven by age cliff none (age 26, 0%); also stable coaching context",,,
540,Evan Engram,DEN,TE,,,32.96816442133681,56.6548707636034,,,30.968164421336812,,Healthy,Evan Engram: score driven by +5% script boost (14-win team); also stable coaching context,,,
541,Spencer Rattler,NO,QB,,,44.35386025487698,48.36887922138002,,,56.18101206456115,,Questionable,Spencer Rattler: score driven by garbage-time inflation 56%; also stable coaching context,,,
542,Tylan Wallace,BAL,WR,,,33.29311900721313,44.444747847123345,,,35.168375302603685,,Healthy,Tylan Wallace: score driven by third-down target share 3%; also YPRR 5.62 (p23 at WR),,,
543,Connor Heyward,PIT,TE,,,32.92546259770848,55.10748160724392,,,37.788546301857046,,Healthy,Connor Heyward: score driven by +5% script boost (10-win team); also YPRR 5.25 (p31 at TE),,,
544,Emani Bailey,CAR,RB,,,29.129254098606264,57.71844660194174,,,31.129254098606264,,Healthy,"Emani Bailey: score driven by age cliff none (age 24, 0%); also stable coaching context",,,
545,Montrell Johnson Jr.,CAR,RB,,,29.129254098606264,57.71844660194174,,,31.129254098606264,,Healthy,"Montrell Johnson Jr.: score driven by age cliff none (age 23, 0%); also stable coaching context",,,
546,Kayron Lynch-Adams,CAR,RB,,,29.129254098606264,57.71844660194174,,,31.129254098606264,,Healthy,"Kayron Lynch-Adams: score driven by age cliff AGE_UNKNOWN (age ?, 0%); also stable coaching context",,,
547,Anthony Tyus III,CAR,RB,,,29.129254098606264,57.71844660194174,,,31.129254098606264,,Healthy,"Anthony Tyus III: score driven by age cliff none (age 22, 0%); also stable coaching context",,,
548,Jonathon Brooks,CAR,RB,,,29.129254098606264,57.71844660194174,,,31.129254098606264,,Healthy,"Jonathon Brooks: score driven by age cliff none (age 22, 0%); also stable coaching context",,,
549,Darius Slayton,NYG,WR,,,33.24216602294296,57.28329836717807,,,35.24216602294296,,Healthy,Darius Slayton: score driven by third-down target share 8%; also target share trend ASCENDING,,,
550,Ryan Miller,TB,WR,,,33.240343873638636,48.41438854865519,,,37.1062869101631,,Healthy,Ryan Miller: score driven by third-down target share 1%; also YPRR 8.50 (p70 at WR),,,
551,Xavier Hutchinson,HOU,WR,,,33.15529218829577,54.496946042390576,,,35.15529218829577,,Healthy,Xavier Hutchinson: score driven by +5% script boost (12-win team); also third-down target share 9%,,,
552,Xavier Legette,CAR,WR,,,33.15031957668904,48.60073172620521,,,35.15031957668904,,Healthy,Xavier Legette: score driven by YPRR 5.46 (p22 at WR); also stable coaching context,,,
553,Pat Bryant,DEN,WR,,,33.12057387728727,54.78376566082184,,,31.120573877287267,,Healthy,Pat Bryant: score driven by third-down target share 7%; also +5% script boost (14-win team),,,
554,A.J. Henning,MIA,WR,,,33.11999738346187,49.6,,,35.11999738346187,,Healthy,A.J. Henning: score driven by no third-down target role; also stable coaching context,,,
555,George Holani,SEA,RB,,,28.968133102583284,52.526443104930195,,,32.08015659127445,,Healthy,"George Holani: score driven by age cliff none (age 26, 0%); also garbage-time inflation 76%",,,
556,Miles Boykin,CHI,WR,,,33.01049492530828,53.03,,,35.01049492530828,,Healthy,Miles Boykin: score driven by +5% script boost (11-win team); also no third-down target role,,,
557,JP Richardson,CHI,WR,,,33.01049492530828,53.03,,,35.01049492530828,,Healthy,JP Richardson: score driven by +5% script boost (11-win team); also no third-down target role,,,
558,Maurice Alexander,CHI,WR,,,33.01049492530828,53.03,,,35.01049492530828,,Healthy,Maurice Alexander: score driven by +5% script boost (11-win team); also no third-down target role,,,
559,Darius Cooper,PHI,WR,,,32.89372242047926,58.25696772451887,,,30.893722420479257,,Healthy,Darius Cooper: score driven by third-down target share 3%; also +5% script boost (11-win team),,,
560,Kalif Raymond,DET,WR,,,32.8270909415938,50.35525192822507,,,28.827090941593802,,Questionable,Kalif Raymond: score driven by third-down target share 4%; also garbage-time inflation 69%,,,
561,Josh Whyle,GB,TE,,,32.3107731514041,47.651294777030266,,,36.01267429576953,,Healthy,Josh Whyle: score driven by third-down target share 2%; also stable coaching context,,,
562,Eric Saubert,SEA,TE,,,32.28518334949575,45.95271979759646,,,35.982568646465594,,Healthy,Eric Saubert: score driven by third-down target share 1%; also YPRR 3.88 (p15 at TE),,,
563,Jaylen Wright,MIA,RB,,,28.283073815526997,49.45998552975778,,,35.27420448885529,,Healthy,"Jaylen Wright: score driven by garbage-time inflation 78%; also age cliff none (age 22, 0%)",,,
564,Jalen Nailor,MIN,WR,,,32.36338016345464,54.49628550074739,,,34.36338016345464,,Healthy,Jalen Nailor: score driven by stable coaching context; also target share trend DESCENDING,,,
565,Jake Bobo,SEA,WR,,,32.27008385246193,49.68701969577069,,,35.96480453230815,,Healthy,Jake Bobo: score driven by garbage-time inflation 80%; also third-down target share 1%,,,
566,Theo Wease Jr.,MIA,WR,,,32.17734312113053,45.11335682254965,,,34.17734312113053,,Healthy,Theo Wease Jr.: score driven by garbage-time inflation 100%; also YPRR 13.90 (p97 at WR),,,
567,Amar Johnson,LAC,RB,,,27.95627805617539,56.4754402951875,,,29.95627805617539,,Healthy,"Amar Johnson: score driven by age cliff none (age 23, 0%); also garbage-time inflation 67%",,,
568,Devin Neal,NO,RB,,,27.91799622906453,50.57826174631982,,,31.91799622906453,,Healthy,"Devin Neal: score driven by age cliff none (age 22, 0%); also RB committee risk HIGH (HHI 0.28)",,,
569,Ian Wheeler,NO,RB,,,27.906926715902053,51.89320388349514,,,31.906926715902053,,Healthy,"Ian Wheeler: score driven by age cliff none (age 24, 0%); also RB committee risk HIGH (HHI 0.28)",,,
570,Marcus Yarns,NO,RB,,,27.906926715902053,51.89320388349514,,,31.906926715902053,,Healthy,"Marcus Yarns: score driven by age cliff AGE_UNKNOWN (age ?, 0%); also RB committee risk HIGH (HHI 0.28)",,,
571,Jawhar Jordan,HOU,RB,,,27.9041260839767,55.977950484069304,,,29.9041260839767,,Healthy,"Jawhar Jordan: score driven by age cliff none (age 26, 0%); also garbage-time inflation 74%",,,
572,Tim Patrick,JAX,WR,,,31.992684166280885,53.74195594058566,,,29.992684166280885,,Healthy,Tim Patrick: score driven by third-down target share 4%; also +5% script boost (13-win team),,,
573,Tyjae Spears,TEN,RB,,,27.75072513884795,59.60047825714222,,,31.75072513884795,,Healthy,"Tyjae Spears: score driven by age cliff none (age 24, 0%); also RB committee risk LOW (HHI 0.59)",,,
574,Joshua Simon,ATL,TE,,,31.52811751930745,50.2,,,33.52811751930745,,Healthy,Joshua Simon: score driven by no third-down target role; also stable coaching context,,,
575,Teagan Quitoriano,ATL,TE,,,31.52811751930745,50.2,,,33.52811751930745,,Healthy,Teagan Quitoriano: score driven by no third-down target role; also stable coaching context,,,
576,Sam LaPorta,DET,TE,,,31.525668454520584,54.977080946792654,,,33.08902171120069,,Out,Sam LaPorta: score driven by YPRR 9.98 (p96 at TE); also third-down target share 10%,,,
577,Luke Lachey,HOU,TE,,,31.524030330211502,53.1,,,33.5240303302115,,Healthy,Luke Lachey: score driven by +5% script boost (12-win team); also no third-down target role,,,
578,Brevin Jordan,HOU,TE,,,31.524030330211502,53.1,,,33.5240303302115,,Healthy,Brevin Jordan: score driven by +5% script boost (12-win team); also no third-down target role,,,
579,Dalton Keene,HOU,TE,,,31.524030330211502,53.1,,,33.5240303302115,,Healthy,Dalton Keene: score driven by +5% script boost (12-win team); also no third-down target role,,,
580,Irv Smith,HOU,TE,,,31.524030330211502,53.1,,,33.5240303302115,,Healthy,Irv Smith: score driven by +5% script boost (12-win team); also no third-down target role,,,
581,Andre Baccellia,ARI,WR,,,31.845900353071094,42.43859810335955,,,33.845900353071094,,Healthy,Andre Baccellia: score driven by YPRR 2.00 (p4 at WR); also no third-down target role,,,
582,Oronde Gadsden II,LAC,TE,,,31.397272326383224,62.57891365216726,,,33.397272326383224,,Healthy,Oronde Gadsden II: score driven by YPRR 9.64 (p94 at TE); also +5% script boost (11-win team),,,
583,Jahdae Walker,CHI,WR,,,31.720097642775563,52.53492671622476,,,33.72009764277556,,Healthy,Jahdae Walker: score driven by third-down target share 1%; also +5% script boost (11-win team),,,
584,Jaret Patterson,LAC,RB,,,27.5673891672865,50.110387284415324,,,29.5673891672865,,Healthy,"Jaret Patterson: score driven by garbage-time inflation 89%; also age cliff none (age 26, 0%)",,,
585,Devin Culp,TB,TE,,,31.26550087156346,55.981208705790905,,,34.78294220183937,,Healthy,Devin Culp: score driven by clean neutral-script profile (inflation 0%); also no third-down target role,,,
586,Elijah Moore,DEN,WR,,,31.559862767468644,48.825891509114484,,,32.304198660292,,Healthy,Elijah Moore: score driven by garbage-time inflation 70%; also third-down target share 5%,,,
587,Nick Nash,ATL,WR,,,31.52811751930745,50.2,,,33.52811751930745,,Healthy,Nick Nash: score driven by no third-down target role; also stable coaching context,,,
588,Jesse Matthews,ATL,WR,,,31.52811751930745,50.2,,,33.52811751930745,,Healthy,Jesse Matthews: score driven by no third-down target role; also stable coaching context,,,
589,K.J. Osborn,ATL,WR,,,31.52811751930745,50.2,,,33.52811751930745,,Healthy,K.J. Osborn: score driven by no third-down target role; also stable coaching context,,,
590,Quincy Skinner Jr.,ATL,WR,,,31.52811751930745,50.2,,,33.52811751930745,,Healthy,Quincy Skinner Jr.: score driven by no third-down target role; also stable coaching context,,,
591,Chris Blair,ATL,WR,,,31.52811751930745,50.2,,,33.52811751930745,,Healthy,Chris Blair: score driven by no third-down target role; also stable coaching context,,,
592,Josh Kelly,HOU,WR,,,31.524030330211502,53.1,,,33.5240303302115,,Healthy,Josh Kelly: score driven by +5% script boost (12-win team); also no third-down target role,,,
593,Juwann Winfree,HOU,WR,,,31.524030330211502,53.1,,,33.5240303302115,,Healthy,Juwann Winfree: score driven by +5% script boost (12-win team); also no third-down target role,,,
594,Tank Dell,HOU,WR,,,31.524030330211502,53.1,,,33.5240303302115,,Healthy,Tank Dell: score driven by +5% script boost (12-win team); also no third-down target role,,,
595,Quintez Cephus,HOU,WR,,,31.524030330211502,53.1,,,33.5240303302115,,Healthy,Quintez Cephus: score driven by +5% script boost (12-win team); also no third-down target role,,,
596,Silas Bolden,HOU,WR,,,31.524030330211502,53.1,,,33.5240303302115,,Healthy,Silas Bolden: score driven by +5% script boost (12-win team); also no third-down target role,,,
597,Daniel Jackson,HOU,WR,,,31.524030330211502,53.1,,,33.5240303302115,,Healthy,Daniel Jackson: score driven by +5% script boost (12-win team); also no third-down target role,,,
598,Kameron Johnson,TB,WR,,,31.50464289049878,49.79671071518996,,,35.064285753527976,,Healthy,Kameron Johnson: score driven by third-down target share 1%; also YPRR 9.14 (p79 at WR),,,
599,Olamide Zaccheaus,CHI,WR,,,31.492583293821447,51.41032404451281,,,33.49258329382145,,Healthy,Olamide Zaccheaus: score driven by YPRR 4.71 (p15 at WR); also +5% script boost (11-win team),,,
600,Jalen Coker,CAR,WR,,,31.37673166372541,57.5368626627629,,,33.37673166372541,,Questionable,Jalen Coker: score driven by YPRR 9.26 (p81 at WR); also target share trend ASCENDING,,,
601,Trey Benson,ARI,RB,,,27.235226864492578,48.565578915656246,,,34.04144336999127,,Out,"Trey Benson: score driven by age cliff none (age 23, 0%); also RB committee risk HIGH (HHI 0.22)",,,
602,Philip Rivers,IND,QB,,,42.42752645565561,62.473684210526315,,,40.42752645565561,,Healthy,Philip Rivers: score driven by clean neutral-script profile (inflation 0%); also stable coaching context,,,
603,Luther Burden III,CHI,WR,,,31.34790649908473,60.282571336710454,,,33.34790649908473,,Healthy,Luther Burden III: score driven by YPRR 9.70 (p83 at WR); also +5% script boost (11-win team),,,
604,Charlie Jones,CIN,WR,,,31.302481275646546,50.88642635391514,,,34.82644855958417,,Out,Charlie Jones: score driven by YPRR 0.00 (p1 at WR); also clean neutral-script profile (inflation 0%),,,
605,Tyrod Taylor,NYJ,QB,,,42.24508778310619,50.046783625730995,,,53.70010327424258,,Questionable,Tyrod Taylor: score driven by garbage-time inflation 63%; also stable coaching context,,,
606,Caleb Williams,CHI,QB,,,42.207553606486826,55.34629186602871,,,44.207553606486826,,Healthy,Caleb Williams: score driven by stable coaching context; also garbage-time inflation 42%,,,
607,Scott Matlock,LAC,RB,,,27.013299310712043,62.08138206739006,,,33.78035213024946,,Questionable,"Scott Matlock: score driven by age cliff none (age 25, 0%); also stable coaching context",,,
608,Tank Bigsby,PHI,RB,,,26.976085077552963,52.7498931826504,,,24.976085077552963,,Healthy,"Tank Bigsby: score driven by garbage-time inflation 100%; also age cliff none (age 23, 0%)",,,
609,Josiah Deguara,ARI,TE,,,30.71265675248286,49.1988365943945,,,38.13253735586219,,Healthy,Josiah Deguara: score driven by YPRR 4.20 (p20 at TE); also no third-down target role,,,
610,Cole Kmet,CHI,TE,,,30.707580190228796,56.81845086500424,,,32.707580190228796,,Questionable,Cole Kmet: score driven by third-down target share 5%; also +5% script boost (11-win team),,,
611,Tahj Washington,MIA,WR,,,31.029667969615375,44.372117232543246,,,33.029667969615375,,Healthy,Tahj Washington: score driven by garbage-time inflation 80%; also third-down target share 1%,,,
612,Adam Thielen,PIT,WR,,,30.982937405857946,49.28488174846684,,,32.982937405857946,,Healthy,Adam Thielen: score driven by third-down target share 7%; also YPRR 5.55 (p22 at WR),,,
613,Colson Yankoff,WAS,TE,,,30.621226184843856,56.19246095460517,,,32.621226184843856,,Healthy,Colson Yankoff: score driven by clean neutral-script profile (inflation 0%); also no third-down target role,,,
614,Jerry Jeudy,CLE,WR,,,30.918476867365655,59.14712458806917,,,34.918476867365655,,Healthy,Jerry Jeudy: score driven by garbage-time inflation 38%; also BLANKET third-down role (26% of team targets),,,
615,Christian Kirk,HOU,WR,,,30.91680674457117,55.84896287653151,,,32.91680674457117,,Questionable,Christian Kirk: score driven by +5% script boost (12-win team); also YPRR 5.93 (p29 at WR),,,
616,Tyreek Hill,MIA,WR,,,30.82277227031369,52.41279904570457,,,38.26208502389846,,Healthy,Tyreek Hill: score driven by YPRR 9.14 (p79 at WR); also third-down target share 9%,,,
617,Jalen McMillan,TB,WR,,,30.78512849387677,58.58663424470767,,,34.21779822809032,,Questionable,Jalen McMillan: score driven by YPRR 11.87 (p93 at WR); also third-down target share 4%,,,
618,Tre Stewart,MIN,RB,,,26.645145082766962,57.922330097087375,,,28.645145082766962,,Healthy,"Tre Stewart: score driven by age cliff AGE_UNKNOWN (age ?, 0%); also stable coaching context",,,
619,Xazavian Valladay,MIN,RB,,,26.645145082766962,56.75728155339805,,,28.645145082766962,,Healthy,"Xazavian Valladay: score driven by age cliff AGE_CLIFF (age 27, -5%); also stable coaching context",,,
620,Sincere McCormick,MIN,RB,,,26.645145082766962,57.922330097087375,,,28.645145082766962,,Healthy,"Sincere McCormick: score driven by age cliff none (age 25, 0%); also stable coaching context",,,
621,Ben Sinnott,WAS,TE,,,30.327411249159724,51.73379211540048,,,37.679307351952616,,Healthy,Ben Sinnott: score driven by third-down target share 2%; also YPRR 8.77 (p89 at TE),,,
622,Jake Browning,CIN,QB,,,41.669546635750955,49.31578947368421,,,47.022996042059944,,Healthy,Jake Browning: score driven by garbage-time inflation 67%; also stable coaching context,,,
623,Jalen Brooks,ARI,WR,,,30.562000332196114,42.56655320439878,,,37.95529450846602,,Healthy,Jalen Brooks: score driven by garbage-time inflation 83%; also third-down target share 1%,,,
624,Tyler Badie,DEN,RB,,,26.40227269175582,57.60955146894675,,,24.40227269175582,,Healthy,"Tyler Badie: score driven by age cliff none (age 27, 0%); also +3% script boost (14-win team)",,,
625,Jaleel McLaughlin,DEN,RB,,,26.14907133093583,57.91584242177817,,,26.42290362058242,,Healthy,"Jaleel McLaughlin: score driven by age cliff none (age 25, 0%); also third-down target share 1%",,,
626,Zay Jones,ARI,WR,,,30.278909988000564,50.04667961948466,,,37.62224704470655,,Healthy,Zay Jones: score driven by third-down target share 4%; also YPRR 10.17 (p85 at WR),,,
627,Grant Calcaterra,PHI,TE,,,29.909697778340462,52.015507403812244,,,33.18787973922407,,Healthy,Grant Calcaterra: score driven by third-down target share 2%; also +5% script boost (11-win team),,,
628,Xavier Weaver,ARI,WR,,,30.21032874488579,45.25047989860117,,,37.5415632292774,,Questionable,Xavier Weaver: score driven by third-down target share 5%; also YPRR 5.15 (p19 at WR),,,
629,DeeJay Dallas,JAX,RB,,,26.02319221344278,69.98482420586294,,,28.615520251109153,,Healthy,"DeeJay Dallas: score driven by age cliff none (age 27, 0%); also RB committee risk LOW (HHI 0.54)",,,
630,Trayveon Williams,LAC,RB,,,25.990989851199675,52.99399117224642,,,27.990989851199675,,Healthy,"Trayveon Williams: score driven by age cliff AGE_CLIFF (age 28, -5%); also garbage-time inflation 60%",,,
631,KeAndre Lambert-Smith,LAC,WR,,,30.115104487860243,43.5292560321378,,,32.11510448786024,,Out,KeAndre Lambert-Smith: score driven by third-down target share 3%; also YPRR 4.25 (p10 at WR),,,
632,Brock Wright,DET,TE,,,29.727243142965428,45.55603225479966,,,30.97322722701815,,Out,Brock Wright: score driven by third-down target share 2%; also garbage-time inflation 64%,,,
633,Luke McCaffrey,WAS,WR,,,30.02240446401383,52.164798746635455,,,37.32047584001627,,Healthy,Luke McCaffrey: score driven by YPRR 12.69 (p96 at WR); also third-down target share 3%,,,
634,LeQuint Allen Jr.,JAX,RB,,,25.882904994360548,61.151403519847285,,,23.882904994360548,,Healthy,"LeQuint Allen Jr.: score driven by age cliff none (age 21, 0%); also RB committee risk LOW (HHI 0.54)",,,
635,Thomas Yassmin,LAC,TE,,,29.635609543583207,53.03,,,31.635609543583207,,Healthy,Thomas Yassmin: score driven by +5% script boost (11-win team); also no third-down target role,,,
636,Tanner McLachlan,LAC,TE,,,29.635609543583207,53.03,,,31.635609543583207,,Healthy,Tanner McLachlan: score driven by +5% script boost (11-win team); also no third-down target role,,,
637,Stevo Klotz,LAC,TE,,,29.635609543583207,53.03,,,31.635609543583207,,Healthy,Stevo Klotz: score driven by +5% script boost (11-win team); also no third-down target role,,,
638,Will Shipley,PHI,RB,,,25.82566902088307,63.89872432015873,,,23.82566902088307,,Healthy,"Will Shipley: score driven by age cliff none (age 23, 0%); also RB committee risk LOW (HHI 0.63)",,,
639,Cam Grandy,CIN,TE,,,29.543790497990468,37.97016129032258,,,32.75740058587114,,Questionable,Cam Grandy: score driven by garbage-time inflation 100%; also YPRR 3.50 (p12 at TE),,,
640,Jameis Winston,NYG,QB,,,40.85488202150799,59.7815335753176,,,50.06456708412705,,Healthy,Jameis Winston: score driven by clean neutral-script profile (inflation 12%); also stable coaching context,,,
641,Adam Prentice,DEN,RB,,,25.652142808833027,53.098895367172496,,,23.652142808833027,,Healthy,"Adam Prentice: score driven by third-down target share 2%; also age cliff AGE_CLIFF (age 29, -12%)",,,
642,Anthony Firkser,DET,TE,,,29.38676690949739,51.10066738857859,,,25.38676690949739,,Healthy,Anthony Firkser: score driven by no third-down target role; also stable coaching context,,,
643,Dare Ogunbowale,HOU,RB,,,25.583737150044144,45.87147239858091,,,32.09851429416958,,Healthy,"Dare Ogunbowale: score driven by age cliff AVOID (age 31, -35%); also third-down target share 5%",,,
644,Mike Williams,LAC,WR,,,29.635609543583207,53.03,,,31.635609543583207,,Healthy,Mike Williams: score driven by +5% script boost (11-win team); also no third-down target role,,,
645,JaQuae Jackson,LAC,WR,,,29.635609543583207,53.03,,,31.635609543583207,,Healthy,JaQuae Jackson: score driven by +5% script boost (11-win team); also no third-down target role,,,
646,Jaylen Johnson,LAC,WR,,,29.635609543583207,53.03,,,31.635609543583207,,Healthy,Jaylen Johnson: score driven by +5% script boost (11-win team); also no third-down target role,,,
647,Jalen Reagor,LAC,WR,,,29.635609543583207,53.03,,,31.635609543583207,,Healthy,Jalen Reagor: score driven by +5% script boost (11-win team); also no third-down target role,,,
648,Luke Grimm,LAC,WR,,,29.635609543583207,53.03,,,31.635609543583207,,Healthy,Luke Grimm: score driven by +5% script boost (11-win team); also no third-down target role,,,
649,Dalevon Campbell,LAC,WR,,,29.635609543583207,53.03,,,31.635609543583207,,Healthy,Dalevon Campbell: score driven by +5% script boost (11-win team); also no third-down target role,,,
650,Zavier Scott,MIN,RB,,,25.491277669656384,52.74148691950834,,,27.491277669656384,,Questionable,"Zavier Scott: score driven by age cliff none (age 26, 0%); also garbage-time inflation 62%",,,
651,Treylon Burks,WAS,WR,,,29.61819485116117,50.460001989798535,,,36.844935119013144,,Healthy,Treylon Burks: score driven by third-down target share 10%; also YPRR 5.91 (p28 at WR),,,
652,Nick Chubb,HOU,RB,,,25.421234157639446,56.89308813368173,,,27.421234157639446,,Questionable,Nick Chubb: score driven by +3% script boost (12-win team); also stable coaching context,,,
653,Bryce Pierre,CAR,TE,,,29.191219350918292,49.6,,,31.191219350918292,,Healthy,Bryce Pierre: score driven by no third-down target role; also stable coaching context,,,
654,Tyler Mabry,CAR,TE,,,29.191219350918292,49.6,,,31.191219350918292,,Healthy,Tyler Mabry: score driven by no third-down target role; also stable coaching context,,,
655,Dominique Dafney,CAR,TE,,,29.191219350918292,49.6,,,31.191219350918292,,Healthy,Dominique Dafney: score driven by no third-down target role; also stable coaching context,,,
656,Chris Collier,LV,RB,,,25.34675768788994,62.08737864077669,,,29.34675768788994,,Healthy,"Chris Collier: score driven by age cliff none (age 25, 0%); also RB committee risk LOW (HHI 0.76)",,,
657,Britain Covey,PHI,WR,,,29.368248144105834,45.88118030616474,,,32.55088016953628,,Healthy,Britain Covey: score driven by third-down target share 1%; also YPRR 5.00 (p18 at WR),,,
658,Austin Ekeler,WAS,RB,,,25.13955263286252,42.33058907034921,,,31.57594427395591,,Healthy,"Austin Ekeler: score driven by age cliff AVOID (age 30, -35%); also third-down target share 2%",,,
659,Tip Reiman,ARI,TE,,,28.89834505878788,45.17332099418297,,,35.99805301033868,,Questionable,Tip Reiman: score driven by YPRR 3.60 (p13 at TE); also no third-down target role,,,
660,Ben Skowronek,PIT,WR,,,29.19795198456458,61.204857997010464,,,36.350531746546565,,Healthy,Ben Skowronek: score driven by YPRR 11.50 (p92 at WR); also +5% script boost (10-win team),,,
661,Ainias Smith,CAR,WR,,,29.191219350918292,49.6,,,31.191219350918292,,Healthy,Ainias Smith: score driven by no third-down target role; also stable coaching context,,,
662,Dan Chisena,CAR,WR,,,29.191219350918292,49.6,,,31.191219350918292,,Healthy,Dan Chisena: score driven by no third-down target role; also stable coaching context,,,
663,Kobe Hudson,CAR,WR,,,29.191219350918292,49.6,,,31.191219350918292,,Healthy,Kobe Hudson: score driven by no third-down target role; also stable coaching context,,,
664,Jacolby George,CAR,WR,,,29.191219350918292,49.6,,,31.191219350918292,,Healthy,Jacolby George: score driven by no third-down target role; also stable coaching context,,,
665,Ja'Seem Reed,CAR,WR,,,29.191219350918292,49.6,,,31.191219350918292,,Healthy,Ja'Seem Reed: score driven by no third-down target role; also stable coaching context,,,
666,T.J. Luther,CAR,WR,,,29.191219350918292,49.6,,,31.191219350918292,,Healthy,T.J. Luther: score driven by no third-down target role; also stable coaching context,,,
667,Tim Jones,JAX,WR,,,29.167758610298655,66.85870374741039,,,32.315010129763124,,Healthy,Tim Jones: score driven by YPRR 15.00 (p97 at WR); also clean neutral-script profile (inflation 0%),,,
668,Chimere Dike,TEN,WR,,,29.091648170128735,49.93449349914124,,,33.091648170128735,,Healthy,Chimere Dike: score driven by YPRR 5.72 (p25 at WR); also stable coaching context,,,
669,Giovanni Ricci,DET,TE,,,28.721733291141884,51.14034879744671,,,24.721733291141884,,Healthy,Giovanni Ricci: score driven by YPRR 0.00 (p2 at TE); also clean neutral-script profile (inflation 0%),,,
670,Evan Hull,NO,RB,,,24.851457976837377,53.38151991965182,,,28.851457976837377,,Healthy,"Evan Hull: score driven by age cliff none (age 25, 0%); also RB committee risk HIGH (HHI 0.28)",,,
671,C.J. Ham,MIN,RB,,,24.815576960985304,48.10383088622124,,,31.194796424688594,,Healthy,"C.J. Ham: score driven by age cliff AVOID (age 32, -35%); also stable coaching context",,,
672,Jared Wayne,HOU,WR,,,28.725746103739247,57.008982179087894,,,30.725746103739247,,Healthy,Jared Wayne: score driven by YPRR 10.00 (p84 at WR); also +5% script boost (12-win team),,,
673,Jaylin Noel,HOU,WR,,,28.68721445963027,52.26528590652691,,,30.68721445963027,,Healthy,Jaylin Noel: score driven by third-down target share 6%; also +5% script boost (12-win team),,,
674,Treyton Welch,NO,TE,,,28.220807160364004,48.8,,,32.220807160364004,,Healthy,Treyton Welch: score driven by no third-down target role; also stable coaching context,,,
675,Michael Jacobson,NO,TE,,,28.220807160364004,48.8,,,32.220807160364004,,Healthy,Michael Jacobson: score driven by no third-down target role; also stable coaching context,,,
676,Seth Green,NO,TE,,,28.220807160364004,48.8,,,32.220807160364004,,Healthy,Seth Green: score driven by no third-down target role; also stable coaching context,,,
677,Mason Pline,NO,TE,,,28.220807160364004,48.8,,,32.220807160364004,,Healthy,Mason Pline: score driven by no third-down target role; also stable coaching context,,,
678,Johnny Mundt,JAX,TE,,,28.218018909201476,50.733232353496014,,,28.671759683914647,,Healthy,Johnny Mundt: score driven by third-down target share 2%; also +5% script boost (13-win team),,,
679,Steven Sims,ARI,WR,,,28.564500968900237,34.42488789237668,,,35.60529525752969,,Healthy,Steven Sims: score driven by garbage-time inflation 100%; also YPRR 0.00 (p1 at WR),,,
680,Hunter Renfrow,CAR,WR,,,28.5615326278658,40.82917781793704,,,30.5615326278658,,Healthy,Hunter Renfrow: score driven by YPRR 3.42 (p7 at WR); also garbage-time inflation 65%,,,
681,T.J. Hockenson,MIN,TE,,,28.114843219882918,51.587527684159845,,,30.114843219882918,,Out,T.J. Hockenson: score driven by third-down target share 12%; also stable coaching context,,,
682,British Brooks,HOU,RB,,,24.309921599097667,64.70339050331265,,,30.599907763644314,,Healthy,"British Brooks: score driven by age cliff none (age 26, 0%); also clean neutral-script profile (inflation 6%)",,,
683,Harold Fannin Jr.,CLE,TE,,,28.0367347466359,54.567189226321666,,,32.0367347466359,,Out,Harold Fannin Jr.: score driven by stable coaching context; also YPRR 6.77 (p58 at TE),,,
684,Greg Dulcich,MIA,TE,,,27.965936117847036,51.395967741935486,,,34.90110131511416,,Healthy,Greg Dulcich: score driven by YPRR 9.85 (p95 at TE); also third-down target share 6%,,,
685,Robbie Chosen,WAS,WR,,,28.248582257117278,41.79735521876462,,,35.23362618484386,,Healthy,Robbie Chosen: score driven by third-down target share 4%; also garbage-time inflation 56%,,,
686,Kylen Granson,PHI,TE,,,27.89610693748958,55.659019989765845,,,30.81894933822303,,Healthy,Kylen Granson: score driven by third-down target share 1%; also clean neutral-script profile (inflation 11%),,,
687,Scott Miller,PIT,WR,,,28.238797523173695,48.906139502524574,,,35.222114733145524,,Healthy,Scott Miller: score driven by third-down target share 2%; also YPRR 4.43 (p11 at WR),,,
688,Ja'Lynn Polk,NO,WR,,,28.220807160364004,48.8,,,32.220807160364004,,Healthy,Ja'Lynn Polk: score driven by no third-down target role; also stable coaching context,,,
689,Elijah Cooks,NO,WR,,,28.220807160364004,48.8,,,32.220807160364004,,Healthy,Elijah Cooks: score driven by no third-down target role; also stable coaching context,,,
690,Jha'Quan Jackson,NO,WR,,,28.220807160364004,48.8,,,32.220807160364004,,Healthy,Jha'Quan Jackson: score driven by no third-down target role; also stable coaching context,,,
691,Bub Means,NO,WR,,,28.220807160364004,48.8,,,32.220807160364004,,Healthy,Bub Means: score driven by no third-down target role; also stable coaching context,,,
692,Trey Palmer,NO,WR,,,28.220807160364004,48.8,,,32.220807160364004,,Out,Trey Palmer: score driven by no third-down target role; also stable coaching context,,,
693,Roderick Daniels Jr.,NO,WR,,,28.220807160364004,48.8,,,32.220807160364004,,Healthy,Roderick Daniels Jr.: score driven by no third-down target role; also stable coaching context,,,
694,Moochie Dixon,NO,WR,,,28.220807160364004,48.8,,,32.220807160364004,,Healthy,Moochie Dixon: score driven by no third-down target role; also stable coaching context,,,
695,Tommy Mellott,NO,WR,,,28.220807160364004,48.8,,,32.220807160364004,,Healthy,Tommy Mellott: score driven by no third-down target role; also stable coaching context,,,
696,Payne Durham,TB,TE,,,27.815181057752078,48.5387874076953,,,30.723742420884797,,Healthy,Payne Durham: score driven by YPRR 2.75 (p10 at TE); also no third-down target role,,,
697,Jermaine Terry,NYG,TE,,,27.7249796343459,49.6,,,29.7249796343459,,Healthy,Jermaine Terry: score driven by no third-down target role; also stable coaching context,,,
698,Thomas Fidone II,NYG,TE,,,27.7249796343459,49.6,,,29.7249796343459,,Out,Thomas Fidone II: score driven by no third-down target role; also stable coaching context,,,
699,Maximilian Mang,NYG,TE,,,27.7249796343459,49.6,,,29.7249796343459,,Healthy,Maximilian Mang: score driven by no third-down target role; also stable coaching context,,,
700,Zach Davidson,NYG,TE,,,27.7249796343459,49.6,,,29.7249796343459,,Healthy,Zach Davidson: score driven by no third-down target role; also stable coaching context,,,
701,Dylan Drummond,ATL,WR,,,28.06538965174986,43.242672811717604,,,30.06538965174986,,Healthy,Dylan Drummond: score driven by YPRR 3.50 (p8 at WR); also third-down target share 4%,,,
702,Tre Harris,LAC,WR,,,28.037008926564983,53.85960861460348,,,30.037008926564983,,Healthy,Tre Harris: score driven by third-down target share 8%; also +5% script boost (11-win team),,,
703,Alec Ingold,MIA,RB,,,23.843115224230818,51.60217758735899,,,30.05072379321273,,Healthy,Alec Ingold: score driven by garbage-time inflation 54%; also stable coaching context,,,
704,Julian Hill,MIA,TE,,,27.588311846799524,49.989976958525354,,,31.987295485651654,,Healthy,Julian Hill: score driven by third-down target share 4%; also stable coaching context,,,
705,Hunter Long,JAX,TE,,,27.55398484329679,50.28269610617309,,,30.416452756819748,,Healthy,Hunter Long: score driven by third-down target share 2%; also +5% script boost (13-win team),,,
706,Quintin Morris,JAX,TE,,,27.45530179125978,45.94146886824905,,,30.300355048540926,,Healthy,Quintin Morris: score driven by garbage-time inflation 78%; also third-down target share 1%,,,
707,Joe Flacco,CLE,QB,,,38.85662178268386,52.94736842105263,,,42.85662178268386,,Healthy,Joe Flacco: score driven by stable coaching context; also garbage-time inflation 47%,,,
708,Dont'e Thornton Jr.,LV,WR,,,27.77517081354813,43.12714915090417,,,31.77517081354813,,Healthy,Dont'e Thornton Jr.: score driven by YPRR 4.50 (p13 at WR); also third-down target share 6%,,,
709,Bryce Ford-Wheaton,NYG,WR,,,27.7249796343459,49.6,,,29.7249796343459,,Healthy,Bryce Ford-Wheaton: score driven by no third-down target role; also stable coaching context,,,
710,Antwane Wells Jr.,NYG,WR,,,27.7249796343459,49.6,,,29.7249796343459,,Healthy,Antwane Wells Jr.: score driven by no third-down target role; also stable coaching context,,,
711,Da'Quan Felton,NYG,WR,,,27.7249796343459,49.6,,,29.7249796343459,,Healthy,Da'Quan Felton: score driven by no third-down target role; also stable coaching context,,,
712,Ihmir Smith-Marsette,NYG,WR,,,27.7249796343459,49.6,,,29.7249796343459,,Healthy,Ihmir Smith-Marsette: score driven by no third-down target role; also stable coaching context,,,
713,Dalen Cambre,NYG,WR,,,27.7249796343459,49.6,,,29.7249796343459,,Healthy,Dalen Cambre: score driven by no third-down target role; also stable coaching context,,,
714,Montrell Washington,NYG,WR,,,27.7249796343459,49.6,,,29.7249796343459,,Healthy,Montrell Washington: score driven by no third-down target role; also stable coaching context,,,
715,Jordan Bly,NYG,WR,,,27.7249796343459,49.6,,,29.7249796343459,,Healthy,Jordan Bly: score driven by no third-down target role; also stable coaching context,,,
716,Tom Kennedy,DET,WR,,,27.536740144300605,57.922254281947936,,,28.396164875647766,,Questionable,Tom Kennedy: score driven by third-down target share 1%; also clean neutral-script profile (inflation 0%),,,
717,Xavier Gipson,PHI,WR,,,27.530207089845177,45.711193861000176,,,30.38847892922962,,Healthy,Xavier Gipson: score driven by YPRR 3.00 (p5 at WR); also +5% script boost (11-win team),,,
718,Lucas Krull,DEN,TE,,,27.17194257412131,52.386199343258454,,,29.96699126367213,,Out,Lucas Krull: score driven by third-down target share 2%; also clean neutral-script profile (inflation 0%),,,
719,Isaiah Davis,NYJ,RB,,,23.33489958731547,58.286314404390374,,,27.33489958731547,,Out,"Isaiah Davis: score driven by age cliff none (age 24, 0%); also RB committee risk LOW (HHI 0.55)",,,
720,Blake Watson,TEN,RB,,,23.31517826384795,62.08737864077669,,,27.31517826384795,,Healthy,"Blake Watson: score driven by age cliff none (age 26, 0%); also RB committee risk LOW (HHI 0.59)",,,
721,Jordan Mims,TEN,RB,,,23.31517826384795,62.08737864077669,,,27.31517826384795,,Healthy,"Jordan Mims: score driven by age cliff none (age 26, 0%); also RB committee risk LOW (HHI 0.59)",,,
722,Kalel Mullings,TEN,RB,,,23.31517826384795,62.97714894624674,,,27.31517826384795,,Questionable,"Kalel Mullings: score driven by age cliff none (age 23, 0%); also RB committee risk LOW (HHI 0.59)",,,
723,Dee Eskridge,MIA,WR,,,27.437175741310554,46.26515054452274,,,34.27903028389477,,Doubtful,Dee Eskridge: score driven by garbage-time inflation 71%; also third-down target share 2%,,,
724,Daniel Bellinger,NYG,TE,,,27.08335836542549,59.51265786193484,,,29.08335836542549,,Healthy,Daniel Bellinger: score driven by YPRR 11.00 (p98 at TE); also third-down target share 3%,,,
725,Kirk Cousins,ATL,QB,,,38.48428556175986,52.60526315789474,,,43.83074517582593,,Healthy,Kirk Cousins: score driven by garbage-time inflation 50%; also stable coaching context,,,
726,Lawrance Toafili,NYJ,RB,,,23.27409747706581,62.08737864077669,,,27.27409747706581,,Healthy,"Lawrance Toafili: score driven by age cliff none (age 24, 0%); also RB committee risk LOW (HHI 0.55)",,,
727,Avery Williams,NYJ,RB,,,23.27409747706581,60.922330097087375,,,27.27409747706581,,Healthy,"Avery Williams: score driven by RB committee risk LOW (HHI 0.55); also age cliff AGE_CLIFF (age 27, -5%)",,,
728,Keilan Robinson,NYJ,RB,,,23.27409747706581,62.08737864077669,,,27.27409747706581,,Healthy,"Keilan Robinson: score driven by age cliff none (age 26, 0%); also RB committee risk LOW (HHI 0.55)",,,
729,Raheem Blackshear,NYJ,RB,,,23.27409747706581,60.922330097087375,,,27.27409747706581,,Healthy,"Raheem Blackshear: score driven by RB committee risk LOW (HHI 0.55); also age cliff AGE_CLIFF (age 27, -5%)",,,
730,John Bates,WAS,TE,,,26.994188895048314,47.54936759470214,,,33.757869288292135,,Questionable,John Bates: score driven by third-down target share 1%; also stable coaching context,,,
731,Raheem Mostert,LV,RB,,,23.151962691938415,45.93222777102665,,,27.151962691938415,,Questionable,"Raheem Mostert: score driven by RB committee risk LOW (HHI 0.76); also age cliff AVOID (age 33, -35%)",,,
732,Casey Washington,ATL,WR,,,27.245057426920756,49.10410521618878,,,34.05300873755383,,Healthy,Casey Washington: score driven by third-down target share 4%; also stable coaching context,,,
733,Pharaoh Brown,ARI,TE,,,26.89238313450533,34.66935483870968,,,33.63809780530039,,Healthy,Pharaoh Brown: score driven by garbage-time inflation 100%; also YPRR 0.50 (p3 at TE),,,
734,Feleipe Franks,ATL,TE,,,26.79889989141133,56.0,,,33.52811751930745,,Healthy,Feleipe Franks: score driven by clean neutral-script profile (inflation 0%); also no third-down target role,,,
735,Brandin Cooks,NO,WR,,,26.988356184216357,51.53365141008521,,,30.988356184216357,,Out,Brandin Cooks: score driven by third-down target share 4%; also garbage-time inflation 23%,,,
736,Noah Brown,WAS,WR,,,26.917433895048315,45.56410637233582,,,33.667569288292135,,Healthy,Noah Brown: score driven by third-down target share 3%; also garbage-time inflation 60%,,,
737,Tay Martin,WAS,WR,,,26.83843225711728,54.56202240123369,,,33.57462618484386,,Healthy,Tay Martin: score driven by YPRR 11.50 (p92 at WR); also garbage-time inflation 50%,,,
738,Kendre Miller,NO,RB,,,22.688447351831957,45.158185756511834,,,30.692291002155244,,Healthy,"Kendre Miller: score driven by age cliff none (age 23, 0%); also RB committee risk HIGH (HHI 0.28)",,,
739,Shedeur Sanders,CLE,QB,,,37.87409121597983,52.28947368421053,,,41.87409121597983,,Healthy,Shedeur Sanders: score driven by garbage-time inflation 50%; also stable coaching context,,,
740,Tommy Tremble,CAR,TE,,,26.299192361347068,53.06569029980159,,,28.299192361347068,,Healthy,Tommy Tremble: score driven by third-down target share 6%; also stable coaching context,,,
741,Austin Trammell,JAX,WR,,,26.56134671418733,43.90640667879141,,,29.248643193161566,,Healthy,Austin Trammell: score driven by garbage-time inflation 70%; also third-down target share 4%,,,
742,Davis Mills,HOU,QB,,,37.61662135545332,54.184210526315795,,,46.2548486534745,,Questionable,Davis Mills: score driven by garbage-time inflation 50%; also stable coaching context,,,
743,Gavin Bartholomew,MIN,TE,,,26.207878495342833,49.81,,,28.207878495342833,,Out,Gavin Bartholomew: score driven by no third-down target role; also stable coaching context,,,
744,Bryson Nesbit,MIN,TE,,,26.207878495342833,49.81,,,28.207878495342833,,Healthy,Bryson Nesbit: score driven by no third-down target role; also stable coaching context,,,
745,Mason Taylor,NYJ,TE,,,26.190051353184284,48.238797444842454,,,30.190051353184284,,Out,Mason Taylor: score driven by garbage-time inflation 68%; also stable coaching context,,,
746,Michael Mayer,LV,TE,,,26.03569686829957,55.60126121756003,,,30.03569686829957,,Healthy,Michael Mayer: score driven by third-down target share 10%; also garbage-time inflation 34%,,,
747,KhaDarel Hodge,ATL,WR,,,26.358333758524147,34.74418277262563,,,33.00980442179311,,Out,KhaDarel Hodge: score driven by garbage-time inflation 80%; also YPRR 3.10 (p6 at WR),,,
748,Van Jefferson,TEN,WR,,,26.219377403036653,49.39170529647639,,,30.219377403036653,,Out,Van Jefferson: score driven by third-down target share 10%; also stable coaching context,,,
749,Ja'Tavion Sanders,CAR,TE,,,25.863777172927183,43.4268689472965,,,30.112801274920848,,Healthy,Ja'Tavion Sanders: score driven by third-down target share 8%; also garbage-time inflation 62%,,,
750,Audric Estimé,NO,RB,,,22.07346236804063,51.12740734015637,,,29.96877925651839,,Healthy,"Audric Estimé: score driven by age cliff none (age 22, 0%); also RB committee risk HIGH (HHI 0.28)",,,
751,Dontae Fleming,MIN,WR,,,26.207878495342833,49.81,,,28.207878495342833,,Healthy,Dontae Fleming: score driven by no third-down target role; also stable coaching context,,,
752,Robert Lewis,MIN,WR,,,26.207878495342833,49.81,,,28.207878495342833,,Healthy,Robert Lewis: score driven by no third-down target role; also stable coaching context,,,
753,Myles Price,MIN,WR,,,26.207878495342833,49.81,,,28.207878495342833,,Out,Myles Price: score driven by no third-down target role; also stable coaching context,,,
754,Joaquin Davis,MIN,WR,,,26.207878495342833,49.81,,,28.207878495342833,,Healthy,Joaquin Davis: score driven by no third-down target role; also stable coaching context,,,
755,Lucky Jackson,MIN,WR,,,26.207878495342833,49.81,,,28.207878495342833,,Healthy,Lucky Jackson: score driven by no third-down target role; also stable coaching context,,,
756,Jeshaun Jones,MIN,WR,,,26.207878495342833,49.81,,,28.207878495342833,,Healthy,Jeshaun Jones: score driven by no third-down target role; also stable coaching context,,,
757,Rondale Moore,MIN,WR,,,26.207878495342833,49.81,,,28.207878495342833,,Healthy,Rondale Moore: score driven by no third-down target role; also stable coaching context,,,
758,Dylan Sampson,CLE,RB,,,22.02893740345732,56.658732882654455,,,26.02893740345732,,Healthy,"Dylan Sampson: score driven by age cliff none (age 21, 0%); also third-down target share 3%",,,
759,Tanner Conner,MIA,TE,,,25.76730160396737,41.84389400921659,,,32.31447247525573,,Healthy,Tanner Conner: score driven by garbage-time inflation 80%; also third-down target share 3%,,,
760,Josh Oliver,MIN,TE,,,25.642321187015646,58.40979518689196,,,27.642321187015646,,Healthy,Josh Oliver: score driven by third-down target share 1%; also YPRR 8.00 (p77 at TE),,,
761,Ketron Jackson Jr.,LV,WR,,,25.801038035625364,50.2,,,29.801038035625364,,Healthy,Ketron Jackson Jr.: score driven by no third-down target role; also stable coaching context,,,
762,Brenden Rice,LV,WR,,,25.801038035625364,50.2,,,29.801038035625364,,Healthy,Brenden Rice: score driven by no third-down target role; also stable coaching context,,,
763,Phillip Dorsett,LV,WR,,,25.801038035625364,50.2,,,29.801038035625364,,Healthy,Phillip Dorsett: score driven by no third-down target role; also stable coaching context,,,
764,Collin Johnson,LV,WR,,,25.801038035625364,50.2,,,29.801038035625364,,Healthy,Collin Johnson: score driven by no third-down target role; also stable coaching context,,,
765,Marquez Callaway,LV,WR,,,25.801038035625364,50.2,,,29.801038035625364,,Healthy,Marquez Callaway: score driven by no third-down target role; also stable coaching context,,,
766,Amari Cooper,LV,WR,,,25.801038035625364,50.2,,,29.801038035625364,,Healthy,Amari Cooper: score driven by no third-down target role; also stable coaching context,,,
767,DJ Turner,LV,WR,,,25.801038035625364,50.2,,,29.801038035625364,,Healthy,DJ Turner: score driven by no third-down target role; also stable coaching context,,,
768,Justin Shorter,LV,WR,,,25.801038035625364,50.2,,,29.801038035625364,,Healthy,Justin Shorter: score driven by no third-down target role; also stable coaching context,,,
769,Jakobi Meyers,LV,WR,,,25.798528311795724,51.97992791483677,,,29.798528311795724,,Healthy,Jakobi Meyers: score driven by stable coaching context; also third-down target share 13%,,,
770,Michael Penix Jr.,ATL,QB,,,36.73221921812115,52.13533834586466,,,45.214375550730765,,Healthy,Michael Penix Jr.: score driven by garbage-time inflation 52%; also stable coaching context,,,
771,Najee Harris,LAC,RB,,,21.460249432680765,58.33564801630489,,,27.247352273742077,,Healthy,"Najee Harris: score driven by age cliff AGE_CLIFF (age 27, -5%); also stable coaching context",,,
772,Cedrick Wilson Jr.,MIA,WR,,,25.56323669487646,42.374807815502884,,,32.074396111619365,,Healthy,Cedrick Wilson Jr.: score driven by third-down target share 1%; also garbage-time inflation 67%,,,
773,Gunner Olszewski,NYG,WR,,,25.49018995586603,57.221791635577006,,,27.49018995586603,,Healthy,Gunner Olszewski: score driven by YPRR 11.15 (p91 at WR); also third-down target share 3%,,,
774,Mitchell Evans,CAR,TE,,,25.13298571246784,50.89465577401191,,,27.13298571246784,,Healthy,Mitchell Evans: score driven by third-down target share 1%; also stable coaching context,,,
775,Hassan Haskins,LAC,RB,,,21.33876227367501,56.63387721308976,,,27.10442620432354,,Questionable,"Hassan Haskins: score driven by age cliff none (age 26, 0%); also third-down target share 1%",,,
776,Shane Zylstra,DET,TE,,,25.12021413547768,44.08458594161102,,,25.553193100561977,,Questionable,Shane Zylstra: score driven by third-down target share 1%; also YPRR 4.00 (p17 at TE),,,
777,Cam Akers,MIN,RB,,,21.240560820351917,46.37323640537567,,,26.988895082766962,,Healthy,"Cam Akers: score driven by garbage-time inflation 100%; also age cliff none (age 26, 0%)",,,
778,Devaughn Vele,NO,WR,,,25.363633501660193,49.94042489218769,,,33.83956882548258,,Healthy,Devaughn Vele: score driven by third-down target share 8%; also target share trend ASCENDING,,,
779,Chig Okonkwo,TEN,TE,,,25.0041557645855,54.564578725409845,,,29.0041557645855,,Healthy,Chig Okonkwo: score driven by target share trend ASCENDING; also third-down target share 11%,,,
780,Moliki Matavao,NO,TE,,,24.89538026852989,53.12503089852923,,,28.89538026852989,,Healthy,Moliki Matavao: score driven by clean neutral-script profile (inflation 0%); also YPRR 5.00 (p29 at TE),,,
781,Ross Dwelley,DET,TE,,,24.802278242525546,46.0400524336031,,,25.179150873559465,,Healthy,Ross Dwelley: score driven by YPRR 1.40 (p6 at TE); also garbage-time inflation 60%,,,
782,Malik Nabers,NYG,WR,,,25.069913070086784,49.52300563060576,,,31.494015376572687,,Healthy,Malik Nabers: score driven by third-down target share 4%; also stable coaching context,,,
783,Jack Bech,LV,WR,,,25.06168513024199,46.56234704978001,,,29.06168513024199,,Healthy,Jack Bech: score driven by garbage-time inflation 76%; also third-down target share 10%,,,
784,Nate Adkins,DEN,TE,,,24.69914102147432,46.29597700377662,,,27.057812966440373,,Healthy,Nate Adkins: score driven by third-down target share 1%; also YPRR 4.08 (p19 at TE),,,
785,Shedrick Jackson,LV,WR,,,25.043755672386855,49.42292783528328,,,29.043755672386855,,Healthy,Shedrick Jackson: score driven by third-down target share 2%; also YPRR 11.20 (p91 at WR),,,
786,Ahmani Marshall,CLE,RB,,,20.870744908784452,57.71844660194174,,,24.870744908784452,,Healthy,"Ahmani Marshall: score driven by age cliff none (age 23, 0%); also stable coaching context",,,
787,Trent Sherfield,DEN,WR,,,24.93938758504333,39.832511210762334,,,27.34045598240392,,Healthy,Trent Sherfield: score driven by garbage-time inflation 100%; also YPRR 4.20 (p10 at WR),,,
788,Deven Thompkins,ATL,WR,,,24.817891638543266,60.78481485162044,,,31.197519574756786,,Healthy,Deven Thompkins: score driven by clean neutral-script profile (inflation 0%); also YPRR 9.00 (p77 at WR),,,
789,Nick Westbrook-Ikhine,MIA,WR,,,24.796712636039913,36.419266495836006,,,31.172603101223427,,Healthy,Nick Westbrook-Ikhine: score driven by garbage-time inflation 75%; also third-down target share 3%,,,
790,Andrew Beck,NYJ,RB,,,20.581012316568373,50.99628980918046,,,28.21295566655103,,Healthy,Andrew Beck: score driven by garbage-time inflation 90%; also RB committee risk LOW (HHI 0.55),,,
791,Dylan Laube,LV,RB,,,20.4082771091047,52.985221217208945,,,28.009737775417292,,Healthy,"Dylan Laube: score driven by garbage-time inflation 82%; also age cliff none (age 26, 0%)",,,
792,Zamir White,LV,RB,,,20.243181534706448,56.75507170397308,,,27.81550768788994,,Questionable,"Zamir White: score driven by age cliff none (age 26, 0%); also RB committee risk LOW (HHI 0.76)",,,
793,Jerome Ford,CLE,RB,,,20.155702535903096,52.51840025791458,,,24.155702535903096,,Questionable,"Jerome Ford: score driven by age cliff none (age 26, 0%); also garbage-time inflation 64%",,,
794,James Mitchell,CAR,TE,,,23.93882899119105,50.979859540530896,,,25.93882899119105,,Healthy,James Mitchell: score driven by no third-down target role; also stable coaching context,,,
795,Raheim Sanders,CLE,RB,,,20.12648856996188,57.8077648670025,,,24.12648856996188,,Healthy,"Raheim Sanders: score driven by age cliff none (age 23, 0%); also stable coaching context",,,
796,Devin Duvernay,CHI,WR,,,24.20595777481777,39.15466066752942,,,30.47759738213855,,Healthy,Devin Duvernay: score driven by garbage-time inflation 80%; also third-down target share 1%,,,
797,Jimmy Horn Jr.,CAR,WR,,,24.20441625953145,46.20768670387933,,,26.20441625953145,,Healthy,Jimmy Horn Jr.: score driven by third-down target share 2%; also stable coaching context,,,
798,Trevor Etienne,CAR,RB,,,19.98048552831981,53.8952319429406,,,21.98048552831981,,Healthy,"Trevor Etienne: score driven by age cliff none (age 21, 0%); also garbage-time inflation 71%",,,
799,Isaiah Bond,CLE,WR,,,24.0736889026661,49.05491260181203,,,28.0736889026661,,Healthy,Isaiah Bond: score driven by stable coaching context; also garbage-time inflation 57%,,,
800,Gunnar Helm,TEN,TE,,,23.635351522169337,46.641184670007945,,,27.635351522169337,,Out,Gunnar Helm: score driven by garbage-time inflation 73%; also third-down target share 6%,,,
801,Dante Pettis,NO,WR,,,23.980645612524963,50.276958857166065,,,32.21252425002937,,Healthy,Dante Pettis: score driven by third-down target share 1%; also YPRR 11.55 (p92 at WR),,,
802,Tyler Conklin,LAC,TE,,,23.572039209764196,54.5276637927151,,,29.731810835016702,,Healthy,Tyler Conklin: score driven by YPRR 10.10 (p97 at TE); also third-down target share 1%,,,
803,Samori Toure,NO,WR,,,23.88649791019964,46.6463275088913,,,27.88649791019964,,Healthy,Samori Toure: score driven by YPRR 1.00 (p3 at WR); also third-down target share 1%,,,
804,Adonai Mitchell,NYJ,WR,,,23.87885865487091,44.634201318113874,,,27.87885865487091,,Healthy,Adonai Mitchell: score driven by third-down target share 5%; also garbage-time inflation 56%,,,
805,Tai Felton,MIN,WR,,,23.772271034258555,45.902882055662324,,,25.772271034258555,,Healthy,Tai Felton: score driven by third-down target share 2%; also garbage-time inflation 67%,,,
806,Derius Davis,LAC,WR,,,23.732405583705937,49.213262991295174,,,29.920477157301104,,Healthy,Derius Davis: score driven by YPRR 3.33 (p7 at WR); also +5% script boost (11-win team),,,
807,Ben Yurosek,MIN,TE,,,23.33060436759189,38.40516129032258,,,25.33060436759189,,Questionable,Ben Yurosek: score driven by garbage-time inflation 100%; also YPRR 4.67 (p24 at TE),,,
808,Ty Chandler,MIN,RB,,,19.530054275129157,49.63738103209144,,,24.97653444132842,,Healthy,"Ty Chandler: score driven by age cliff AGE_CLIFF (age 27, -5%); also garbage-time inflation 67%",,,
809,Beaux Collins,NYG,WR,,,23.64942706711966,35.44588346658085,,,25.64942706711966,,Healthy,Beaux Collins: score driven by garbage-time inflation 83%; also third-down target share 1%,,,
810,Kevin Austin Jr.,NO,WR,,,23.54656674075376,50.146196912754384,,,31.70184322441619,,Healthy,Kevin Austin Jr.: score driven by third-down target share 5%; also target share trend ASCENDING,,,
811,Braelon Allen,NYJ,RB,,,19.367213659796768,58.335545902438376,,,26.784957246819726,,Healthy,"Braelon Allen: score driven by age cliff none (age 22, 0%); also RB committee risk LOW (HHI 0.55)",,,
812,Jack Stoll,NO,TE,,,23.14214020994977,40.446658464511636,,,31.226047305823258,,Healthy,Jack Stoll: score driven by garbage-time inflation 82%; also YPRR 4.18 (p19 at TE),,,
813,Carter Runyon,LV,TE,,,23.11161812315272,37.012903225806454,,,27.11161812315272,,Healthy,Carter Runyon: score driven by garbage-time inflation 100%; also YPRR 3.00 (p10 at TE),,,
814,Garrett Wilson,NYJ,WR,,,23.412065450785487,51.28155349941313,,,31.54360641268881,,Out,Garrett Wilson: score driven by stable coaching context; also third-down target share 13%,,,
815,Ronnie Bell,NO,WR,,,23.410489072017587,45.66108834596155,,,31.541751849432455,,Healthy,Ronnie Bell: score driven by third-down target share 1%; also YPRR 5.75 (p26 at WR),,,
816,Justin Watson,HOU,WR,,,23.397426125182367,57.14444116416353,,,29.52638367668514,,Out,Justin Watson: score driven by third-down target share 1%; also clean neutral-script profile (inflation 0%),,,
817,Zaire Mitchell-Paden,NO,TE,,,23.008307160364005,38.96774193548387,,,27.008307160364005,,Healthy,Zaire Mitchell-Paden: score driven by garbage-time inflation 100%; also no third-down target role,,,
818,Joel Wilson,TEN,TE,,,22.816509158254895,50.2,,,26.816509158254895,,Healthy,Joel Wilson: score driven by no third-down target role; also stable coaching context,,,
819,Cole Turner,TEN,TE,,,22.816509158254895,50.2,,,26.816509158254895,,Healthy,Cole Turner: score driven by no third-down target role; also stable coaching context,,,
820,Arian Smith,NYJ,WR,,,23.112087551520105,38.74040943735516,,,27.112087551520105,,Healthy,Arian Smith: score driven by YPRR 3.25 (p6 at WR); also third-down target share 2%,,,
821,Brenden Bates,HOU,TE,,,22.753761908428526,57.338865406006676,,,28.76913165697474,,Healthy,Brenden Bates: score driven by third-down target share 1%; also YPRR 9.60 (p93 at TE),,,
822,Tyler Lockett,TEN,WR,,,23.030911015199866,48.71026051676276,,,27.030911015199866,,Healthy,Tyler Lockett: score driven by YPRR 5.20 (p20 at WR); also stable coaching context,,,
823,Cedric Tillman,CLE,WR,,,23.000430231512695,48.958808948898636,,,27.000430231512695,,Questionable,Cedric Tillman: score driven by third-down target share 10%; also stable coaching context,,,
824,Nick Muse,NYJ,TE,,,22.549758371905433,50.2,,,26.549758371905433,,Healthy,Nick Muse: score driven by no third-down target role; also stable coaching context,,,
825,Neal Johnson,NYJ,TE,,,22.549758371905433,50.2,,,26.549758371905433,,Healthy,Neal Johnson: score driven by no third-down target role; also stable coaching context,,,
826,Zack Kuntz,NYJ,TE,,,22.549758371905433,50.2,,,26.549758371905433,,Healthy,Zack Kuntz: score driven by no third-down target role; also stable coaching context,,,
827,Lance McCutcheon,TEN,WR,,,22.816509158254895,50.2,,,26.816509158254895,,Healthy,Lance McCutcheon: score driven by no third-down target role; also stable coaching context,,,
828,Matt Landers,TEN,WR,,,22.816509158254895,50.2,,,26.816509158254895,,Healthy,Matt Landers: score driven by no third-down target role; also stable coaching context,,,
829,Hal Presley,TEN,WR,,,22.816509158254895,50.2,,,26.816509158254895,,Healthy,Hal Presley: score driven by no third-down target role; also stable coaching context,,,
830,T.J. Sheffield,TEN,WR,,,22.816509158254895,50.2,,,26.816509158254895,,Healthy,T.J. Sheffield: score driven by no third-down target role; also stable coaching context,,,
831,Charlie Woerner,ATL,TE,,,22.414482559113694,55.30770410746731,,,28.369979481310228,,Healthy,Charlie Woerner: score driven by target share trend ASCENDING; also no third-down target role,,,
832,Harrison Bryant,HOU,TE,,,22.333932550231,40.54337784858617,,,28.275214764977648,,Questionable,Harrison Bryant: score driven by garbage-time inflation 75%; also third-down target share 2%,,,
833,Pokey Wilson,NYJ,WR,,,22.549758371905433,50.2,,,26.549758371905433,,Healthy,Pokey Wilson: score driven by no third-down target role; also stable coaching context,,,
834,Trenton Irwin,NYJ,WR,,,22.549758371905433,50.2,,,26.549758371905433,,Healthy,Trenton Irwin: score driven by no third-down target role; also stable coaching context,,,
835,Jamaal Pritchett,NYJ,WR,,,22.549758371905433,50.2,,,26.549758371905433,,Healthy,Jamaal Pritchett: score driven by no third-down target role; also stable coaching context,,,
836,Dymere Miller,NYJ,WR,,,22.549758371905433,50.2,,,26.549758371905433,,Healthy,Dymere Miller: score driven by no third-down target role; also stable coaching context,,,
837,Irvin Charles,NYJ,WR,,,22.549758371905433,50.2,,,26.549758371905433,,Healthy,Irvin Charles: score driven by no third-down target role; also stable coaching context,,,
838,Albert Okwuegbunam,LV,TE,,,22.190257816271654,38.14653165170992,,,26.190257816271654,,Healthy,Albert Okwuegbunam: score driven by garbage-time inflation 100%; also third-down target share 1%,,,
839,Isaiah Hodgins,NYG,WR,,,22.508428168221734,45.30084456572497,,,28.480503727319686,,Healthy,Isaiah Hodgins: score driven by third-down target share 5%; also YPRR 6.05 (p30 at WR),,,
840,Durham Smythe,CHI,TE,,,21.929464567876934,47.54827956989247,,,27.799370079855215,,Questionable,Durham Smythe: score driven by YPRR 4.00 (p17 at TE); also +5% script boost (11-win team),,,
841,Russell Wilson,NYG,QB,,,33.249746016121634,46.80701754385965,,,41.11734825426075,,Healthy,Russell Wilson: score driven by garbage-time inflation 78%; also stable coaching context,,,
842,Braxton Berrios,HOU,WR,,,22.194329027094884,44.89084598865711,,,28.110975325993984,,Healthy,Braxton Berrios: score driven by third-down target share 1%; also YPRR 4.62 (p14 at WR),,,
843,Will Dissly,LAC,TE,,,21.750357646173054,53.000403316452946,,,27.58865605432124,,Healthy,Will Dissly: score driven by third-down target share 3%; also +5% script boost (11-win team),,,
844,Jalin Hyatt,NYG,WR,,,22.081196532098094,41.42382637005337,,,27.977878273056582,,Questionable,Jalin Hyatt: score driven by YPRR 2.50 (p4 at WR); also third-down target share 2%,,,
845,Julius Chestnut,TEN,RB,,,17.8287861388833,58.314768939324935,,,24.975042516333293,,Healthy,"Julius Chestnut: score driven by age cliff none (age 25, 0%); also RB committee risk LOW (HHI 0.59)",,,
846,David Moore,CAR,WR,,,21.890661448280547,52.455639303029805,,,27.753719350918292,,Questionable,David Moore: score driven by clean neutral-script profile (inflation 0%); also YPRR 5.00 (p18 at WR),,,
847,Calvin Ridley,TEN,WR,,,21.640663608636167,48.0678710299429,,,29.459604245454315,,Questionable,Calvin Ridley: score driven by garbage-time inflation 67%; also third-down target share 8%,,,
848,Mason Tipton,NO,WR,,,21.573976487579788,44.01320832750398,,,29.3811488089174,,Healthy,Mason Tipton: score driven by third-down target share 3%; also YPRR 4.47 (p12 at WR),,,
849,Cade Stover,HOU,TE,,,21.208133917221097,45.09035408722285,,,26.950745784965996,,Healthy,Cade Stover: score driven by third-down target share 1%; also YPRR 4.33 (p21 at TE),,,
850,Josh Johnson,WAS,QB,,,32.58421840499909,55.578947368421055,,,40.33437459411658,,Healthy,Josh Johnson: score driven by stable coaching context; also age cliff N/A for position,,,
851,Khalil Herbert,NYJ,RB,,,16.97592640389303,53.14171859150847,,,23.971678122227097,,Questionable,Khalil Herbert: score driven by garbage-time inflation 100%; also RB committee risk LOW (HHI 0.55),,,
852,Jeremy Ruckert,NYJ,TE,,,20.703507435743372,46.431514602354596,,,24.703507435743372,,Healthy,Jeremy Ruckert: score driven by third-down target share 3%; also garbage-time inflation 72%,,,
853,Kene Nwangwu,NYJ,RB,,,16.641753016796258,53.12606868569772,,,23.578532960936776,,Healthy,Kene Nwangwu: score driven by garbage-time inflation 100%; also RB committee risk LOW (HHI 0.55),,,
854,Ian Thomas,LV,TE,,,20.407049673321453,48.83606550495345,,,28.008293733319356,,Healthy,Ian Thomas: score driven by garbage-time inflation 77%; also third-down target share 2%,,,
855,Brycen Tremayne,CAR,WR,,,20.502923115200513,48.88052620764652,,,26.121086017882956,,Healthy,Brycen Tremayne: score driven by third-down target share 6%; also garbage-time inflation 63%,,,
856,Dillon Gabriel,CLE,QB,,,31.4669635657757,53.69924812030075,,,35.4669635657757,,Healthy,Dillon Gabriel: score driven by stable coaching context; also garbage-time inflation 43%,,,
857,Foster Moreau,NO,TE,,,19.91006465590569,52.50094549499444,,,27.423605477536107,,Healthy,Foster Moreau: score driven by clean neutral-script profile (inflation 10%); also no third-down target role,,,
858,Caden Prieskorn,CLE,TE,,,19.909408714951475,49.6,,,23.909408714951475,,Healthy,Caden Prieskorn: score driven by no third-down target role; also stable coaching context,,,
859,Mitch Van Vooren,CLE,TE,,,19.909408714951475,49.6,,,23.909408714951475,,Healthy,Mitch Van Vooren: score driven by no third-down target role; also stable coaching context,,,
860,David Njoku,CLE,TE,,,19.847343786317534,48.12980414746544,,,25.57319976773645,,Out,David Njoku: score driven by third-down target share 10%; also stable coaching context,,,
861,Lil'Jordan Humphrey,NYG,WR,,,20.16372320881955,45.884045956463936,,,25.72202730449359,,Healthy,Lil'Jordan Humphrey: score driven by third-down target share 4%; also YPRR 5.88 (p27 at WR),,,
862,Chase Cota,CLE,WR,,,19.909408714951475,49.6,,,23.909408714951475,,Healthy,Chase Cota: score driven by no third-down target role; also stable coaching context,,,
863,Cade McDonald,CLE,WR,,,19.909408714951475,49.6,,,23.909408714951475,,Healthy,Cade McDonald: score driven by no third-down target role; also stable coaching context,,,
864,Luke Floriea,CLE,WR,,,19.909408714951475,49.6,,,23.909408714951475,,Healthy,Luke Floriea: score driven by no third-down target role; also stable coaching context,,,
865,David Bell,CLE,WR,,,19.909408714951475,49.6,,,23.909408714951475,,Healthy,David Bell: score driven by no third-down target role; also stable coaching context,,,
866,Kaden Davis,CLE,WR,,,19.909408714951475,49.6,,,23.909408714951475,,Healthy,Kaden Davis: score driven by no third-down target role; also stable coaching context,,,
867,DeAndre Carter,CLE,WR,,,19.909408714951475,49.6,,,23.909408714951475,,Healthy,DeAndre Carter: score driven by no third-down target role; also stable coaching context,,,
868,Diontae Johnson,CLE,WR,,,19.909408714951475,49.6,,,23.909408714951475,,Healthy,Diontae Johnson: score driven by no third-down target role; also stable coaching context,,,
869,Ben Sims,MIN,TE,,,19.49688804283421,44.14050435227855,,,24.93751534451084,,Healthy,Ben Sims: score driven by garbage-time inflation 67%; also YPRR 5.00 (p29 at TE),,,
870,Tyler Johnson,NYJ,WR,,,19.756901312714266,49.14473291675445,,,27.243413309075606,,Healthy,Tyler Johnson: score driven by YPRR 10.94 (p90 at WR); also third-down target share 4%,,,
871,Ray-Ray McCloud,NYG,WR,,,19.750527810745503,44.64609475181634,,,25.235915071465296,,Out,Ray-Ray McCloud: score driven by third-down target share 4%; also YPRR 4.60 (p14 at WR),,,
872,Mason Rudolph,PIT,QB,,,30.77081013898328,46.18796992481203,,,38.200953104686214,,Healthy,Mason Rudolph: score driven by garbage-time inflation 86%; also stable coaching context,,,
873,Xavier Restrepo,TEN,WR,,,19.687931693509437,35.955921112839754,,,23.687931693509437,,Healthy,Xavier Restrepo: score driven by garbage-time inflation 100%; also third-down target share 1%,,,
874,Tucker Fisk,LAC,TE,,,19.16587490618166,54.52072919490377,,,24.5480881249196,,Questionable,Tucker Fisk: score driven by YPRR 4.43 (p22 at TE); also +5% script boost (11-win team),,,
875,Chris Manhertz,NYG,TE,,,19.05282473246915,37.370161290322585,,,24.415087920551944,,Healthy,Chris Manhertz: score driven by garbage-time inflation 100%; also YPRR 3.50 (p12 at TE),,,
876,Alex Bachman,LV,WR,,,19.350049649756397,39.5547664003057,,,26.764764293831057,,Healthy,Alex Bachman: score driven by third-down target share 2%; also YPRR 4.00 (p9 at WR),,,
877,David Martin-Robinson,TEN,TE,,,18.94927605541106,44.612495598389394,,,26.293265947542427,,Healthy,David Martin-Robinson: score driven by third-down target share 1%; also garbage-time inflation 67%,,,
878,James Proche,TEN,WR,,,18.991113982898,38.39709094817403,,,26.342487038703528,,Healthy,James Proche: score driven by garbage-time inflation 83%; also third-down target share 3%,,,
879,Mason Kinsey,TEN,WR,,,18.839462743094277,56.09507130832311,,,26.164073815405033,,Healthy,Mason Kinsey: score driven by third-down target share 1%; also YPRR 12.00 (p94 at WR),,,
880,Quentin Skinner,NYJ,WR,,,18.790843231265082,34.61621356502242,,,22.790843231265082,,Healthy,Quentin Skinner: score driven by garbage-time inflation 100%; also third-down target share 1%,,,
881,Josh Reynolds,NYJ,WR,,,18.566223837225174,44.12334302675535,,,25.84261627908844,,Out,Josh Reynolds: score driven by YPRR 4.59 (p13 at WR); also third-down target share 5%,,,
882,Sal Cannella,CLE,TE,,,18.196035838315442,48.306550362080316,,,22.196035838315442,,Healthy,Sal Cannella: score driven by third-down target share 1%; also YPRR 2.20 (p8 at TE),,,
883,Allen Lazard,NYJ,WR,,,18.323923517906387,37.00632539676568,,,25.557557079889868,,Questionable,Allen Lazard: score driven by garbage-time inflation 89%; also YPRR 3.89 (p8 at WR),,,
884,Jelani Woods,NYJ,TE,,,17.58564546867963,38.1524741556614,,,21.58564546867963,,Out,Jelani Woods: score driven by YPRR 1.33 (p6 at TE); also third-down target share 1%,,,
885,Stone Smartt,NYJ,TE,,,17.183771313861488,37.44616935483871,,,24.216201545719397,,Healthy,Stone Smartt: score driven by garbage-time inflation 100%; also third-down target share 2%,,,
886,Chris Oladokun,KC,QB,,,28.199199159114194,50.31578947368421,,,31.17552842248729,,Healthy,Chris Oladokun: score driven by garbage-time inflation 60%; also stable coaching context,,,
887,Gage Larvadain,CLE,WR,,,17.119473660743452,38.44247094353437,,,21.119473660743452,,Questionable,Gage Larvadain: score driven by garbage-time inflation 75%; also third-down target share 3%,,,
888,Bryce Oliver,TEN,WR,,,17.098906097032593,43.69484304932735,,,24.11636011415599,,Questionable,Bryce Oliver: score driven by garbage-time inflation 100%; also no third-down target role,,,
889,Isaiah Williams,NYJ,WR,,,16.305983976738982,44.85297174911043,,,23.183510560869394,,Healthy,Isaiah Williams: score driven by garbage-time inflation 85%; also YPRR 5.36 (p21 at WR),,,
890,Malachi Corley,CLE,WR,,,15.762820622781316,48.50216110958584,,,19.762820622781316,,Questionable,Malachi Corley: score driven by third-down target share 3%; also YPRR 5.64 (p23 at WR),,,
891,Blake Whiteheart,CLE,TE,,,14.714441886962447,40.71827518104016,,,21.31110810230876,,Healthy,Blake Whiteheart: score driven by YPRR 0.67 (p4 at TE); also third-down target share 1%,,,
892,Jamari Thrash,CLE,WR,,,14.228483139340096,42.73798389310882,,,20.739391928635406,,Healthy,Jamari Thrash: score driven by third-down target share 1%; also garbage-time inflation 67%,,,
893,Logan Woodside,ARI,QB,,,24.45278450363196,55.15789473684211,,,26.45278450363196,,Healthy,Logan Woodside: score driven by stable coaching context; also age cliff N/A for position,,,
894,Kedon Slovis,ARI,QB,,,24.45278450363196,55.15789473684211,,,26.45278450363196,,Healthy,Kedon Slovis: score driven by stable coaching context; also age cliff N/A for position,,,
895,Shane Buechele,KC,QB,,,22.129049575305338,62.15789473684211,,,20.129049575305338,,Healthy,Shane Buechele: score driven by clean neutral-script profile (inflation 0%); also stable coaching context,,,
896,Brady Cook,NYJ,QB,,,21.38023320369173,44.255060728744944,,,25.38023320369173,,Healthy,Brady Cook: score driven by garbage-time inflation 92%; also stable coaching context,,,
897,Dresser Winn,LA,QB,,,21.238151197976723,57.78947368421053,,,17.238151197976723,,Healthy,Dresser Winn: score driven by stable coaching context; also team win total 12,,,
898,Stetson Bennett,LA,QB,,,21.238151197976723,57.78947368421053,,,17.238151197976723,,Healthy,Stetson Bennett: score driven by stable coaching context; also team win total 12,,,
899,Malik Willis,GB,QB,,,20.742717454345645,56.588516746411486,,,22.403197005112524,,Questionable,Malik Willis: score driven by stable coaching context; also age cliff N/A for position,,,
900,Joe Milton III,DAL,QB,,,20.725465007995105,50.31578947368421,,,20.382900009406008,,Healthy,Joe Milton III: score driven by garbage-time inflation 60%; also stable coaching context,,,
901,Teddy Bridgewater,TB,QB,,,19.00492895232014,42.42105263157895,,,17.00492895232014,,Healthy,Teddy Bridgewater: score driven by garbage-time inflation 100%; also stable coaching context,,,
902,Will Grier,DAL,QB,,,18.934958120786153,55.578947368421055,,,14.934958120786153,,Healthy,Will Grier: score driven by stable coaching context; also age cliff N/A for position,,,
903,Tanner Mordecai,SF,QB,,,18.908305001681924,57.78947368421053,,,16.908305001681924,,Healthy,Tanner Mordecai: score driven by stable coaching context; also team win total 12,,,
904,Kurtis Rourke,SF,QB,,,18.908305001681924,57.78947368421053,,,16.908305001681924,,Out,Kurtis Rourke: score driven by stable coaching context; also team win total 12,,,
905,Kenny Pickett,LV,QB,,,18.857495465854914,46.684210526315795,,,26.185288783358722,,Healthy,Kenny Pickett: score driven by garbage-time inflation 80%; also stable coaching context,,,
906,Trey Lance,LAC,QB,,,18.47727997551838,43.8421052631579,,,23.73797644178633,,Healthy,Trey Lance: score driven by garbage-time inflation 100%; also stable coaching context,,,
907,Adrian Martinez,SF,QB,,,18.472469650592334,44.631578947368425,,,16.472469650592334,,Healthy,Adrian Martinez: score driven by garbage-time inflation 100%; also stable coaching context,,,
908,Connor Bazelak,TB,QB,,,18.423815150867355,55.578947368421055,,,16.423815150867355,,Healthy,Connor Bazelak: score driven by stable coaching context; also age cliff N/A for position,,,
909,Sean Clifford,CIN,QB,,,17.970939974970754,55.89473684210527,,,15.970939974970754,,Healthy,Sean Clifford: score driven by stable coaching context; also age cliff N/A for position,,,
910,Payton Thorne,CIN,QB,,,17.970939974970754,55.89473684210527,,,15.970939974970754,,Healthy,Payton Thorne: score driven by stable coaching context; also age cliff N/A for position,,,
911,Brett Rypien,CIN,QB,,,17.970939974970754,55.89473684210527,,,15.970939974970754,,Healthy,Brett Rypien: score driven by stable coaching context; also age cliff N/A for position,,,
912,Gardner Minshew,KC,QB,,,17.513081969518012,45.71052631578947,,,18.60362584649178,,Healthy,Gardner Minshew: score driven by garbage-time inflation 83%; also stable coaching context,,,
913,Aidan O'Connell,LV,QB,,,17.068558592719953,62.473684210526315,,,24.080657167905827,,Out,Aidan O'Connell: score driven by clean neutral-script profile (inflation 0%); also stable coaching context,,,
914,Max Brosmer,MIN,QB,,,16.896937488677956,54.17293233082707,,,18.896937488677956,,Healthy,Max Brosmer: score driven by stable coaching context; also garbage-time inflation 43%,,,
915,Jimmy Garoppolo,LA,QB,,,16.81756169019305,44.631578947368425,,,15.785366694344763,,Questionable,Jimmy Garoppolo: score driven by garbage-time inflation 100%; also stable coaching context,,,
916,Jarrett Stidham,DEN,QB,,,16.289598311428836,61.05263157894737,,,17.164233307563336,,Healthy,Jarrett Stidham: score driven by stable coaching context; also team win total 14,,,
917,John Wolford,MIN,QB,,,16.212053365537177,56.05263157894737,,,18.212053365537177,,Healthy,John Wolford: score driven by stable coaching context; also age cliff N/A for position,,,
918,Cooper Rush,BAL,QB,,,15.976309804166922,42.73684210526316,,,14.795658593137556,,Healthy,Cooper Rush: score driven by garbage-time inflation 100%; also stable coaching context,,,
919,Mitchell Trubisky,BUF,QB,,,14.868901695522553,44.631578947368425,,,13.492825524144179,,Healthy,Mitchell Trubisky: score driven by garbage-time inflation 100%; also stable coaching context,,,
920,Mike White,CAR,QB,,,14.845112206324213,55.578947368421055,,,16.845112206324213,,Healthy,Mike White: score driven by stable coaching context; also age cliff N/A for position,,,
921,Bryce Perkins,CAR,QB,,,14.845112206324213,55.578947368421055,,,16.845112206324213,,Healthy,Bryce Perkins: score driven by stable coaching context; also age cliff N/A for position,,,
922,Jack Plummer,CAR,QB,,,14.845112206324213,55.578947368421055,,,16.845112206324213,,Healthy,Jack Plummer: score driven by stable coaching context; also age cliff N/A for position,,,
923,Sam Ehlinger,DEN,QB,,,14.370044445577864,58.421052631578945,,,12.370044445577864,,Healthy,Sam Ehlinger: score driven by stable coaching context; also team win total 14,,,
924,Ben DiNucci,DEN,QB,,,14.370044445577864,58.421052631578945,,,12.370044445577864,,Healthy,Ben DiNucci: score driven by stable coaching context; also team win total 14,,,
925,Jason Bean,IND,QB,,,13.836060495641098,55.89473684210527,,,11.836060495641098,,Healthy,Jason Bean: score driven by stable coaching context; also age cliff N/A for position,,,
926,Seth Henigan,IND,QB,,,13.836060495641098,55.89473684210527,,,11.836060495641098,,Healthy,Seth Henigan: score driven by stable coaching context; also age cliff N/A for position,,,
927,Skylar Thompson,PIT,QB,,,13.796617697643114,56.526315789473685,,,15.796617697643114,,Questionable,Skylar Thompson: score driven by stable coaching context; also age cliff N/A for position,,,
928,Will Howard,PIT,QB,,,13.796617697643114,56.526315789473685,,,15.796617697643114,,Questionable,Will Howard: score driven by stable coaching context; also age cliff N/A for position,,,
929,Clayton Tune,GB,QB,,,13.611361522142253,43.131578947368425,,,14.013366496637946,,Healthy,Clayton Tune: score driven by garbage-time inflation 100%; also stable coaching context,,,
930,Taysom Hill,NO,QB,,,12.608432048130126,51.3710707210894,,,16.608432048130126,,Healthy,Taysom Hill: score driven by stable coaching context; also third-down target share 3%,,,
931,Andy Dalton,CAR,QB,,,12.433115351162504,46.36842105263158,,,16.627194530779416,,Questionable,Andy Dalton: score driven by garbage-time inflation 80%; also stable coaching context,,,
932,Tommy DeVito,NE,QB,,,12.272212626231962,58.421052631578945,,,10.272212626231962,,Healthy,Tommy DeVito: score driven by stable coaching context; also team win total 14,,,
933,Ben Wooldridge,NE,QB,,,12.272212626231962,58.421052631578945,,,10.272212626231962,,Healthy,Ben Wooldridge: score driven by stable coaching context; also team win total 14,,,
934,Taylor Heinicke,LAC,QB,,,12.036051609855251,57.0,,,14.036051609855251,,Healthy,Taylor Heinicke: score driven by stable coaching context; also team win total 11,,,
935,DJ Uiagalelei,LAC,QB,,,12.036051609855251,57.0,,,14.036051609855251,,Healthy,DJ Uiagalelei: score driven by stable coaching context; also team win total 11,,,
936,Graham Mertz,HOU,QB,,,11.795280016796042,57.473684210526315,,,13.795280016796042,,Healthy,Graham Mertz: score driven by stable coaching context; also team win total 12,,,
937,Zach Wilson,MIA,QB,,,11.58776304366392,42.42105263157895,,,13.58776304366392,,Questionable,Zach Wilson: score driven by garbage-time inflation 100%; also stable coaching context,,,
938,Jalen Milroe,SEA,QB,,,11.581839994915196,58.421052631578945,,,9.581839994915196,,Healthy,Jalen Milroe: score driven by stable coaching context; also team win total 14,,,
939,Anthony Richardson,IND,QB,,,11.575421397081858,42.73684210526316,,,11.618142820096303,,Out,Anthony Richardson: score driven by garbage-time inflation 100%; also stable coaching context,,,
940,Trevor Siemian,TEN,QB,,,11.514570838770023,55.89473684210527,,,13.514570838770023,,Healthy,Trevor Siemian: score driven by stable coaching context; also age cliff N/A for position,,,
941,Will Levis,TEN,QB,,,11.514570838770023,55.89473684210527,,,13.514570838770023,,Healthy,Will Levis: score driven by stable coaching context; also age cliff N/A for position,,,
942,Cam Miller,MIA,QB,,,11.478804205891523,55.578947368421055,,,13.478804205891523,,Healthy,Cam Miller: score driven by stable coaching context; also age cliff N/A for position,,,
943,Taylor Elgersma,GB,QB,,,11.001259959107681,56.28947368421053,,,9.001259959107681,,Healthy,Taylor Elgersma: score driven by stable coaching context; also age cliff N/A for position,,,
944,Desmond Ridder,GB,QB,,,11.001259959107681,56.28947368421053,,,9.001259959107681,,Healthy,Desmond Ridder: score driven by stable coaching context; also age cliff N/A for position,,,
945,Carter Bradley,JAX,QB,,,10.686949128367413,58.26315789473684,,,8.686949128367413,,Healthy,Carter Bradley: score driven by stable coaching context; also team win total 13,,,
946,Dorian Thompson-Robinson,PHI,QB,,,10.457362861266645,57.31578947368421,,,8.457362861266645,,Healthy,Dorian Thompson-Robinson: score driven by stable coaching context; also team win total 11,,,
947,Kyle McCord,PHI,QB,,,10.457362861266645,57.31578947368421,,,8.457362861266645,,Healthy,Kyle McCord: score driven by stable coaching context; also team win total 11,,,
948,Sam Howell,PHI,QB,,,10.457362861266645,57.31578947368421,,,8.457362861266645,,Healthy,Sam Howell: score driven by stable coaching context; also team win total 11,,,
949,C.J. Beathard,DET,QB,,,10.165294651155964,56.36842105263158,,,6.165294651155965,,Healthy,C.J. Beathard: score driven by stable coaching context; also age cliff N/A for position,,,
950,Joshua Dobbs,NE,QB,,,9.96830567176448,45.26315789473684,,,9.727418437369977,,Healthy,Joshua Dobbs: score driven by garbage-time inflation 100%; also stable coaching context,,,
951,Brandon Allen,TEN,QB,,,9.78738521295452,55.89473684210527,,,13.514570838770023,,Healthy,Brandon Allen: score driven by stable coaching context; also age cliff N/A for position,,,
952,Devin Leary,BAL,QB,,,9.676830932512264,55.89473684210527,,,5.676830932512265,,Healthy,Devin Leary: score driven by stable coaching context; also age cliff N/A for position,,,
953,Tanner McKee,PHI,QB,,,9.629678528928949,49.0921052631579,,,9.329033563445822,,Healthy,Tanner McKee: score driven by garbage-time inflation 75%; also stable coaching context,,,
954,Easton Stick,ATL,QB,,,9.61825809603241,55.89473684210527,,,11.61825809603241,,Healthy,Easton Stick: score driven by stable coaching context; also age cliff N/A for position,,,
955,Kyle Trask,ATL,QB,,,9.61825809603241,55.89473684210527,,,11.61825809603241,,Healthy,Kyle Trask: score driven by stable coaching context; also age cliff N/A for position,,,
956,Emory Jones,ATL,QB,,,9.61825809603241,55.89473684210527,,,11.61825809603241,,Healthy,Emory Jones: score driven by stable coaching context; also age cliff N/A for position,,,
957,Jake Haener,NO,QB,,,8.786491277036813,55.15789473684211,,,12.786491277036813,,Healthy,Jake Haener: score driven by stable coaching context; also age cliff N/A for position,,,
958,Hunter Dekkers,NO,QB,,,8.786491277036813,55.15789473684211,,,12.786491277036813,,Healthy,Hunter Dekkers: score driven by stable coaching context; also age cliff N/A for position,,,
959,Derek Carr,NO,QB,,,8.786491277036813,55.15789473684211,,,12.786491277036813,,Healthy,Derek Carr: score driven by stable coaching context; also age cliff N/A for position,,,
960,Hendon Hooker,NYJ,QB,,,8.77253227973752,55.89473684210527,,,12.77253227973752,,Healthy,Hendon Hooker: score driven by stable coaching context; also age cliff N/A for position,,,
961,Jordan Travis,NYJ,QB,,,8.77253227973752,55.89473684210527,,,12.77253227973752,,Healthy,Jordan Travis: score driven by stable coaching context; also age cliff N/A for position,,,
962,Drew Lock,SEA,QB,,,8.733183850399465,45.26315789473684,,,8.27433394164643,,Healthy,Drew Lock: score driven by garbage-time inflation 100%; also stable coaching context,,,
963,Nick Mullens,JAX,QB,,,8.342986662260001,45.10526315789474,,,7.815278426188238,,Healthy,Nick Mullens: score driven by garbage-time inflation 100%; also stable coaching context,,,
964,Kyle Allen,DET,QB,,,8.084810380843345,43.21052631578948,,,5.511541624521582,,Healthy,Kyle Allen: score driven by garbage-time inflation 100%; also stable coaching context,,,
965,Bailey Zappe,CLE,QB,,,7.353894887051634,55.578947368421055,,,11.353894887051634,,Healthy,Bailey Zappe: score driven by stable coaching context; also age cliff N/A for position,,,
966,Deshaun Watson,CLE,QB,,,7.353894887051634,55.578947368421055,,,11.353894887051634,,Out,Deshaun Watson: score driven by stable coaching context; also age cliff N/A for position,,,
967,Jeff Driskel,WAS,QB,,,7.264325849107577,55.578947368421055,,,9.264325849107577,,Healthy,Jeff Driskel: score driven by stable coaching context; also age cliff N/A for position,,,
968,Sam Hartman,WAS,QB,,,7.264325849107577,55.578947368421055,,,9.264325849107577,,Healthy,Sam Hartman: score driven by stable coaching context; also age cliff N/A for position,,,
969,Tyson Bagent,CHI,QB,,,5.471156956576088,43.8421052631579,,,8.436655243030692,,Healthy,Tyson Bagent: score driven by garbage-time inflation 100%; also stable coaching context,,,
970,Austin Reed,CHI,QB,,,4.911231514217134,57.0,,,6.911231514217134,,Healthy,Austin Reed: score driven by stable coaching context; also team win total 11,,,
971,Case Keenum,CHI,QB,,,4.911231514217134,57.0,,,6.911231514217134,,Healthy,Case Keenum: score driven by stable coaching context; also team win total 11,,,
